Reference No.,Tendering Procedure,Title or Scope,Contractor(s) and Address(es),Item/Quantity,Awarded Amount,Date Awarded,Source_File,Year,Source_Month,Source_URL
1125,Selective,Police Sports & Recreation Club Enhancement Works,"Sun Fook Kong Construction LtdRoom 3207-10, 32/F, Great Eagle Centre,23 Harbour Road,Wanchsi,Hong Kong.",1 Job,"HK$297,000,000",13 Dec 2013,MTR_Tender_Dec13_table1.csv,2013,Dec13,https://www.mtr.com.hk/en/corporate/tenders/Dec13.html
1151,Limited,Rolling Stock Modification and New Train Cars for SCL Phase 1,"Itochu-Kinki Sharyo-Kawasaki Consortium28th Floor, United Centre,95 Queensway,Hong Kong.",Not Applicable,"HK$1,643,176,041",11 Dec 2013,MTR_Tender_Dec13_table1.csv,2013,Dec13,https://www.mtr.com.hk/en/corporate/tenders/Dec13.html
1141A,Selective,New Rolling Stock for SCL Phase 1,"Changchun Railway Vehicles Co., Ltd.No. 435 Qingyin Road,Changchun 130062,China.",Not Applicable,"HK$833,351,574",11 Dec 2013,MTR_Tender_Dec13_table1.csv,2013,Dec13,https://www.mtr.com.hk/en/corporate/tenders/Dec13.html
M1057-13E,Selective,Maintenance Services for UPS and CBS,"Schneider Electric IT Hong Kong Ltd13/F., East Wing, Warwick House,Tai Koo Place,979 King's Road,Quarry Bay, Hong Kong.",Not Applicable,"HK$19,954,788",23 Dec 2013,MTR_Tender_Dec13_table1.csv,2013,Dec13,https://www.mtr.com.hk/en/corporate/tenders/Dec13.html
M1068-13E,Selective,"Maintenance Services for ECS and SBCS for AEL, TCL and DRL","Thales Transport & Security (Hong Kong) LtdUnit 908-909, New Kowloon Plaza,38 Tai Kok Tsui Road,Kowloon, Hong Kong.",Not Applicable,"HK$3,635,232",24 Dec 2013,MTR_Tender_Dec13_table1.csv,2013,Dec13,https://www.mtr.com.hk/en/corporate/tenders/Dec13.html
M1069-13C(A),Selective,Maintenance Services for Landscaping (Package A),"Melofield Nursery and Landscaping Contractor LtdBlock B, Room 1402, 14/F, Hop Yick Plaza,No. 2 Mun Tan Street,Yuen Long,New Territories, Hong Kong.",Not Applicable,"HK$16,880,613",31 Dec 2013,MTR_Tender_Dec13_table1.csv,2013,Dec13,https://www.mtr.com.hk/en/corporate/tenders/Dec13.html
M1069-13C(B),Selective,Maintenance Services for Landscaping (Package B),"C.K. Garden Co. LtdUnit B22, Block B, 6/F., Cambridge Plaza,188 San Wan Road,Sheung Shui,New Territories, Hong Kong.",Not Applicable,"HK$8,978,082",24 Dec 2013,MTR_Tender_Dec13_table1.csv,2013,Dec13,https://www.mtr.com.hk/en/corporate/tenders/Dec13.html
M1069-13C(C),Selective,Maintenance Services for Landscaping (Package C),"City Landscaping Co. LtdB8, 1/F., Block B, Sheung Shui Plaza,3 Ka Fu Close,Yuen Long,New Territories, Hong Kong.",Not Applicable,"HK$11,572,170",30 Dec 2013,MTR_Tender_Dec13_table1.csv,2013,Dec13,https://www.mtr.com.hk/en/corporate/tenders/Dec13.html
M1070-13C,Selective,Ecological Monitoring and Adaptive Management Services for Lok Ma Chau and West Rail Wetlands,"AEC LimitedRm 121-127 Commercial Centre,Palm Springs,Yuen Long,New Territories, Hong Kong.",Not Applicable,Not Disclose,23 Dec 2013,MTR_Tender_Dec13_table1.csv,2013,Dec13,https://www.mtr.com.hk/en/corporate/tenders/Dec13.html
1155,Selective,Shatin to Central Link: Power Supply System and Trackside Auxiliaries for SCL Phase 1,"GTECH-KUM SHING Joint VentureRoom 2403-08, 24/F, C C Wu Building,302-308 Hennessy Road,Wanchai,Hong Kong.",Not Applicable,"HK$203,380,000",5 Jun 2013,MTR_Tender_Jun13_table1.csv,2013,Jun13,https://www.mtr.com.hk/en/corporate/tenders/Jun13.html
C3745-12E,Selective,"Replacement of Passenger Information Display System in ISL, KTL and TWL","Itochu Hong Kong Ltd28/F, United Centre,95 Queensway,Admiralty,Hong Kong.",Not Applicable,"HK$69,600,000",4 Jun 2013,MTR_Tender_Jun13_table1.csv,2013,Jun13,https://www.mtr.com.hk/en/corporate/tenders/Jun13.html
815F,Selective,Public Toilet Fit-Out Works for West Kowloon Terminus,"Wan Chung Construction Co LtdFlat 2A, Fuk On Building,1123 Canton Road,Mongkok,Kowloon, Hong Kong.ã",Not Applicable,"HK$53,100,357",04 Sep 2013,MTR_Tender_Sep13_table1.csv,2013,Sep13,https://www.mtr.com.hk/en/corporate/tenders/Sep13.html
1172,Selective,Escalators for SCL Phase 1,"ThyssenKrupp Elevator (HK) LtdUnits 605-606, Hilder Centre,2 Sung Ping Street,Hunghom,Kowloon, Hong Kong.ã",Not Applicable,"HK$180,438,081",05 Sep 2013,MTR_Tender_Sep13_table1.csv,2013,Sep13,https://www.mtr.com.hk/en/corporate/tenders/Sep13.html
AiSA/053,Limited,Provision of Artwork at Kennedy Town Station,"Mr. Lao U KeiRoom 2219, Hin Yeung House,Hin Keng Estate,Shatin,New Territories, Hong Kong.ã",Not Applicable,"HK$1,070,000",19 Sep 2013,MTR_Tender_Sep13_table1.csv,2013,Sep13,https://www.mtr.com.hk/en/corporate/tenders/Sep13.html
Q027111,Selective,Supply of Power Cables and Tinned Copper Tape,"Keystone Electric Wire & Cable Co LtdDD 83, No. 110,Kwan Ti North Village,Fanling,New Territories, Hong Kong.ã",Not Applicable,"HK$7,166,380",11 Sep 2013,MTR_Tender_Sep13_table1.csv,2013,Sep13,https://www.mtr.com.hk/en/corporate/tenders/Sep13.html
Q027334,Selective,"Renovation Works for The Edge, Tseung Kwan O","Sun Fook Kong Construction LtdRoom 3207-10, Great Eagle Centre,23 Harbour Road,Wanchai,Hong Kong.ã",Not Applicable,"HK$17,821,333",11 Sep 2013,MTR_Tender_Sep13_table1.csv,2013,Sep13,https://www.mtr.com.hk/en/corporate/tenders/Sep13.html
Q028541,Selective,Provision of Dental Services,"Bayley & Jackson Dental Surgeons LtdPodium Level, 2/F, Room 210-216, Jardine House,1 Connaught Place,Central,Hong Kong.ã",Not Applicable,Not Disclosed,27 Sep 2013,MTR_Tender_Sep13_table1.csv,2013,Sep13,https://www.mtr.com.hk/en/corporate/tenders/Sep13.html
M1035-11E,Selective,Maintenance Services for Mimic Display Panel System in Tsing Yi OCC,"Media-Go Engineering Ltd25/F, Westin Centre,26 Hung To Road,Kwun Tong,Kowloon, Hong Kong.",Not Applicable,"HK$5,356,630",22 Feb 2013,MTR_Tender_Feb13_table1.csv,2013,Feb13,https://www.mtr.com.hk/en/corporate/tenders/Feb13.html
Q023860,Selective,"Supply, Installation & Maintenance of SAN Storage System","Global Technology Integrator Ltd8/F Yen Sheng Center,64 Hoi Yuen Road,Kwun Tong,Kowloon, Hong Kong.",1 Year,"HK$9,932,580",4 Feb 2013,MTR_Tender_Feb13_table1.csv,2013,Feb13,https://www.mtr.com.hk/en/corporate/tenders/Feb13.html
Q024365,Selective,Provision of Advertising Agency Services for Promotion Campaigns,"Two Hundred Ltd5/F, 13 Lan Fong Road,Causeway Bay,Hong Kong.",2 Years,Not Disclosed,8 Feb 2013,MTR_Tender_Feb13_table1.csv,2013,Feb13,https://www.mtr.com.hk/en/corporate/tenders/Feb13.html
812,Selective,Soft Landscaping Works for West Kowloon Terminus,"Yee Sun Garden LtdShop G903, G/F, Tung Hoi Mansion,8 Taikoo Shing Road,Taikoo Shing,Hong Kong.",Not Applicable,"HK$21,375,106",12 Aug 2013,MTR_Tender_Aug13_table1.csv,2013,Aug13,https://www.mtr.com.hk/en/corporate/tenders/Aug13.html
1153,Selective,Tunnel ECS for SCL Phase 1,"Shinryo Corporation5/F, Guardian House,32 Oi Kwan Road,Wanchai,Hong Kong.",Not Applicable,"HK$188,992,283",12 Aug 2013,MTR_Tender_Aug13_table1.csv,2013,Aug13,https://www.mtr.com.hk/en/corporate/tenders/Aug13.html
1169,Selective,Communications System for SCL Phase 1,"Siemens Limited22/F AIA Kowloon Tower,Landmark East,100 How Ming Street,Kwun Tong,Kowloon, Hong Kong.",Not Applicable,"HK$431,299,430",23 Aug 2013,MTR_Tender_Aug13_table1.csv,2013,Aug13,https://www.mtr.com.hk/en/corporate/tenders/Aug13.html
Q026834,Selective,Provision of Term Customer Service Personnel at Elements,"Worldwide Flight Services Holding S.A.Worldwide House 1501a,19 Des Voeux Road,Central,Hong Kong.",Not Applicable,"HK$54,240,744",08 Aug 2013,MTR_Tender_Aug13_table1.csv,2013,Aug13,https://www.mtr.com.hk/en/corporate/tenders/Aug13.html
K0444-12E,Selective,Procurement of 28 Double-decker Buses,"Alexander Dennis (Asia Pacific) Ltd3rd Floor, CAC Tower,165 Hoi Bun Road,Kwun Tong,Kowloon, Hong Kong.",28 Nos.,"HK$95,804,300",9 Jan 2013,MTR_Tender_Jan13_table1.csv,2013,Jan13,https://www.mtr.com.hk/en/corporate/tenders/Jan13.html
K0855-12E,Selective,Replacement of Light Rail Ticket Issuing Machines,"ERG Transit Systems (HK) LtdUnit A, 4/F, First Group Centre,14 Wang Tai Road,Kowloon Bay,Kowloon, Hong Kong.",Not Applicable,"HK$36,601,133",8 Jan 2013,MTR_Tender_Jan13_table1.csv,2013,Jan13,https://www.mtr.com.hk/en/corporate/tenders/Jan13.html
M1038-12E,Selective,Maintenance Services for Platform Screen Doors and Automatic Platform Gates in MTR (Packages A&B),"Gilgen Door Systems AG1121-1123 Hollywood Plaza,610 Nathan Road,Mongkok,Kowloon, Hong Kong.",Not Applicable,"HK$39,331,016",28 Jan 2013,MTR_Tender_Jan13_table1.csv,2013,Jan13,https://www.mtr.com.hk/en/corporate/tenders/Jan13.html
M1038-12E,Selective,Maintenance Services for Platform Screen Doors and Automatic Platform Gates in MTR (Packages C),"Otis Elevator Co (HK) LtdFlat 1501-07, 1511-16, 15/F, Cityplaza One,111 King's Road,Taikoo Shing,Hong Kong.",Not Applicable,"HK$15,332,987",28 Jan 2013,MTR_Tender_Jan13_table1.csv,2013,Jan13,https://www.mtr.com.hk/en/corporate/tenders/Jan13.html
M1038-12E,Selective,Maintenance Services for Platform Screen Doors and Automatic Platform Gates in MTR (Packages D),"Faiveley Transport Far East Ltd21/F,9 Des Voeux Road West,Sheung Wan,Hong Kong.",Not Applicable,"HK$19,538,230",28 Jan 2013,MTR_Tender_Jan13_table1.csv,2013,Jan13,https://www.mtr.com.hk/en/corporate/tenders/Jan13.html
Q022554,Selective,Overhead and Jib Cranes,"Associated Engineers Ltd23/F, Stelux House,698 Prince Edward Road East,San Po Kong,Kowloon, Hong Kong.",1 Job,"HK$3,590,100",8 Jan 2013,MTR_Tender_Jan13_table1.csv,2013,Jan13,https://www.mtr.com.hk/en/corporate/tenders/Jan13.html
C6591-13C,Selective,Provision of Lift Shaft at YMT,"Goldfield N & W Construction Co Ltd2/F, Air Goal Cargo Building,330 Kwun Tong Road,Kwun Tong,Kowloon, Hong Kong.",Not Applicable,"HK$60,880,000",11 May 2013,MTR_Tender_May13_table1.csv,2013,May13,https://www.mtr.com.hk/en/corporate/tenders/May13.html
K0109-11C,Selective,Station Commercial and Improvement Works at FOT,"Chun Wo Construction & Engineering Co Ltd5C, HK Spinners Industrial Bldg Phase 1,601-603 Tai Nan West Street,Cheung Sha Wan,Kowloon, Hong Kong.",Not Applicable,"HK$101,000,000",7 May 2013,MTR_Tender_May13_table1.csv,2013,May13,https://www.mtr.com.hk/en/corporate/tenders/May13.html
Q022102,Selective,Supply of Door Leaf for Trains,"Ultimate (Australia) Transportation Equipment Pty Ltd23 Carl Court, Hallam,Victoria, 3803,Australia.",1 Job,"HK$2,264,350",7 May 2013,MTR_Tender_May13_table1.csv,2013,May13,https://www.mtr.com.hk/en/corporate/tenders/May13.html
Q022937,Selective,Induction Heater for Rolling Stock Wheels,"Fulfil Trading Company LtdRoom 105, 1/F, Kai Wong Commercial Building,222-226 Queen's Road Central,Central,Hong Kong.",1 Job,"HK$6,066,288",9 May 2013,MTR_Tender_May13_table1.csv,2013,May13,https://www.mtr.com.hk/en/corporate/tenders/May13.html
Q024365,Selective,Provision of Advertising Agency Services for Branding Campaigns,"Abracadabra Communications LtdOffice H, 8/F, Causeway Tower,16-22 Causeway Road,Causeway Bay,Hong Kong.",2 Years,Not Disclosed,2 May 2013,MTR_Tender_May13_table1.csv,2013,May13,https://www.mtr.com.hk/en/corporate/tenders/May13.html
Q025910,Selective,Provision of News and Information on Infopanel in MTR Trains,"Hong Kong Commercial Broadcasting Co. Ltd.3 Broadcast Drive,Kowloon,Hong Kong.",Not Applicable,Not Disclosed,16 May 2013,MTR_Tender_May13_table1.csv,2013,May13,https://www.mtr.com.hk/en/corporate/tenders/May13.html
Q025497,Selective,Modificiation of Wagons as Trackwork and Overhead Line Work Trains for Shatin to Central Link,"The Jardine Engineering Corporation, Ltd5/F, Tower A, Manulife Financial Centre,222-231 Wai Yip Street,Kwun Tong,Kowloon, Hong Kong.ã",1 Job,"HK$13,819,900",05 Nov 2013,MTR_Tender_Nov13_table1.csv,2013,Nov13,https://www.mtr.com.hk/en/corporate/tenders/Nov13.html
Q027197ã,Selectiveã,Supply of Multi-function Network Printing/ Copying Devicesã,"Fuji Xerox (Hong Kong) Ltd8/F, Tower 3, Cityplaza,14 Taikoo Wan Road,Quarry Bay,Hong Kong.",Not Applicable,Not disclosed,15 Nov 2013,MTR_Tender_Nov13_table1.csv,2013,Nov13,https://www.mtr.com.hk/en/corporate/tenders/Nov13.html
Q028584ã,Selectiveã,"Provision of Free Recruitment Magazine in MTR Stations for ISL, KTL, TWL and TKL","Job Market Publishing Ltd3/F, Sing Tao News Corporation Building,3 Tung Wong Road,Shau Kei Wan,Hong Kong.ã",Not Applicable,Not disclosed,14 Nov 2013,MTR_Tender_Nov13_table1.csv,2013,Nov13,https://www.mtr.com.hk/en/corporate/tenders/Nov13.html
972,Selective,South Island Line (East): Rail Grinding Unit,"Linsinger Maschinenbau Gesellschaft m.b.H.Dr. Linsinger Strasse 23-24,4662 Steyrermühl,Austria.",Not Applicable,"HK$69,708,881",18 Mar 2013,MTR_Tender_Mar13_table1.csv,2013,Mar13,https://www.mtr.com.hk/en/corporate/tenders/Mar13.html
1107,Selective,Shatin to Central Link: Diamond Hill to Kai Tak Tunnels,"Chun Wo - SELI Joint Venture5C, Hong Kong Spinners Industrial Building Phase 1,601-603 Tai Nan West Street,Cheung Sha Wan,Kowloon, Hong Kong.",Not Applicable,"HK$1,067,338,000",7 Mar 2013,MTR_Tender_Mar13_table1.csv,2013,Mar13,https://www.mtr.com.hk/en/corporate/tenders/Mar13.html
1112,Selective,Shatin to Central Link: Hung Hom Station and Stabling Sidings,"Leighton Contractors (Asia) Ltd39/F, Sun Hung Kai Centre,30 Harbour Road,Wanchai,Hong Kong.",Not Applicable,"HK$5,241,356,085",7 Mar 2013,MTR_Tender_Mar13_table1.csv,2013,Mar13,https://www.mtr.com.hk/en/corporate/tenders/Mar13.html
Q024291,Selective,"Supply, Installation & Maintenance of Server Hardware","Microware Ltd1/F, Century Centre,44-46 Hung To Road,Kwun Tong,Kowloon, Hong Kong.",2 Years,"HK$5,979,160",27 Mar 2013,MTR_Tender_Mar13_table1.csv,2013,Mar13,https://www.mtr.com.hk/en/corporate/tenders/Mar13.html
Q026532,Selective,"Sale of Used Trackwork Materials, EMU/ LRV Wheels, Brake Disc, Steel Twinning & Metal Power","Yuen Hing Godown Co. Ltd.4/F Qualipak Tower,122 Connaught Road West,Western District,Hong Kong.",6 Items,"HK$8,781,780",22 Mar 2013,MTR_Tender_Mar13_table1.csv,2013,Mar13,https://www.mtr.com.hk/en/corporate/tenders/Mar13.html
1102,Selective,Shatin to Central Link:Hin Keng Station and Approach Structures,"Penta-Ocean Construction Co LtdUnit 601, K. Wah Centre,191 Java Road,North Point,Hong Kong.",Not Applicable,"HK$1,039,000,000",5 Jul 2013,MTR_Tender_Jul13_table1.csv,2013,Jul13,https://www.mtr.com.hk/en/corporate/tenders/Jul13.html
1152,Selective,Signalling System for SCL Phase 1 and Signalling System Modification for MOL and WRL,"Thales Transport & Security (Hong Kong) LtdUnit 1106-07, 11/F, New Kowloon Plaza,38 Tai Kok Tsui Road,Tai Kok Tsui,Kowloon, Hong Kong.",Not Applicable,"HK$642,526,505",5 Jul 2013,MTR_Tender_Jul13_table1.csv,2013,Jul13,https://www.mtr.com.hk/en/corporate/tenders/Jul13.html
1166,Selective,Main Control System for SCL Phase 1,"Siemens Ltd22/F, AIA Kowloon Tower,Landmark East,100 How Ming Street,Kwun Tong,Kowloon, Hong Kong.",Not Applicable,"HK$308,499,220",5 Jul 2013,MTR_Tender_Jul13_table1.csv,2013,Jul13,https://www.mtr.com.hk/en/corporate/tenders/Jul13.html
11209,Selective,Platform Modification and Associated Works at EAL,"Chun Wo Construction and Engineering Co LtdC2, 5/F, Hong Kong Spinners Industrial Building Phase 1,601-603 Tai Nan West Street,Cheung Sha Wan,Kowloon, Hong Kong.",Not Applicable,"HK$835,600,000",4 Jul 2013,MTR_Tender_Jul13_table1.csv,2013,Jul13,https://www.mtr.com.hk/en/corporate/tenders/Jul13.html
Q024831,Selective,Supply of Desktop Personal Computers and CADD Workstations,"Toppan Forms Computer Systems LtdUnit 1075A, HK International Trade & Exhibition Center,1 Trademart Drive,Kowloon Bay,Kowloon, Hong Kong.",2 Years,"HK$8,677,558",17 Jul 2013,MTR_Tender_Jul13_table1.csv,2013,Jul13,https://www.mtr.com.hk/en/corporate/tenders/Jul13.html
Q027300,Selective,Preparation Works for COR Examination of MTR Buses,"Wah Kee Auto Body Works Co LtdFlat 803, 8/F, Kin Wing Industrial Building,33 Kin Wing Street,Tuen Mun,New Territories, Hong Kong.",1 Job,"HK$5,962,000",11 Jul 2013,MTR_Tender_Jul13_table1.csv,2013,Jul13,https://www.mtr.com.hk/en/corporate/tenders/Jul13.html
1108,Selective,Shatin to Central Link: Kai Tak Station and Associated Tunnels,"Kaden - Chun Wo Joint VentureUnits 601-605A, 6/F, Tower B,Manulife Financial Centre,223 Wai Yip Street,Kwun Tong,Kowloon, Hong Kong.",Not Applicable,"HK$1,422,000,000",25 Apr 2013,MTR_Tender_Apr13_table1.csv,2013,Apr13,https://www.mtr.com.hk/en/corporate/tenders/Apr13.html
1162,Selective,Shatin to Central Link: TETRA System for SCL Phase 1 & 2,"Motorola Solutions Asia Pacific LtdRoom 1807-12, 18/F,Two Habourfront,22 Tak Fung Street,Hung Hom,Kowloon, Hong Kong.",Not Applicable,"HK$131,436,641",12 Apr 2013,MTR_Tender_Apr13_table1.csv,2013,Apr13,https://www.mtr.com.hk/en/corporate/tenders/Apr13.html
M1047-12E,Selective,Maintenance Services for TKL Building Services,"Shinryo Corporation5/F, Guardian House,32 Oi Kwan Road,Wanchai,Hong Kong.",Not Applicable,"HK$60,830,000",25 Apr 2013,MTR_Tender_Apr13_table1.csv,2013,Apr13,https://www.mtr.com.hk/en/corporate/tenders/Apr13.html
Q024291,Selective,"Supply, Installation & Maintenance of Server Hardware","Afina Data Systems LtdUnit A, 18/F, Infotech Centre,21 Hung To Road,Kwun Tong,Kowloon, Hong Kong.",2 Years,"HK$839,523",3 Apr 2013,MTR_Tender_Apr13_table1.csv,2013,Apr13,https://www.mtr.com.hk/en/corporate/tenders/Apr13.html
Q025816,Selective,Provision of Broadband Services for Property Management Offices,"Hutchison Global Communications Ltd8/F, Watson Centre,16-22 Kung Yip Street,Kwai Chung,New Territories, Hong Kong.",2 Years,"HK$3,198,816",29 Apr 2013,MTR_Tender_Apr13_table1.csv,2013,Apr13,https://www.mtr.com.hk/en/corporate/tenders/Apr13.html
Q026599,Selective,Provision of Upgrade Services for Desktop PC Software,"EMC Computer Systems (FE) Ltd9/F, Cityplaza 4,Taikoo Shing,Hong Kong.",1 Job,"HK$5,880,000",23 Apr 2013,MTR_Tender_Apr13_table1.csv,2013,Apr13,https://www.mtr.com.hk/en/corporate/tenders/Apr13.html
1120,Selective,Shatin to Central Link: Trackwork & OHL for SCL (Phase 1),"Alstom Hong Kong LtdUnits 1011-1012, 10/F New Kowloon Plaza,38 Tai Kok Tsui Road,Tai Kok Tsui,Kowloon, Hong Kong.",Not Applicable,"HK$425,910,954",18 Oct 2013,MTR_Tender_Oct13_table1.csv,2013,Oct13,https://www.mtr.com.hk/en/corporate/tenders/Oct13.html
1159,Selective,Shatin to Central Link: Lifts for SCL Phase 1,"Otis Elevator Company (H.K.) Ltd15/F, Cityplaza One,1111 King's Road,Taikoo Shing,Hong Kong.",Not Applicable,"HK$72,194,842",08 Oct 2013,MTR_Tender_Oct13_table1.csv,2013,Oct13,https://www.mtr.com.hk/en/corporate/tenders/Oct13.html
C3840-13C,Selective,Tsim Sha Tsui Station Carnarvon Road Subway,"Maeda CoprorationRooms 1601-5, New East Ocean Centre,9 Science Museum Road,TST East,Kowloon, Hong Kong.",Not Applicable,"HK$203,910,000",11 Oct 2013,MTR_Tender_Oct13_table1.csv,2013,Oct13,https://www.mtr.com.hk/en/corporate/tenders/Oct13.html
M1054-13C,Selective,Management and Maintenance Services for Lok Ma Chau and West Rail Wetlands,"Yee Sun Garden LtdShop G903, G/F, Tung Hoi Mansion,8 Taikoo Shing Road,Taikoo Shing,Hong Kong.",Not Applicable,"HK$6,840,655",29 Oct 2013,MTR_Tender_Oct13_table1.csv,2013,Oct13,https://www.mtr.com.hk/en/corporate/tenders/Oct13.html
Q026025,Selective,"Design, Supply and Replacement of LED Advertising Display Board at External Wall of World Wide House","Lighthouse Technologie Ltd6/F, 16 Science Park East Avenue,Pak Shek Kok,Shatin,New Territories, Hong Kong.",1 Job,"HK$8,368,100",21 Oct 2013,MTR_Tender_Oct13_table1.csv,2013,Oct13,https://www.mtr.com.hk/en/corporate/tenders/Oct13.html
Q026247,Open,Railway Tamping Vehicle,"Plasser &Theurer Export von Bahnbaumaschinen Gesellschaft m.b.H.A-1010 Wien,Johannesgasse 3,Austria.",1 Unit,"HK$28,400,000",17 Oct 2013,MTR_Tender_Oct13_table1.csv,2013,Oct13,https://www.mtr.com.hk/en/corporate/tenders/Oct13.html
Q027725,Selective,Design and Printing of Annual and Interim Reports,"The Graphis Company Ltd6/F, R&T Centre,83 Larch Street,Tai Kok Tsui,Kowloon, Hong Kong.",2 Years,Not Disclosed,08 Oct 2013,MTR_Tender_Oct13_table1.csv,2013,Oct13,https://www.mtr.com.hk/en/corporate/tenders/Oct13.html
Q028398,Selective,Provision of Term Inspectorate Personnel for New Projects,"Goldfield N&W Construction Co Ltd2/F, Air Goal Cargo Building,330 Kwun Tong Road,Kwun Tong,Kowloon, Hong Kong.",Not Applicable,Not Disclosed,16 Oct 2013,MTR_Tender_Oct13_table1.csv,2013,Oct13,https://www.mtr.com.hk/en/corporate/tenders/Oct13.html
Q028743,Selective,Production of MTR Corporation Sustainability Report 2013,"CSR Asia LtdOffice A, 25/F, Wing Cheong Commercial Building,19-25 Jervois Street,Sheung Wan,Hong Kong.",Not Applicable,Not Disclosed,21 Oct 2013,MTR_Tender_Oct13_table1.csv,2013,Oct13,https://www.mtr.com.hk/en/corporate/tenders/Oct13.html
1177,Selective,Shatin to Central Link: Building Services for TKW and TKA,"BEST 1177 Joint VentureUnit 2101, 21/F, Island Place Tower,510 King's Road,North Point,Hong Kong.",Not Applicable,"HK$250,310,836",08 Apr 2014,MTR_Tender_Apr14_table1.csv,2014,Apr14,https://www.mtr.com.hk/en/corporate/tenders/Apr14.html
C6593-13C,Selective,Wan Chai Station Lee Tung Street Subway,"Kaden Construction LtdUnits 601-605A, 6/F, Tower B, Manulife Financial Centre,223 Wai Yip Street,Kwun Tong,Kowloon, Hong Kong.",Not Applicable,"HK$258,765,000",10 Apr 2014,MTR_Tender_Apr14_table1.csv,2014,Apr14,https://www.mtr.com.hk/en/corporate/tenders/Apr14.html
M1061-13E,Selective,Maintenance Services for ECS Ventilation System,"REC Engineering Co LtdUnits A-D, 15/F, Goodman Kwai Chung Logistics Centre,585-609 Castle Peak Road,Kwai Chung,New Territories, Hong Kong.",Not Applicable,"HK$46,367,260",14 Apr 2014,MTR_Tender_Apr14_table1.csv,2014,Apr14,https://www.mtr.com.hk/en/corporate/tenders/Apr14.html
,,,"Shinryo (Hong Kong) Ltd5/F, Guardian House,32 Oi Kwan Road,Wanchai,Hong Kong.",Not Applicable,"HK$22,762,746",14 Apr 2014,MTR_Tender_Apr14_table1.csv,2014,Apr14,https://www.mtr.com.hk/en/corporate/tenders/Apr14.html
M1062-13E,Selective,Maintenance Services for Service Information Panel System,"Roctec Technology LtdRoom 1502-4, 15/F, Kodak House II,321 Java Road,North Point,Hong Kong.",Not Applicable,"HK$3,712,360",22 Apr 2014,MTR_Tender_Apr14_table1.csv,2014,Apr14,https://www.mtr.com.hk/en/corporate/tenders/Apr14.html
Q030297,Selective,Consolidation and Upgrade of Customer Service Ticket Processor,"Microware Limited1/F., Century Centre, 44-46 Hung To Road,Kwun Tong,Kowloon, Hong Kong.",1 Job,"HK$3,326,099",17 Apr 2014,MTR_Tender_Apr14_table1.csv,2014,Apr14,https://www.mtr.com.hk/en/corporate/tenders/Apr14.html
Q032274,Selective,Provision of System Maps for MTR Trains,"Mountain Arts Production Co LtdFlat 1 & 9, 5/F, Sunray Industrial Centre,610-C Cha Kwo Ling Road,Yau Tong Bay,Kowloon, Hong Kong.",1 Job,"HK$4,941,720",23 Apr 2014,MTR_Tender_Apr14_table1.csv,2014,Apr14,https://www.mtr.com.hk/en/corporate/tenders/Apr14.html
1126,Selective,Shatin to Central Link: Reprovisioning of Harbour Road Sports Centre and Wan Chai Swimming Pool,"Kaden-Leader Joint VentureUnits 601-605A, 6/F, Tower B, Manulife Financial Centre,223 Wai Yip Street,Kwun Tong,Kowloon, Hong Kong",Not Applicable,"HK$871,022,808",16 Jan 2014,MTR_Tender_Jan14_table1.csv,2014,Jan14,https://www.mtr.com.hk/en/corporate/tenders/Jan14.html
1129,Selective,Shatin to Central Link: Advance Works for NSL,"Hsin Chong Construction Co Ltd2/F, Hsin Chong Center,107-109 Wai Yip Street,Kwun Tong,Kowloon, Hong Kong",Not Applicable,"HK$299,938,960",16 Jan 2014,MTR_Tender_Jan14_table1.csv,2014,Jan14,https://www.mtr.com.hk/en/corporate/tenders/Jan14.html
1173,Selective,Shatin to Central Link: Building Services for HUH and HHS,"Shinryo Corporation5/F, Guaradian House,32 Oi Kwan Road,Wanchai,Hong Kong.",Not Applicable,"HK$631,480,466",14 Jan 2014,MTR_Tender_Jan14_table1.csv,2014,Jan14,https://www.mtr.com.hk/en/corporate/tenders/Jan14.html
1175,Selective,Shatin to Central Link: Building Services for KAT,"Leighton M&E Ltd39/F, Sun Hung Kai Centre,30 Harbour Road,Wanchai,Hong Kong.",Not Applicable,"HK$157,879,865",07 Jan 2014,MTR_Tender_Jan14_table1.csv,2014,Jan14,https://www.mtr.com.hk/en/corporate/tenders/Jan14.html
M1058-13E,Selective,Maintenance Services for Escalators (Package A),"OTIS Elevators Co (HK) Ltd15/F, Cityplaza One,1111 King's Road,Tai Koo Shing,Hong Kong.",1 Job,"HK$135,731,664",17 Jan 2014,MTR_Tender_Jan14_table1.csv,2014,Jan14,https://www.mtr.com.hk/en/corporate/tenders/Jan14.html
,,Maintenance Services for Escalators (Package B),"KONE Elevators (HK) Ltd29/F, Tower 1, Millennium City 1,388 Kwun Tong Road,Kwun Tong,Kowloon, Hong Kong.",1 Job,"HK$50,812,600",17 Jan 2014,MTR_Tender_Jan14_table1.csv,2014,Jan14,https://www.mtr.com.hk/en/corporate/tenders/Jan14.html
,,Maintenance Services for Escalators (Package C),"Schindler Lifts (HK) Ltd29/F, Devon House,Taikoo Place,979 King's Road,Quarry Bay,Hong Kong.",1 Job,"HK$39,961,980",17 Jan 2014,MTR_Tender_Jan14_table1.csv,2014,Jan14,https://www.mtr.com.hk/en/corporate/tenders/Jan14.html
M1059-13E,Selective,"Maintenance Services for Lifts (Package A, B)","KONE Elevators (HK) Ltd29/F, Tower 1, Millennium City 1,388 Kwun Tong Road,Kwun TongKowloon, Hong Kong.",1 Job,"HK$103,622,228",17 Jan 2014,MTR_Tender_Jan14_table1.csv,2014,Jan14,https://www.mtr.com.hk/en/corporate/tenders/Jan14.html
,,Maintenance Services for Lifts (Package D),"Hitachi Elevator Engineering Co (HK) Ltd10/F, New East Ocean Centre,9 Science Museum Road,Tsimshatsui East,Kowloon, Hong Kong.",1 Job,"HK$16,849,060",17 Jan 2014,MTR_Tender_Jan14_table1.csv,2014,Jan14,https://www.mtr.com.hk/en/corporate/tenders/Jan14.html
,,Maintenance Services for Lifts (Package E),"Schindler Lifts (HK) Ltd29/F, Devon House,Taikoo Place,979 King's Road,Quarry Bay,Hong Kong.",1 Job,"HK$1,567,365",17 Jan 2014,MTR_Tender_Jan14_table1.csv,2014,Jan14,https://www.mtr.com.hk/en/corporate/tenders/Jan14.html
Q022331,Selective,Air-Conditioning Unit Refrigerant Conversion for Light Rail Vehicles,"Faiveley Transport Far East Ltd21/F,9 Des Voeus Road West,Sheung Wan,Hong Kong.",Not Applicable,Not Disclosed,24 Jan 2014,MTR_Tender_Jan14_table1.csv,2014,Jan14,https://www.mtr.com.hk/en/corporate/tenders/Jan14.html
Q025939,Selective,Provision of Tax Services,"Deloitte Touche Tohmatsu6/F, Cityplaza 4,12 Taikoo Wan Road,Taikoo Shing,Hong Kong.",Not Applicable,Not Disclosed,24 Jan 2014,MTR_Tender_Jan14_table1.csv,2014,Jan14,https://www.mtr.com.hk/en/corporate/tenders/Jan14.html
Q028392,Selective,Provision of IT Workplace Support & Data Centre Management Services,"PCCW Solutions LtdLevel 2, The Long Beach Commercial Podium,8 Hoi Fai Road,Tai Kok Tsui,Kowloon, Hong Kong.",5 Years,Not Disclosed,17 Jan 2014,MTR_Tender_Jan14_table1.csv,2014,Jan14,https://www.mtr.com.hk/en/corporate/tenders/Jan14.html
Q028588,Selective,Supply & Installation of QR Code Ticketing System in AEL,"MiTAC Information Technology Corp.No. 187, Sec. 2,Tiding Blvd.Neihu Dist.,Taipei City,Taiwan.",1 Job,"HK$8,965,182",06 Jan 2014,MTR_Tender_Jan14_table1.csv,2014,Jan14,https://www.mtr.com.hk/en/corporate/tenders/Jan14.html
Q030456,Selective,Provision of Recruitment Advertising Services,"Wilson Advertising Agency7/F, O.T.B. Building,259-265 Des Voeux Road,Central,Hong Kong.",Not Applicable,Not Disclosed,14 Jan 2014,MTR_Tender_Jan14_table1.csv,2014,Jan14,https://www.mtr.com.hk/en/corporate/tenders/Jan14.html
T0947-13C,Selective,Term Contract for Civil Engineering Works,"Shun Yuen Construction Co Ltd12/F, China Trade Centre,122-124 Wai Yip Street,Kwun Tong,Kowloon, Hong Kong.",Not Applicable,Not Disclosed,07 Jan 2014,MTR_Tender_Jan14_table1.csv,2014,Jan14,https://www.mtr.com.hk/en/corporate/tenders/Jan14.html
Q032414,Open,Sale of Used Rails and Trackwork Materials,"P L Environmental LtdFlat 1, 13/F, Goldfield Tower,53-59 Wuhu Street,Hung Hom,Kowloon, Hong Kong.",2 Items,"HK$184,200",20 May 2014,MTR_Tender_May14_table1.csv,2014,May14,https://www.mtr.com.hk/en/corporate/tenders/May14.html
,,,"Sheung Yip Electrical Metal93, G/F, Oak Street,Tai Kok Tsui,Kowloon,Hong Kong.",2 Items,"HK$1,634,976",20 May 2014,MTR_Tender_May14_table1.csv,2014,May14,https://www.mtr.com.hk/en/corporate/tenders/May14.html
,,,"Wing Cheong Metal International LtdRm 2105, Kwai Shing House,May Shing Court,36 Mei Tin Road,Tai Wai, Shatin,New Territories, Hong Kong.",7 Items,"HK$142,100",20 May 2014,MTR_Tender_May14_table1.csv,2014,May14,https://www.mtr.com.hk/en/corporate/tenders/May14.html
,,,"Yuen Hing Godown Co Ltd4/F, Qualipak Tower,122 Connaught Road West,Sheung Wan,Hong Kong.",7 Items,"HK$5,070,230",22 May 2014,MTR_Tender_May14_table1.csv,2014,May14,https://www.mtr.com.hk/en/corporate/tenders/May14.html
1121,Selective,Shatin to Central Link: NSL Cross Harbour Tunnels,"Penta-Ocean - China State Joint VentureUnit 601, K. Wah Centre,191 Java Road,North Point,Hong Kong",Not Applicable,"HK$4,350,000,000",10 Dec 2014,MTR_Tender_Dec14_table1.csv,2014,Dec14,https://www.mtr.com.hk/en/corporate/tenders/Dec14.html
1155B,Selective,Shatin to Central Link: Power Supply System and Trackside Auxiliaries for SCL Phase 2,"CLP Enginnering Limited26/F, Asia Trade Centre,79 Lei Muk Road,Kwai Chung,New Territories, Hong Kong",Not Applicable,"HK$150,863,858",08 Dec 2014,MTR_Tender_Dec14_table1.csv,2014,Dec14,https://www.mtr.com.hk/en/corporate/tenders/Dec14.html
1163,Selective,"Shatin to Central Link: Automatic Fare Collection System and Security Access Management System for SCL Phases 1 & 2 HIK, MCV and FTA","Kaba Security System (China) Co., Ltd. – Wincard Security System (Beijing) Co., Ltd. Consortium450, 4/F, Hing Wah Centre,Landmark East,84 To Kwa Wan Road,Kowloon, Hong Kong",Not Applicable,"HK$113,497,620",08 Dec 2014,MTR_Tender_Dec14_table1.csv,2014,Dec14,https://www.mtr.com.hk/en/corporate/tenders/Dec14.html
M1091.A-14E,Selective,"Maintenance Services for Station Communication Systems in ISL, KTL, TWL, TKL, DRL & WRL (CCTV)","UniVision Engineering Ltd8/F, Lever Tech. Centre,69-71 King Yip Street,Kwun Tong,Kowloon, Hong Kong",Not Applicable,"HK$10,371,429",09 Dec 2014,MTR_Tender_Dec14_table1.csv,2014,Dec14,https://www.mtr.com.hk/en/corporate/tenders/Dec14.html
M1091.B-14E,Selective,"Maintenance Services for Station Communication Systems in ISL, KTL, TWL, TKL, DRL & WRL (PIDS)","Roctec Technology LimitedRoom 1502-4, 15/F, Kodak House II,321 Java Road,North Point,Hong Kong",Not Applicable,"HK$9,843,180",09 Dec 2014,MTR_Tender_Dec14_table1.csv,2014,Dec14,https://www.mtr.com.hk/en/corporate/tenders/Dec14.html
M1091.C-14E,Selective,"Maintenance Services for Station Communication Systems in ISL, KTL, TWL, TKL, DRL & WRL (PAS)","UniVision Engineering Ltd8/F, Lever Tech. Centre,69-71 King Yip Street,Kwun Tong,Kowloon, Hong Kong",Not Applicable,"HK$4,735,281",09 Dec 2014,MTR_Tender_Dec14_table1.csv,2014,Dec14,https://www.mtr.com.hk/en/corporate/tenders/Dec14.html
Q029596,Selective,Detrainment Ramp System for MTR Trains,"Barat Saint Aignan775 Route De La Foret,41110 Saint Aignan Sur CherFrance",1 Job,"EUR 874,752(Approx. toHK$8,467,599)",05 Dec 2014,MTR_Tender_Dec14_table1.csv,2014,Dec14,https://www.mtr.com.hk/en/corporate/tenders/Dec14.html
Q032361,Selective,Modification of Flashing System Map on MTR Trains,"Advance System (Asia) LimitedRoom 901, International Plaza,20 Sheung Yuet Road,Kowloon Bay,Kowloon, Hong Kong",1 Job,"HK$6,970,452",19 Dec 2014,MTR_Tender_Dec14_table1.csv,2014,Dec14,https://www.mtr.com.hk/en/corporate/tenders/Dec14.html
Q035865,Selective,Supply of Auto-Roll Filters for Stations,"AWROGLASS FILTRI SRLVia Castellana,94 I-31036 Ospedaletto D'istrana (TV),Italy",18 Items,"EUR 549,508(Approx. toHK$5,319,237)",23 Dec 2014,MTR_Tender_Dec14_table1.csv,2014,Dec14,https://www.mtr.com.hk/en/corporate/tenders/Dec14.html
Q036336,Selective,Term Contracts for General Building Repair and Shop Repartitioning Works at Elements,"Tong Kee Engineering LimitedUnit P & Q, 11/F, Block 2, Kinho Industrial Building,14-24 Au Pui Wan Street,Fotan,New Territories, Hong Kong",1 Job,"HK$42,720,000",19 Dec 2014,MTR_Tender_Dec14_table1.csv,2014,Dec14,https://www.mtr.com.hk/en/corporate/tenders/Dec14.html
K0584-14E,Selective,Procurement of 62 Double-decker Buses,"Volvo Bus CorporationUnits 1601-03, Kwun Tong View,410 Kwun Tong Road,Kwun Tong,Kowloon, Hong Kong",Not Applicable,"HK$206,401,708",04 Nov 2014,MTR_Tender_Nov14_table1.csv,2014,Nov14,https://www.mtr.com.hk/en/corporate/tenders/Nov14.html
Q032910,Selective,Provision of Term Workers for Investment Properties,"City Professional Management Ltd.3D, Hong Kong Spinners Industrial Building Phase 5,760-2 Cheung Sha Wan Road,Kowloon, Hong Kong",1 Job,"HK$111,598,884",24 Nov 2014,MTR_Tender_Nov14_table1.csv,2014,Nov14,https://www.mtr.com.hk/en/corporate/tenders/Nov14.html
Q032910,Selective,Ex-Service Station Diesel & Petrol for Staff Vehicles,"Shell Hong Kong Limited35/F, AIA Kowloon Tower,Landmark East,100 How Ming Street,Kwun Tong,Kowloon, Hong Kong",3 Years,Not Disclosed,04 Nov 2014,MTR_Tender_Nov14_table1.csv,2014,Nov14,https://www.mtr.com.hk/en/corporate/tenders/Nov14.html
Q034106,Selective,Provision of IT Application Management Services,"Accenture Company Limited85/F, International Commerce Centre,1 Austin Road West,Kowloon, Hong Kong",1 Job,Not Disclosed,06 Nov 2014,MTR_Tender_Nov14_table1.csv,2014,Nov14,https://www.mtr.com.hk/en/corporate/tenders/Nov14.html
Q034658,Selective,Term Contracts for General Building Repair and Shop Repartitioning Works at Other Designated MTR Malls,"Kar Cheung Engineering Co.Unit 7, 17/F, Kowloon Plaza,485 Castle Peak Road,Lai Chi Kok,Kowloon, Hong Kong",1 Job,"HK$46,000,000",24 Nov 2014,MTR_Tender_Nov14_table1.csv,2014,Nov14,https://www.mtr.com.hk/en/corporate/tenders/Nov14.html
1130A,Selective,Shatin to Central Link: Supply and Installation of Customer Service Centres and Platform Supervisor Booths for SCL (Phase 1),"Program Contractors Limited19/F, Wing Shing Industrial Building,26 Ng Fong Street,San Po Kong,Kowloon, Hong Kong.",Not Applicable,"HK$15,675,009",14 Jul 2014,MTR_Tender_Jul14_table1.csv,2014,Jul14,https://www.mtr.com.hk/en/corporate/tenders/Jul14.html
C7175-14E,Selective,Replacement and Expansion of the MTR Digital Advertising System,"NEC Hong Kong Limited25th Floor, The Metropolis Tower,10 Metropolis Drive,Hung Hom,Kowloon, Hong Kong.",Not Applicable,"HK$33,924,851",15 Jul 2014,MTR_Tender_Jul14_table1.csv,2014,Jul14,https://www.mtr.com.hk/en/corporate/tenders/Jul14.html
M1045-12E,Selective,Maintenance Services for Passenger Information Display System in AEL,"Roctec Technology LimitedRoom 1502-4, 15/F, Kodak House II,321 Java Road,North Point,Hong Kong.",Not Applicable,"HK$2,991,262",22 Jul 2014,MTR_Tender_Jul14_table1.csv,2014,Jul14,https://www.mtr.com.hk/en/corporate/tenders/Jul14.html
M1063-13E,Selective,Maintenance Services for Package Air-Conditioning Units,"ATAL Building Services Engineering LimitedUnit 102, 1/F, Shui Hing Centre,13 Sheung Yuet Road,Kowloon Bay,Kowloon, Hong Kong.",Not Applicable,"HK$45,852,000",24 Jul 2014,MTR_Tender_Jul14_table1.csv,2014,Jul14,https://www.mtr.com.hk/en/corporate/tenders/Jul14.html
Q027925,Selective,Bolster Stool for MTR Trains,"CSR Yangtze Co., Ltd.Daqiao New Area,Jiangxia District,Wuhan City,Hubei Province, China.",1 Item,"HK$6,478,137.78",14 Jul 2014,MTR_Tender_Jul14_table1.csv,2014,Jul14,https://www.mtr.com.hk/en/corporate/tenders/Jul14.html
Q030486,Selective,Supply & Installation of Interactive Directory for Shopping Malls,"PCCW-HKT Technical Service Limited8/F, Kowloon Investment Co. Ltd. Building,2-12 Bute Street,Monkok,Kowloon, Hong Kong.",1 Job,Not Disclosed,18 Jul 2014,MTR_Tender_Jul14_table1.csv,2014,Jul14,https://www.mtr.com.hk/en/corporate/tenders/Jul14.html
Q031075,Selective,Provision of Payment Services for Ticketing System of Express Rail Link,"AsiaPay HK LimitedRoom 1701-02, K Wah Centre,191 Java Road,North Point,Hong Kong",1 Job,Not Disclosed,15 Oct 2014,MTR_Tender_Oct14_table1.csv,2014,Oct14,https://www.mtr.com.hk/en/corporate/tenders/Oct14.html
Q032910,Selective,"Supply of Bulk Diesel to MTR Corporation's Depots, including Comprehensive Maintenance & Inspection Services for Fuel Supply Equipment & System","Sinopec (Hong Kong) Petroleum Co., Ltd21/F, Office Tower Convention Plaza,1 Harbour Road,Wanchai,Hong Kong",3 Years,Not Disclosed,31 Oct 2014,MTR_Tender_Oct14_table1.csv,2014,Oct14,https://www.mtr.com.hk/en/corporate/tenders/Oct14.html
1131A,Selective,Shatin to Central Link: Signs and Advertisement Panels (Supply only),"Hoy Hung Engineering LtdUnits 3E-H, Shui Sum Industrial Building,8-10 Kwai Sau Road,Kwai Chung,New Territories, Hong Kong.",Not Applicable,"HK$30,821,701",10 Feb 2014,MTR_Tender_Feb14_table1.csv,2014,Feb14,https://www.mtr.com.hk/en/corporate/tenders/Feb14.html
1132A,Selective,Shatin to Central Link: Supply of Metal Doors and Frames including Ironmongery for SCL (Phase 1),"Hausner (Hong Kong) LtdRoom 04-05, 17/F, Grand Business Plaza,153 Wai Yip Street,Kwun Tong,Kowloon, Hong Kong.",Not Applicable,"HK$39,165,836",11 Feb 2014,MTR_Tender_Feb14_table1.csv,2014,Feb14,https://www.mtr.com.hk/en/corporate/tenders/Feb14.html
1165,Selective,"Shatin to Central Link: Building Services for HIK, MCV and FTA","Gammon E&M Ltd28/F, Devon House,Taikoo Place,979 King’s Road,Quarry Bay,Hong Kong.",Not Applicable,"HK$219,000,000",11 Feb 2014,MTR_Tender_Feb14_table1.csv,2014,Feb14,https://www.mtr.com.hk/en/corporate/tenders/Feb14.html
Q030140,Selective,Provision of Global Freight Forwarding Services,"Toll Global Forwarding (Hong Kong) Ltd14/F, Tower 1, Ever Gain Plaza,88 Container Port Road,Kwai Chung,New Territories, Hong Kong.",Not Applicable,Not Disclosed,27 Feb 2014,MTR_Tender_Feb14_table1.csv,2014,Feb14,https://www.mtr.com.hk/en/corporate/tenders/Feb14.html
M1080-14E,Selective,Maintenance Services for Main Control Systems and SCADA,"Thales Transport & Security (Hong Kong) LimitedUnits 908-909, New Kowloon Plaza,38 Tai Kok Tsui Road,Kowloon,Hong Kong",Not Applicable,"HK$69,300,000",30 Sep 2014,MTR_Tender_Sep14_table1.csv,2014,Sep14,https://www.mtr.com.hk/en/corporate/tenders/Sep14.html
M1088-14E,Selective,"Maintenance Services for Waste Water Treatment Plants, Plumbing and Drainage Systems","Kingsford Environmental Engineering LimitedSuite 3810, 38/F, Cable TV Tower,9 Hoi Shing Road,Tsuen Wan,New Territories,Hong Kong",Not Applicable,"HK$17,172,300",24 Sep 2014,MTR_Tender_Sep14_table1.csv,2014,Sep14,https://www.mtr.com.hk/en/corporate/tenders/Sep14.html
M1094-14E,Selective,"Maintenance Services for AFA, BA and SEC Systems","Honeywell Limited21/F Olympia Plaza,255 King’s Road,North Point,Hong Kong",Not Applicable,"HK$10,635,302",29 Sep 2014,MTR_Tender_Sep14_table1.csv,2014,Sep14,https://www.mtr.com.hk/en/corporate/tenders/Sep14.html
Q028269,Selective,Track and Overhead Line Geometry Recording Vehicle,"Plasser &Theurer Export von Bahnbaumaschinen Gesellschaft m.b.H.A-1010 Wien,Johannesgasse 3,Austria",1 Unit,"HK$42,320,000",30 Sep 2014,MTR_Tender_Sep14_table1.csv,2014,Sep14,https://www.mtr.com.hk/en/corporate/tenders/Sep14.html
11225,Selective,Shatin to Central Link: On-Board Railway Insepction System,"Jebsen & Jessen Technology (S) Pte Ltd18 Enterprise Road,Singapore 629824.",Not Applicable,"HK$58,889,946",10 Jun 2014,MTR_Tender_Jun14_table1.csv,2014,Jun14,https://www.mtr.com.hk/en/corporate/tenders/Jun14.html
M1071-13E,Selective,Maintenance Services for MTR Transmission Systems,"Shun Hing Systems Integration Company Limited16/F., Shun Hing Centre,8 Shing Yiu Street,Kwai Chung,New Territories, Hong Kong.",Not Applicable,"HK$3,297,888",25 Jun 2014,MTR_Tender_Jun14_table1.csv,2014,Jun14,https://www.mtr.com.hk/en/corporate/tenders/Jun14.html
M1077-13E,Selective,Managed Security Services for Operating Railway Data Networks,"DMX Technologies (Hong Kong) LimitedRoom 4303-4305, AIA Kowloon Tower,Landmark East,100 How Ming Street, Kwun Tong,Kowloon, Hong Kong.",Not Applicable,"HK$9,837,888",19 Jun 2014,MTR_Tender_Jun14_table1.csv,2014,Jun14,https://www.mtr.com.hk/en/corporate/tenders/Jun14.html
M1078-13E,Selective,Maintenance Services for Fire Services and Automatic Fire Alarm Systems,"Thorn Security (Hong Kong) Limited23/F, Exchange Tower,33 Wang Chiu Road,Kowloon Bay,Kowloon, Hong Kong.",Packages 1 & 4,"HK$20,181,565",26 Jun 2014,MTR_Tender_Jun14_table1.csv,2014,Jun14,https://www.mtr.com.hk/en/corporate/tenders/Jun14.html
,,,"Johnson Controls Hong Kong Limited12/F, OCTA Tower,8 Lam Chak Street,Kowloon Bay,Kowloon, Hong Kong.",Package 2,"HK$3,681,546",26 Jun 2014,MTR_Tender_Jun14_table1.csv,2014,Jun14,https://www.mtr.com.hk/en/corporate/tenders/Jun14.html
,,,"Wai Kong Fire Engineering Company LimitedUnit B11, 4/F, Block B, Tonic Industrial Centre,19 Lam Hing Street,Kowloon Bay,Kowloon, Hong Kong.",Package 3,"HK$11,518,644",26 Jun 2014,MTR_Tender_Jun14_table1.csv,2014,Jun14,https://www.mtr.com.hk/en/corporate/tenders/Jun14.html
M1087-14E,Limited,Maintenance Services for MTR HKP/FSD/WRL Radio Systmes,"Motorola Solutions Asia Pacific LimitedUnit 1807-1812, 18/F., Two Harbourfront,22 Tak Fung Street,Hung Hom,Kowloon, Hong Kong.",Not Applicable,"HK$19,478,076",09 Jun 2014,MTR_Tender_Jun14_table1.csv,2014,Jun14,https://www.mtr.com.hk/en/corporate/tenders/Jun14.html
Q022941,Selective,Rails for Railway Tracks,"Tata Steel France Rail SA2, Avenue du president Kennedy,78100 Saint Germain en Laye,France.",2 Items,"EUR6,220,665 (Approximate HK$66,000,000)",27 Jun 2014,MTR_Tender_Jun14_table1.csv,2014,Jun14,https://www.mtr.com.hk/en/corporate/tenders/Jun14.html
Q030446,Selective,Renovation Works at External Walls and Common Areas at Trackside Villas,"New Progress Construction Co. LtdUnit B, 21/F Prince Industrial Building,706 Prince Edward Road East,San Po Kong,Kowloon, Hong Kong.",1 Job,"HK$12,333,000",30 Jun 2014,MTR_Tender_Jun14_table1.csv,2014,Jun14,https://www.mtr.com.hk/en/corporate/tenders/Jun14.html
Q033161,Limited,Provision of External Advertising Agency Services for MTR Network,"Polarline Development Limited33/F, Sino Plaza,255 Gloucester Road,Causeway Bay,Hong Kong.",Not Applicable,Not Disclosed,19 Jun 2014,MTR_Tender_Jun14_table1.csv,2014,Jun14,https://www.mtr.com.hk/en/corporate/tenders/Jun14.html
Q031528,Selective,Provision of Agency Travel Service for Corporate Travel,"Swire Travel Ltd6/F, East Wing Warwick House,Taikoo Place,979 King's Road,Quarry Bay, Hong Kong.",Not Applicable,Not Disclosed,25 Jun 2014,MTR_Tender_Jun14_table1.csv,2014,Jun14,https://www.mtr.com.hk/en/corporate/tenders/Jun14.html
,,,"Westminster Travel Ltd17/F, Millennium City 5,418 Kwun Tong Road,Kwun Tong,Kowloon, Hong Kong.",Not Applicable,Not Disclosed,25 Jun 2014,MTR_Tender_Jun14_table1.csv,2014,Jun14,https://www.mtr.com.hk/en/corporate/tenders/Jun14.html
713,Selective,West Island Line: Reprovision of Kennedy Town Swimming Pool (Phase 2),"Paul Y. Construction Company, Limited.16/F, Paul Y. Centre,51 Hung To Road,Kwun Tong,Kowloon, Hong Kong.",1 Job,"HK$671,051,569.82",18 Aug 2014,MTR_Tender_Aug14_table1.csv,2014,Aug14,https://www.mtr.com.hk/en/corporate/tenders/Aug14.html
1128,Selective,Shatin to Central Link : South Ventilation Building to Admiralty Tunnels,"Dragages-Bouygues J.V.3rd Floor, Island Place Tower,510 King's Road,North Point,Hong Kong.",Not Applicable,"HK$5,266,570,173.02",18 Aug 2014,MTR_Tender_Aug14_table1.csv,2014,Aug14,https://www.mtr.com.hk/en/corporate/tenders/Aug14.html
Q031071,Selective,Provision of Armoured Transportation Service and Ticket Processing Centre Service for MTR Operations,"Guardforce Limited1/F Guardforce Centre,3 Hok Yuen Street East,Hung Hom,Kowloon, Hong Kong.",3 Years,"HK$70,875,270",29 Aug 2014,MTR_Tender_Aug14_table1.csv,2014,Aug14,https://www.mtr.com.hk/en/corporate/tenders/Aug14.html
Q032487,Selective,Provision of Office Supplies through e-Procurement Solution,"bigboXX.com LimitedNo. 201-208, 2/F., Belvedere Square,Belvedere Garden Phase II,620 Castle Peak Road,Tsuen Wan,New Territories, Hong Kong.",Not Applicable,Not Disclosed,19 Aug 2014,MTR_Tender_Aug14_table1.csv,2014,Aug14,https://www.mtr.com.hk/en/corporate/tenders/Aug14.html
Q032509,Selective,"Publication and Distribution of Free Daily for WIL, SIL(E) and KTE Stations","Metro Publishing Hong Kong Ltd.18/F, Paul Y. Centre,51 Hung To Road,Kwun Tong,Kowloon, Hong Kong.",Not Applicable,Not Disclosed,14 Aug 2014,MTR_Tender_Aug14_table1.csv,2014,Aug14,https://www.mtr.com.hk/en/corporate/tenders/Aug14.html
Q033659,Selective,Operation of Kam Sheung Road Station Car Park,"Imperial Parking (HK) Ltd.7/F, Centre Point,181 Gloucester Road,Hong Kong.",Not Applicable,Not Disclosed,13 Aug 2014,MTR_Tender_Aug14_table1.csv,2014,Aug14,https://www.mtr.com.hk/en/corporate/tenders/Aug14.html
Q033880,Selective,Provision of Event Management and Production Services for MTR Events,"Oval Design Ltd.22D, Legend Tower,7 Shing Yip Street,Kwun Tong,Kowloon, Hong Kong.",Not Applicable,Not Disclosed,05 Aug 2014,MTR_Tender_Aug14_table1.csv,2014,Aug14,https://www.mtr.com.hk/en/corporate/tenders/Aug14.html
1164,Selective,Shatin to Central Link: Building Services for DIH,"Gammon E&M Ltd28/F, Devon House,Taikoo Place,979 King's Road,Quarry Bay,Hong Kong.",Not Applicable,"HK$272,000,000",04 Mar 2014,MTR_Tender_Mar14_table1.csv,2014,Mar14,https://www.mtr.com.hk/en/corporate/tenders/Mar14.html
1176,Selective,Shatin to Central Link: Building Services for SUW and SUA,"Leighton M&E Ltd39/F, Sun Hung Kai Centre,30 Harbour Road,Wanchai,Hong Kong.",Not Applicable,"HK$183,341,320",04 Mar 2014,MTR_Tender_Mar14_table1.csv,2014,Mar14,https://www.mtr.com.hk/en/corporate/tenders/Mar14.html
C5115-13C,Selective,Noise Mitigation Measures at Tung Chung,"Chun Wo Construction & Engineering Co LtdC2, 5/F, Hong Kong Spinners Industrial Building,601-603 Tai Nan West Street,Cheung Sha Wan,Kowloon, Hong Kong.",Not Applicable,"HK$81,600,000",12 Mar 2014,MTR_Tender_Mar14_table1.csv,2014,Mar14,https://www.mtr.com.hk/en/corporate/tenders/Mar14.html
M1060-13E,Selective,Maintenance Services for Central ECS Plants,"REC Engineering Co LtdUnits A-D, 15/F, Goodman Kwai Chung Logistics Centre,585-609 Castle Peak Road,Kwai Chung,New Territories, Hong Kong.",Not Applicable,"HK$74,333,000",20 Mar 2014,MTR_Tender_Mar14_table1.csv,2014,Mar14,https://www.mtr.com.hk/en/corporate/tenders/Mar14.html
Q022941,Selective,Rails for Railway Tracks,"Mitsui & Co (Hong Kong) Ltd25 - 26/F, Far East Finance Centre,16 Harcourt Road,Hong Kong.",4 Items,"HK$200,000,000(Estimate)",28 Mar 2014,MTR_Tender_Mar14_table1.csv,2014,Mar14,https://www.mtr.com.hk/en/corporate/tenders/Mar14.html
Q027499,Selective,Inflatable Door Seal on MTR Trains,"Faiveley Transport Far East Ltd21/F,9 Des Voeux Road West,Sheung Wan,Hong Kong.",1 Job,"EUR13,754,821(ApproximateHK$156,165,000)",05 Mar 2014,MTR_Tender_Mar14_table1.csv,2014,Mar14,https://www.mtr.com.hk/en/corporate/tenders/Mar14.html
Q030129,Selective,Provision of Facilities Management Service for the Central Print Room and Supply of Black & White Multi-function Printing Devices,"Fuji Xerox (Hong Kong) Ltd8/F, Tower 3, Cityplaza,14 Taikoo Wan Road,Quarry Bay,Hong Kong.",Not Applicable,Not Disclosed,03 Mar 2014,MTR_Tender_Mar14_table1.csv,2014,Mar14,https://www.mtr.com.hk/en/corporate/tenders/Mar14.html
1123,Selective,Shatin to Central Link : Exhibition Station and Western Approach Tunnel,"Leighton - China State Joint Venture39/F, Sun Hung Kai Centre,30 Harbour Road,Wanchai,Hong Kong",Not Applicable,"HK$5,869,282,300",15 Jan 2015,MTR_Tender_Jan15_table1.csv,2015,Jan15,https://www.mtr.com.hk/en/corporate/tenders/Jan15.html
1162B,Selective,Shatin to Central Link: Radio Distribution Network System for SCL Phases 1 & 2,"Radio Frequency Engineering LtdUnit Nos. 2101-5, 21/F,6 Shing Yip Street,Kwun Tong,Kowloon, Hong Kong",Not Applicable,"HK$92,880,000",08 Jan 2015,MTR_Tender_Jan15_table1.csv,2015,Jan15,https://www.mtr.com.hk/en/corporate/tenders/Jan15.html
3036,Selective,"Replacement of Signalling Systems for ISL, KTL, TWL, TKL, AEL, TCL & DRL","Alstom-Thales DUAT JVUnit 1011-12, 10/F, New Kowloon Plaza,38 Tai Kok Tsui Road,Tai Kok TsuiKowloon, Hong Kong",Not Applicable,"HK$3,323,822,554",15 Jan 2015,MTR_Tender_Jan15_table1.csv,2015,Jan15,https://www.mtr.com.hk/en/corporate/tenders/Jan15.html
C3028-14C,Selective,Station Improvement Works at MOK,"Shimizu CorporationRoom 1313-1315, Metroplaza, Tower 1,223 Hing Fong Road,Kwai Fong,New Territories, Hong Kong",Not Applicable,"HK$69,731,006",08 Jan 2015,MTR_Tender_Jan15_table1.csv,2015,Jan15,https://www.mtr.com.hk/en/corporate/tenders/Jan15.html
K1434-14C,Selective,Station Improvement Works at KOT,"Kaden Construction LtdUnit 601-605A, Tower B, Manulife Financial Centre,223 Wai Yip Street,Kwun Tong,Kowloon, Hong Kong",Not Applicable,"HK$102,212,893",08 Jan 2015,MTR_Tender_Jan15_table1.csv,2015,Jan15,https://www.mtr.com.hk/en/corporate/tenders/Jan15.html
Q034991,Selective,Provision of Term Workers for Two International Finance Centre,"Hop Yuen Construction Co2/F, Hop Yuen Centre,171 Queen's Road Central,Central,Hong Kong",1 Job,"HK$32,333,600",19 Jan 2015,MTR_Tender_Jan15_table1.csv,2015,Jan15,https://www.mtr.com.hk/en/corporate/tenders/Jan15.html
Q036044,Selective,Provision of Social Media Agency Services,"CMRS Digital Solution LtdRoom 801-802, 1/F, Union Park Tower, 168 Electric Road,North Point,Hong Kong",2 Years,Not Disclosed,22 Jan 2015,MTR_Tender_Jan15_table1.csv,2015,Jan15,https://www.mtr.com.hk/en/corporate/tenders/Jan15.html
1133A,Selective,"Shatin to Central Link: Supply and installation of Common Station Components, Customer Services Centres and Platform Supervisor's Booths for SCL","Hoy Hung Engineering LtdUnits 3E-3H, Shui Sum Industrial Building,8-10 Kwai Sau Road,Kwai Chung,New Territories, Hong Kong",5 Years,"HK$11,969,440",3 Jul 2015,MTR_Tender_Jul15_table1.csv,2015,Jul15,https://www.mtr.com.hk/en/corporate/tenders/Jul15.html
C6014-14E,Selective,Procurement of New Trains,"CSR Qingdao Sifang Co LtdNo. 88 Jinhongdong Road,Chengyang District,Qingdao City,China",Not Applicable,"HK$6,054,375,000",9 Jul 2015,MTR_Tender_Jul15_table1.csv,2015,Jul15,https://www.mtr.com.hk/en/corporate/tenders/Jul15.html
Q033194,Selective,Rail Grinding Unit,"L&S Luddeneit und Scherf GmbHWimmlerstrasse 25,D-07806 Neustadt an der Orla,Germany",1 Job,"HK$37,381,091",14 Jul 2015,MTR_Tender_Jul15_table1.csv,2015,Jul15,https://www.mtr.com.hk/en/corporate/tenders/Jul15.html
Q037800,Selective,Train Occupancy and Platform Crowding Analytics for MTR Network,"Thales Transport & Security (H.K.) LtdUnits 1106-07, New Kowloon Plaza,38 Tai Kok Tsui Road,Tai Kok Tsui,Kowloon, Hong Kong",3 Years,Not Disclosed,20 Jul 2015,MTR_Tender_Jul15_table1.csv,2015,Jul15,https://www.mtr.com.hk/en/corporate/tenders/Jul15.html
Q038408,Selective,Provision of Production Services for Annual & Interim Reports,"Yellow Creative (HK) Ltd2201-2203A,148 Electric Road,North Point,Hong Kong",2 Years,Not Disclosed,2 Jul 2015,MTR_Tender_Jul15_table1.csv,2015,Jul15,https://www.mtr.com.hk/en/corporate/tenders/Jul15.html
Q039035,Selective,Advertising Sales Agency of Newsline Express,"Hong Kong Cable News Express Ltd8/F, Cable TV Tower,9 Hoi Shing Road,Tsuen Wan,New Territories, Hong Kong",3 Years,Not Disclosed,23 Jul 2015,MTR_Tender_Jul15_table1.csv,2015,Jul15,https://www.mtr.com.hk/en/corporate/tenders/Jul15.html
K1086.D-15C,Selective,New Entrances and Associated Modification Works in TWW,"Excel Engineering Co Ltd155 Waterloo Road,Kowloon Tong,Kowloon, Hong Kong",Not Applicable,"HK$79,850,000",23 Dec 2015,MTR_Tender_Dec15_table1.csv,2015,Dec15,https://www.mtr.com.hk/en/corporate/tenders/Dec15.html
M1030-11E,Selective,Maintenance Services of Coverage Networks for HKP/FSD Radio Systems,"Radio Frequency Engineering LtdUnit 2101-5, 21/F,6 Shing Yip Street,Kwun Tong,Kowloon, Hong Kong",Not Applicable,"HK$4,888,000",23 Dec 2015,MTR_Tender_Dec15_table1.csv,2015,Dec15,https://www.mtr.com.hk/en/corporate/tenders/Dec15.html
M1117-15E,Selective,Mainenance Services for Escalators at WIL and KTE,"KONE Elevator (HK) Ltd29/F, Tower 1, Millennium City 1,388 Kwun Tong Road,Kwun Tong,Kowloon, Hong Kong",Not Applicable,"HK$19,885,376",4 Dec 2015,MTR_Tender_Dec15_table1.csv,2015,Dec15,https://www.mtr.com.hk/en/corporate/tenders/Dec15.html
M1118-15E,Selective,Mainenance Services for Lifts at WIL and KTE,"KONE Elevator (HK) Ltd29/F, Tower 1, Millennium City 1,388 Kwun Tong Road,Kwun Tong,Kowloon, Hong Kong",Not Applicable,"HK$16,116,770",4 Dec 2015,MTR_Tender_Dec15_table1.csv,2015,Dec15,https://www.mtr.com.hk/en/corporate/tenders/Dec15.html
Q037236,Selective,Supply of Integrated Top Plate for MTR Train,"Tekway Engineering & Consulting Co LtdRoom C&D, 9/F, Block A3, The Pearl River Plaza,Longgang City Centre,Longgang District,Shenzhen,China",1 Lot,"HK$4,918,195",8 Dec 2015,MTR_Tender_Dec15_table1.csv,2015,Dec15,https://www.mtr.com.hk/en/corporate/tenders/Dec15.html
Q038802,Selective,Axle Box Temperature Monitoring and Detection System,"Harbin VEIC Technology Co LtdNo. 9, Qianshan Road,Nangang District,Harbin - 150090,China",1 Job,"HK$10,937,000",16 Dec 2015,MTR_Tender_Dec15_table1.csv,2015,Dec15,https://www.mtr.com.hk/en/corporate/tenders/Dec15.html
Q038897,Selective,Provision of Security Guarding Service for Luggage Carriage Control for MTR Stations along East Rail Line,"International Wing Shing Security Management LtdRoom 1201-2, 12/F, Fee Tat Commercial Centre,613 Nathan Road,Mongkok,Kowloon, Hong Kong",Not Applicable,"HK$6,867,439",4 Dec 2015,MTR_Tender_Dec15_table1.csv,2015,Dec15,https://www.mtr.com.hk/en/corporate/tenders/Dec15.html
Q040037,Selective,Provision of Term Workers for MTRCL Managed Properties,"City Professional Management Ltd3D, HK Spinners Industrial Building, Phase 5,460-2 Cheung Sha Wan Road,Cheung Sha Wan,Kowloon, Hong Kong",3 Years,"HK$162,128,880",30 Dec 2015,MTR_Tender_Dec15_table1.csv,2015,Dec15,https://www.mtr.com.hk/en/corporate/tenders/Dec15.html
Q046409,Selective,"Roadworks R2, R5 and D9 at LOHAS Park, Tseung Kwan O","Kum Shing (K F) Construction Co LtdG/F,28 Tsun Fat Street,To Kwa Wan,Kowloon, Hong Kong",Not Applicable,"HK$90,980,000",18 Dec 2015,MTR_Tender_Dec15_table1.csv,2015,Dec15,https://www.mtr.com.hk/en/corporate/tenders/Dec15.html
M1032-11E,Selective,Maintenance Services of FSD TETRA Radio Systems,"Cassidian Hong Kong LtdUnit 905-909, Level 9,Tower 1, Millennium City 1,388 Kwun Tong Road,Kwun Tong,Kowloon,Hong Kong",Not Applicable,"HK$22,147,784",19 Jun 2015,MTR_Tender_Jun15_table1.csv,2015,Jun15,https://www.mtr.com.hk/en/corporate/tenders/Jun15.html
M1099-14E,Selective,Maintenance Services for Building Services at WIL and KTE,"Shinryo (Hong Kong) Ltd5/F, Guardian House,32 Oi Kwan Road,Wanchai,Hong Kong",Not Applicable,"HK$83,908,000",12 Jun 2015,MTR_Tender_Jun15_table1.csv,2015,Jun15,https://www.mtr.com.hk/en/corporate/tenders/Jun15.html
M1103-14E,Selective,Maintenance Services for AFC and ACS Equipment,"KML Engineering LtdB12, G/F,Shatin Industrial Centre,Siu Lek Yuen Road,Shatin,New Territories,Hong Kong",Package I,"HK$35,139,303",16 Jun 2015,MTR_Tender_Jun15_table1.csv,2015,Jun15,https://www.mtr.com.hk/en/corporate/tenders/Jun15.html
Q035339,Selective,Provision of Station Assistant Service for Various Projects in 2015 and 2016,"Honway Security LtdRm 1412C-E, 14/F,Witty Commercial Building,1A-1J Tung Choi Street,Mongkok,Kowloon, Hong Kong",1 Year,"HK$22,807,200",11 Jun 2015,MTR_Tender_Jun15_table1.csv,2015,Jun15,https://www.mtr.com.hk/en/corporate/tenders/Jun15.html
Q036828,Selective,Provision of WiFi Services in MTR Stations and Airport Express Trains,"Hong Kong Telecommunications (HK) Ltd39/F, PCCW Tower,Taikoo Place,Quarry Bay,Hong Kong",5 Years,Not Disclosed,8 Jun 2015,MTR_Tender_Jun15_table1.csv,2015,Jun15,https://www.mtr.com.hk/en/corporate/tenders/Jun15.html
Q037180,Selective,"Provision of Services for Customer Service Centres & Backend Accountancy for MTR TKL, CAB Group Stations & KETGroup Stations & WRL Stations","Syners Management Services Ltd25F, Hsin Chong Centre,107-109 Wai Yip Street,Kwun Tong,Kowloon, Hong Kong",3 Years,"HK$95,710,542",23 Jun 2015,MTR_Tender_Jun15_table1.csv,2015,Jun15,https://www.mtr.com.hk/en/corporate/tenders/Jun15.html
Q039137,Selective,Preparation Works for COR Examination of MTR Buses,"Wah Kee Auto Body Works Company LtdFlat 803, 8/F,Kin Wing Industrial Building, 33 Kin Wing Street,Tuen Mun,New Territories,Hong Kong",7 Items,"Estimate HK$7,191,000",18 Jun 2015,MTR_Tender_Jun15_table1.csv,2015,Jun15,https://www.mtr.com.hk/en/corporate/tenders/Jun15.html
Q040057,Limited,"KL016.13 - Provision of Corporate Data Network Ports on EAL, WRL and at Major Locations","Roctec Technology LtdRm. 1502-1504,Kodak House II,321 Java Road,North Point,Hong Kong",1 Job,"HK$5,620,000",24 Jun 2015,MTR_Tender_Jun15_table1.csv,2015,Jun15,https://www.mtr.com.hk/en/corporate/tenders/Jun15.html
Q036471,Selective,"Advertising Agency Service at EAL, WRL, MOL, LR and Buses","Asiaray Metro Media LtdUnit 01-03, 17/F, Kornhill Plaza-Office Tower,1 Kornhill Road,Quarry Bay,Hong Kong",3 Years,Not Disclosed,11 May 2015,MTR_Tender_May15_table1.csv,2015,May15,https://www.mtr.com.hk/en/corporate/tenders/May15.html
Q036895,Limited,Maritime Square Extension Works,"Kaden Construction LtdUnits 601-605A, 6/F, Tower B, Manulife Financial Centre,223 Wai Yip Street,Kwun Tong,Kowloon, Hong KongHong Kong",Not Applicable,"HK$707,000,000",6 May 2015,MTR_Tender_May15_table1.csv,2015,May15,https://www.mtr.com.hk/en/corporate/tenders/May15.html
Q037801,Limited,CS025 - Provision of SIL(E) Signalling and Main Control System Layout in OCC Mimic Display Panel System,"Ansaldo STS France4, Avenue du Canada,CS 70243-91978 Courtaboeuf Cedex,France",1 Job,"HK$5,760,571",4 May 2015,MTR_Tender_May15_table1.csv,2015,May15,https://www.mtr.com.hk/en/corporate/tenders/May15.html
Q038372,Selective,Provision of Lettershopping Services,"Guardforce Ltd1/F, Guardforce Center,3 Hok Yuen Street East,Hung Hom,Kowloon, Hong Kong",3 Years,Not Disclosed,12 May 2015,MTR_Tender_May15_table1.csv,2015,May15,https://www.mtr.com.hk/en/corporate/tenders/May15.html
Q039117,Limited,KL018.03 - Modification of Public Address System for MOL 8-car Extended Platform,"Siemens Ltd22/F, AIA Kowloon Tower, Landmark East,100 How Ming Street,Kwun Tong,Kowloon, Hong Kong",1 Job,"HK$6,888,866",7 May 2015,MTR_Tender_May15_table1.csv,2015,May15,https://www.mtr.com.hk/en/corporate/tenders/May15.html
1122,Selective,Admiralty South Overrun Tunnel,"Vinci Construction Grands Projets3/F Chung Nam Building,1 Lockhart Road,Wanchai,Hong Kong",1 Job,"HK$412,138,888",15 Oct 2015,MTR_Tender_Oct15_table1.csv,2015,Oct15,https://www.mtr.com.hk/en/corporate/tenders/Oct15.html
C1471-15E,Selective,Replacement of Direct Current Circuit Breakers in KTL and TWL,"CLP Engineering Ltd36/F, Asia Trade Centre,79 Lei Muk Road,Kwai Chung,New Territories, Hong Kong",Not Applicable,"HK$68,700,000",6 Oct 2015,MTR_Tender_Oct15_table1.csv,2015,Oct15,https://www.mtr.com.hk/en/corporate/tenders/Oct15.html
KL048-14E,Selective,Existing Plantroom Relocation at ADM for SCL,"Shimizu CorporationUnit 1313-1315, Tower 1, Metroplaza,223 Hing Fong Road,Kwai Fong,New Territories, Hong Kong",Not Applicable,"HK$148,717,717",8 Oct 2015,MTR_Tender_Oct15_table1.csv,2015,Oct15,https://www.mtr.com.hk/en/corporate/tenders/Oct15.html
M1108-15E,Selective,Maintenance Services for MTCS in EAL/WRL/MOL,"CommScope Technologies LLCRoom 915-917, Chevalier Commercial Centre,8 Wang Hoi Road,Kowloon Bay,Kowloon, Hong Kong",Not Applicable,"HK$5,153,560",6 Oct 2015,MTR_Tender_Oct15_table1.csv,2015,Oct15,https://www.mtr.com.hk/en/corporate/tenders/Oct15.html
Q032613,Selective,Supply of Forged Monobloc Wheels for MTR Passenger Trains,"BONATRANS Group a.s.Revolucni 1234,Bohumin 735 94,Czech Republic","11,100 Numbers","HK$83,647,034",27 Oct 2015,MTR_Tender_Oct15_table1.csv,2015,Oct15,https://www.mtr.com.hk/en/corporate/tenders/Oct15.html
Q036193,Selective,Replacement of Underfloor Wheel Lathe at Ho Tung Lau Depot,"The Jardine Engineering Corporation, Ltd5/F, Tower A, Manulife Financial Centre,223-231 Wai Yip Street,Kwun Tong,Kowloon, Hong Kong",1 Job,"HK$31,446,000",9 Oct 2015,MTR_Tender_Oct15_table1.csv,2015,Oct15,https://www.mtr.com.hk/en/corporate/tenders/Oct15.html
Q040035,Selective,Provision of Term Workers for MTRCL Managed Properties,"Advanc Engineering (Development) LtdUnit D, 9/F, World Tech Centre,95 How Ming Street,Kwun Tong,Kowloon, Hong Kong",1 Item,"HK$130,248,727",22 Oct 2015,MTR_Tender_Oct15_table1.csv,2015,Oct15,https://www.mtr.com.hk/en/corporate/tenders/Oct15.html
Q040353,Selective,"Supply and Installation of Audio Visual System at MTR Headquarters, Citylink & Kowloon Bay Offices","KMP Technology (Project) LtdRoom A, 13/F, Wing Cheung Industrial Building,109 How Ming Street,Kwun Tong,Kowloon, Hong Kong",1 Item,"HK$8,821,014",27 Oct 2015,MTR_Tender_Oct15_table1.csv,2015,Oct15,https://www.mtr.com.hk/en/corporate/tenders/Oct15.html
Q040789,Selective,Supply of Diesel Vans,"Honest Motors Ltd9/F, DCH Building,20 Kai Cheung Road,Kowloon Bay,Kowloon, Hong Kong",6 Months,Not Disclosed,28 Oct 2015,MTR_Tender_Oct15_table1.csv,2015,Oct15,https://www.mtr.com.hk/en/corporate/tenders/Oct15.html
Q034614,Selective,"Renovation Works at External Walls at Citylink, Shatin","Shun Yuen Construction Co LtdOffice 1, 6/F, Rykadan Capital Tower, 135 Hoi Bun Road,Kwun Tong,Kowloon, Hong Kong",Not Applicable,"HK$23,252,500",13 Feb 2015,MTR_Tender_Feb15_table1.csv,2015,Feb15,https://www.mtr.com.hk/en/corporate/tenders/Feb15.html
Q036887,Selective,"Design, Supply and Replacement of LED TV Wall at Podium Floor of Elements","Roctec Technology LimitedRoom 1502-1504, Kodak House II,321 Java Road,North Point, Hong Kong",Not Applicable,"HK$4,280,000",24 Feb 2015,MTR_Tender_Feb15_table1.csv,2015,Feb15,https://www.mtr.com.hk/en/corporate/tenders/Feb15.html
C1013-15E,Selective,Provision of In-Train TV System,"NEC Hong Kong Ltd25/F, The Metropolis Tower,10 Metropolis Drive, Hunghom,Kowloon, Hong Kong",Not Applicable,"HK$63,932,390",3 Nov 2015,MTR_Tender_Nov15_table1.csv,2015,Nov15,https://www.mtr.com.hk/en/corporate/tenders/Nov15.html
Q035193,Selective,Supply of Door Trolley for MTR Trains,"Changchun Railway Vehicles Co LtdNo. 435, Qingyin Road,Changchun City,Jilin Province,China",1 Lot,"HK$2,067,000",30 Nov 2015,MTR_Tender_Nov15_table1.csv,2015,Nov15,https://www.mtr.com.hk/en/corporate/tenders/Nov15.html
Q035337,Selective,"Provision of  Security Guarding Services for Fotan Freight Yards, Lo Wu Marshalling Yard and Sheung Shui Slaughter House Siding","International Wing Shing Security Management LtdRoom 1201-2, 12/F, Fee Tat Commercial Centre,613 Nathan Road,Mongkok,Kowloon, Hong Kong",Not Applicable,"HK$7,926,362",18 Nov 2015,MTR_Tender_Nov15_table1.csv,2015,Nov15,https://www.mtr.com.hk/en/corporate/tenders/Nov15.html
Q040700,Selective,Supply and Installation of Multi-function Printing Devices,"Konica Minolta Business Solutions (HK) LtdRoom 208, 2/F Eastern Centre,1065 King's Road,Quarry Bay,Hong Kong",36 Months,Not Disclosed,18 Nov 2015,MTR_Tender_Nov15_table1.csv,2015,Nov15,https://www.mtr.com.hk/en/corporate/tenders/Nov15.html
K1499.A-15C,Selective,Slope Improvement Works along EAL Phase 5A,"China Geo-EngineeringCorporationRoom 2421-25, Sun Hung Kai Centre,30 Harbour Road,Wanchai,Hong Kong",Not Applicable,"HK$92,800,000",13 Aug 2015,MTR_Tender_Aug15_table1.csv,2015,Aug15,https://www.mtr.com.hk/en/corporate/tenders/Aug15.html
M1107-15E,Selective,Maintenance Services for MTR/HKP Radio Systems in DRL/EAL/MOL & In-Cab CCTV in TKL,"Radio Frequency Engineering LtdUnit 2101-5, 21/F,6 Shing Yip Street,Kwun Tong,Kowloon, Hong Kong",Not Applicable,"HK$8,288,000",28 Aug 2015,MTR_Tender_Aug15_table1.csv,2015,Aug15,https://www.mtr.com.hk/en/corporate/tenders/Aug15.html
Q037546,Selective,Provision of Artwork Production Services,"ITS CoUnit 1513A, Wah Wai Industrial Building,38-40 Au Pui Wan Street, Fotan,New Territories, Hong Kong",2 Years,Not Disclosed,28 Aug 2015,MTR_Tender_Aug15_table1.csv,2015,Aug15,https://www.mtr.com.hk/en/corporate/tenders/Aug15.html
Q038979,Selective,Term Contract for General Building Repair and Shop Repartitioning Works for Designated Investment Properties,"Hang Cheong Construction & Decoration Co8D Skyline Tower,14-18 Tong Mei Road,Mongkok,Kowloon, Hong Kong",1 Job,"HK$54,000,000",7 Aug 2015,MTR_Tender_Aug15_table1.csv,2015,Aug15,https://www.mtr.com.hk/en/corporate/tenders/Aug15.html
Q039980,Selective,Supply of 999.9 Gold Medallion for Long Service Awards,"Chow Tai Fook Jewellery Co Ltd25/F, World Peace Centre,41-55 Wo Tong Tsui Street,Kwai Chung,New Territories, Hong Kong(HK & Macau Management Centre)",3 Years,Not Disclosed,18 Aug 2015,MTR_Tender_Aug15_table1.csv,2015,Aug15,https://www.mtr.com.hk/en/corporate/tenders/Aug15.html
1166B,Selective,Shatin to Central Link: Main Control System for SCL Phase 2,"Thales Transport & Security (Hong Kong) LtdRm 1106-1107, New Kowloon Plaza,38 Tai Kok Tsui Road,Tai Kok Tsui,Kowloon, Hong Kong",Not Applicable,"HK$132,228,899",9 Mar 2015,MTR_Tender_Mar15_table1.csv,2015,Mar15,https://www.mtr.com.hk/en/corporate/tenders/Mar15.html
M975-06E,Selective,Maintenance Services for Radio Systems,"CLP Engineering Ltd36/F, Asia Trade Centre,79 Lei Muk Road,Kwai Chung,New Territories, Hong Kong",Not Applicable,"HK$3,355,861",27 Mar 2015,MTR_Tender_Mar15_table1.csv,2015,Mar15,https://www.mtr.com.hk/en/corporate/tenders/Mar15.html
M1033-11E,Selective,Maintenance Services of HKP TETRA Radio Systems,"Motorola Solutions Asia Pacific Ltd18/F, Two Harbourfront,22 Tak Fung Street,Hunghom,Kowloon, Hong Kong",Not Applicable,"HK$10,843,348",20 Mar 2015,MTR_Tender_Mar15_table1.csv,2015,Mar15,https://www.mtr.com.hk/en/corporate/tenders/Mar15.html
1153B,Selective,Shatin to Central Link: Tunnel ECS for SCL Phase 2,"Shinryo Corporation5/F, Guardian House,32 Oi Kwan Road,Wanchai,Hong Kong",Not Applicable,"HK$179,939,997",14 Apr 2015,MTR_Tender_Apr15_table1.csv,2015,Apr15,https://www.mtr.com.hk/en/corporate/tenders/Apr15.html
Q028270,Selective,Switches and Crossings Assemblies for Railway Track,"China Railway Material Group Hong Kong & Macau Co Ltd11th Building, No 3026,Jiuzhou West Road,Zhuhai City, 519070,China",322 Items,"Estimate HK$74,500,000in total in the 5 years",29 Apr 2015,MTR_Tender_Apr15_table1.csv,2015,Apr15,https://www.mtr.com.hk/en/corporate/tenders/Apr15.html
Q033575,Selective,Provision of Security Guards for Hawker and Beggar Control and Kiosk Delivery Control Services,"International Wing Shing Security Management LimitedUnit 1201-2, 12/F, Fee Tat Commercial Centre,613 Nathan Road,Mongkok,Kowloon, Hong Kong",2 Years,"HK$26,661,378",23 Apr 2015,MTR_Tender_Apr15_table1.csv,2015,Apr15,https://www.mtr.com.hk/en/corporate/tenders/Apr15.html
Q034683,Selective,Replacement of AEL Multimedia System,"Weltek Technologies Co LtdFlat A&B, 12/F, Block 1, Wah Fung Industrial Centre,33 Kwai Fung Crescent,Kwai Chung,New Territories, Hong Kong",1 Job,"HK$8,469,000",24 Apr 2015,MTR_Tender_Apr15_table1.csv,2015,Apr15,https://www.mtr.com.hk/en/corporate/tenders/Apr15.html
Q037127,Selective,Supply of Sign Boxes in MTR stations,"Hoy Hung Engineering LtdUnit E-H, 3/F, Shui Sum Industrial Building,8-10 Kwai Sau Road,Kwai Chung,New Territories, Hong Kong",3 Years,Not Disclosed,21 Apr 2015,MTR_Tender_Apr15_table1.csv,2015,Apr15,https://www.mtr.com.hk/en/corporate/tenders/Apr15.html
Q037167,Selective,Provision of Production & Installation Services for Hoarding Stickers in MTR Stations,"East Asia Professional Photofinishing Laboratory Ltd8/F, Hop Shi Factory Building,29-31 Lee Chung Street,Chaiwan,Hong Kong",2 Years,Not Disclosed,2 Apr 2015,MTR_Tender_Apr15_table1.csv,2015,Apr15,https://www.mtr.com.hk/en/corporate/tenders/Apr15.html
Q037862,Limited,CW028 - Modification of Signalling Indication and Control Panel Simulator for WIL/KTE,"Thales Transport & Security (Hong Kong) LtdUnits 908-909, New Kowloon Plaza,38 Tai Kok Tsui Road,Tai Kok Tsui,Kowloon, Hong Kong",1 Job,"HK$5,490,000",28 Apr 2015,MTR_Tender_Apr15_table1.csv,2015,Apr15,https://www.mtr.com.hk/en/corporate/tenders/Apr15.html
Q038370,Selective,Distribution of Free Tourism Publication/Map in MTR Stations,"New Excel Media Group LtdUnit 601-605, 6/F, Wayson Commercial Building,28 Connaught Road West,Sheung Wan,Hong Kong",2 Years,Not Disclosed,29 Apr 2015,MTR_Tender_Apr15_table1.csv,2015,Apr15,https://www.mtr.com.hk/en/corporate/tenders/Apr15.html
Q039009,Selective,Provision of Unilluminated Sign Panel,"All-way Engineering & Production Co LtdFlat E, 12/F, Kingsford Industrial Building, Phase II,26-32 Kwai Hei Street,Kwai Chung,New Territories, Hong Kong",2 Years,Not Disclosed,22 Apr 2015,MTR_Tender_Apr15_table1.csv,2015,Apr15,https://www.mtr.com.hk/en/corporate/tenders/Apr15.html
C6008.B-15C,Selective,"Refurbishment of Concourse, Platforms and Entrances in ADM","Program Contractors Ltd19/F, Wing Shing Industrial Building,26 Ng Fong Street,San Po Kong,Kowloon, Hong Kong",Not Applicable,"HK$73,687,540",10 Sep 2015,MTR_Tender_Sep15_table1.csv,2015,Sep15,https://www.mtr.com.hk/en/corporate/tenders/Sep15.html
M1039-12E,Selective,Maintenance Services for DCS in KTL/TKL/TWL/ISL/AEL/TCL/DRL,"CommScope Technologies LLCc/o CommScope Technologies (Hong Kong) LtdRoom 915-917, Chevalier Commercial Centre,8 Wang Hoi Road,Kowloon Bay,Kowloon, Hong Kong",Not Applicable,"HK$13,325,446",29 Sep 2015,MTR_Tender_Sep15_table1.csv,2015,Sep15,https://www.mtr.com.hk/en/corporate/tenders/Sep15.html
M1051-12E,Selective,"Maintenance Services for Passenger Information Display System in ISL, KTL and TWL","Itochu Hong Kong Ltd28/F, United Centre,95 Queensway,Hong Kong",Not Applicable,"HK$6,454,562",29 Sep 2015,MTR_Tender_Sep15_table1.csv,2015,Sep15,https://www.mtr.com.hk/en/corporate/tenders/Sep15.html
Q037979,Selective,"Fitting-out Works of MTR Hung Hom Office Building, Citylink and MTR Headquarters Building for Office and Training Room Relocation","Thomas Lo Contracting LtdRoom 1202, 12/F Billion Plaza,8 Cheung Yue Street,Cheung Sha Wan,Kowloon, Hong Kong",1 Job,"HK$32,042,199",4 Sep 2015,MTR_Tender_Sep15_table1.csv,2015,Sep15,https://www.mtr.com.hk/en/corporate/tenders/Sep15.html
Q037980,Selective,Addition & Alteration Works for Level 1 to Level 8 of MTR Headquarters Building and Telford Plaza II,"Yearfull Contracting Ltd17/F, SUP Tower,75-83 King's Road,North Point,Hong Kong",1 Job,"HK$133,694,768",4 Sep 2015,MTR_Tender_Sep15_table1.csv,2015,Sep15,https://www.mtr.com.hk/en/corporate/tenders/Sep15.html
Q040948,Selective,Provision of Waste Recycling Management Service for MTR Managed Properties,"On Kee (HK) Environmental Recycling LtdFlat K, 2/F, Marvel Industrial Building,25-31 Kwai Fung Crescent,Kwai Chung,New Territories, Hong Kong",3 Years,Not Disclosed,25 Sep 2015,MTR_Tender_Sep15_table1.csv,2015,Sep15,https://www.mtr.com.hk/en/corporate/tenders/Sep15.html
1120B,Selective,Shatin to Central Link: Trackwork and Overhead Line for SCL (Phase II),"Eiffage Infra-Bau Tak Yue Joint VentureRoom C, 13/F, Winner Building,32-40 Man Yue Street,Hung Hom,Kowloon, Hong Kong",1 Job,"HK$204,999,695",8 Jul 2016,MTR_Tender_Jul16_table1.csv,2016,Jul16,https://www.mtr.com.hk/en/corporate/tenders/Jul16.html
K1846-15E,Selective,Procurement of New Light Rail Vehicles,"CRRC Nanjing Puzhen Co LtdNo. 68, North Puzhu Road,Taishan Park,High-new Development Zone,Nanjing City 210031,China",40 Nos.,"HK$745,330,713.97",7 Jul 2016,MTR_Tender_Jul16_table1.csv,2016,Jul16,https://www.mtr.com.hk/en/corporate/tenders/Jul16.html
M1128-16E,Selective,"Maintenance Services for DCS for SYP, HKU & KET","Comba Telecom Ltd611, East Wing,No. 8 Science Park West Avenue,Hong Kong Science Park,Tai Po,New Territories, Hong Kong",Not Applicable,"HK$1,715,900",25 Jul 2016,MTR_Tender_Jul16_table1.csv,2016,Jul16,https://www.mtr.com.hk/en/corporate/tenders/Jul16.html
1171,Selective,Back-up Access Vehicles,"CRRC Sifang Co., Ltd.9 Hongping Road, Chengyang District, Qingdao, China",6 Nos.,"HK$13,608,385",5 Sep 2016,MTR_Tender_Sep16_table1.csv,2016,Sep16,https://www.mtr.com.hk/en/corporate/tenders/Sep16.html
Q046692,Selective,Provision of Scheme Administration Services for MTR Corporation Limited Provident Fund Scheme,"HSBC Institutional Trust Services (Asia) Limited17/F, Tower 2 and 3, HSBC Centre, 1 Sham Mong Road, Kowloon, Hong Kong",3 Years,Not Disclosed,28 Sep 2016,MTR_Tender_Sep16_table1.csv,2016,Sep16,https://www.mtr.com.hk/en/corporate/tenders/Sep16.html
Q046798,Selective,Provision of Shuttle Bus Services for Investment Properties,"Kwoon Chung Motors Company Limited3/F, 8 Chong Fu Road, Chai Wan, Hong Kong.",2 Years,"HK$8,760,000",26 Sep 2016,MTR_Tender_Sep16_table1.csv,2016,Sep16,https://www.mtr.com.hk/en/corporate/tenders/Sep16.html
Q046883,Selective,Provision of Promotional Materials for Marketing Communications,"Standard (Chan's) Company7/F, 20 Lee Chung Street, Chai Wan, Hong Kong",3 Years,Not Disclosed,12 Sep 2016,MTR_Tender_Sep16_table1.csv,2016,Sep16,https://www.mtr.com.hk/en/corporate/tenders/Sep16.html
Q047341,Selective,Advertising Agency Service for MTR Malls and Commercial Premises,"Asiaray Outdoor Media LimitedUnit 01-03, 17/F Kornhill Plaza - Office Tower, 1 Kornhill Road, Quarry Bay, Hong Kong",5 Years,"HK$157,607,887",23 Sep 2016,MTR_Tender_Sep16_table1.csv,2016,Sep16,https://www.mtr.com.hk/en/corporate/tenders/Sep16.html
860G,Selective,Express Rail Link - Depot Equipment for Shek Kong Stabling Sidings - Underfloor Wheel Lathe,"Jebsen & Jessen Technology (S) Pte Ltd18 Enterprise Road, Singapore 629824",Not Applicable,"HK$25,388,509",8 Dec 2016,MTR_Tender_Dec16_table1.csv,2016,Dec16,https://www.mtr.com.hk/en/corporate/tenders/Dec16.html
860H,Selective,Express Rail Link: Depot Equipment for Shek Kong Stabling Sidings - Wheel and Axle Inspection Equipment for High Speed Trains,arxes-tolina GmbHPiesporter Straβe No.3710589 BerlinGermany,Not Applicable,"HK$14,859,447",8 Dec 2016,MTR_Tender_Dec16_table1.csv,2016,Dec16,https://www.mtr.com.hk/en/corporate/tenders/Dec16.html
1168,Selective,Shatin to Central Link: Train Wash Plant for SCL Phase 1,"Jebsen & Jessen Technology (S) Pte Ltd.18 Enterprise Road, Singapore 629824",Not Applicable,"HK$11,325,000",9 Dec 2016,MTR_Tender_Dec16_table1.csv,2016,Dec16,https://www.mtr.com.hk/en/corporate/tenders/Dec16.html
1169B,Selective,Shatin to Central Link: Communications System for SCL Phase 2,"CLP Enginnering Limited36/F, Asia Trade Centre, 79 Lei Muk Road, Kwai Chung, New Territories, Hong Kong",Not Applicable,"HK$112,355,003",9 Dec 2016,MTR_Tender_Dec16_table1.csv,2016,Dec16,https://www.mtr.com.hk/en/corporate/tenders/Dec16.html
Q048849,Selective,Supply and Maintenance for Signage Labels and Materials,"Mountain Arts Production Co., Ltd.Flat 1 & 9, 5/F., Sunray Industrial Centre, 610C Cha Kwo Ling Road, Yau Tong Bay, Kowloon, Hong Kong",3 Years,Not Disclosed,9 Dec 2016,MTR_Tender_Dec16_table1.csv,2016,Dec16,https://www.mtr.com.hk/en/corporate/tenders/Dec16.html
Q048925,Selective,Implementation of Security Information and Event Manaement System (SIEM) and Provision of Managed Security Services (MSS),"Global Technology Integrator Ltd.Unit 3603-3609, 36/F., 1 Hung To Road, Kwun Tong, Kowloon, Hong Kong",1 Job,"HK$5,202,200",14 Dec 2016,MTR_Tender_Dec16_table1.csv,2016,Dec16,https://www.mtr.com.hk/en/corporate/tenders/Dec16.html
T0953-16C,Selective,Provision of Term Workers for Infrastructure Maintenance Department,"Hop Yuen Construction Company2/F., Hop Yeun Centre, 171 Queen's Road Central, Hong Kong",2 Years,Not Applicable,8 Dec 2016,MTR_Tender_Dec16_table1.csv,2016,Dec16,https://www.mtr.com.hk/en/corporate/tenders/Dec16.html
Q048460,Selective,Provision of Wi-Fi Services for MTR Intercity Through Train (Ktt),"HK Easy Shop LimitedFloor 20, Fun Tower, 35 Hung To Road, Kwun Tong, Kowloon, Hong Kong",3 Years,Not Disclosed,24 Oct 2016,MTR_Tender_Oct16_table1.csv,2016,Oct16,https://www.mtr.com.hk/en/corporate/tenders/Oct16.html
8217,Selective,Backfilling of Shek Yam Construction Adit,"Tapbo Civil Engineering Company LimitedUnit 2, 12/F, Yee Kuk Industrial Centre, 555 Yee Kuk Street, Cheung Sha Wan, Kowloon, Hong Kong",Not Applicable,"HK$24,505,877",22 Nov 2016,MTR_Tender_Nov16_table1.csv,2016,Nov16,https://www.mtr.com.hk/en/corporate/tenders/Nov16.html
C5503-16E,Selective,Mid-Life Asset Replacement for ECS/PRC System,"Siemens Limited10/F, Tower B, Manulife Financial Centre, 223-231 Wai Yip St., Kwun Tong, Hong Kong",Not Applicable,"HK$8,680,978 + A$8,122,183",7 Nov 2016,MTR_Tender_Nov16_table1.csv,2016,Nov16,https://www.mtr.com.hk/en/corporate/tenders/Nov16.html
M1126-16E,Selective,Maintenance Services for ECS/PRC System,"Siemens Limited10/F, Tower B, Manulife Financial Centre, 223-231 Wai Yip St., Kwun Tong, Hong Kong",Not Applicable,"HK$20,103,895 + A$5,442,046",21 Nov 2016,MTR_Tender_Nov16_table1.csv,2016,Nov16,https://www.mtr.com.hk/en/corporate/tenders/Nov16.html
Q043035,Selective,Replacement of Bus Contactless Smart Card Processors and Bus Depot Computers,"ERG Transit Systems (HK) LimitedUnit 4A, First Group Centre, 14 Wang Tai Road, Kowloon Bay, Kowloon, Hong Kong.",1 Job,"HK$13,981,519",15 Nov 2016,MTR_Tender_Nov16_table1.csv,2016,Nov16,https://www.mtr.com.hk/en/corporate/tenders/Nov16.html
Q043332,Selective,"Operation of Duty Free Business at Hung Hom, Lo Wu and Lok Ma Chau Stations","Anway LimitedUnit 816 – 823, 8th Floor, Trade Square, 681 Cheung Sha Wan Road, Kowloon, Hong Kong",5 Years,Not Disclosed,22 Nov 2016,MTR_Tender_Nov16_table1.csv,2016,Nov16,https://www.mtr.com.hk/en/corporate/tenders/Nov16.html
Q044533,Selective,Supply of LCD Panels for EAL MLR Trains,"Shun Hing Systems Integration Company Limited16/F, Shun Hing Centre, 8 Shing Yiu Street, Kwai Chung, N.T., Hong Kong",1 Lot,"HK$4,408,200",3 Nov 2016,MTR_Tender_Nov16_table1.csv,2016,Nov16,https://www.mtr.com.hk/en/corporate/tenders/Nov16.html
Q045961,Selective,Modification of C-Train Door Bottom Guide Assembly,"CRC (Hong Kong) International Corporation Limited11/F, AXA Centre, 151 Gloucester Road, Wanchai, Hong Kong",1 Job,"HK$6,275,600",15 Nov 2016,MTR_Tender_Nov16_table1.csv,2016,Nov16,https://www.mtr.com.hk/en/corporate/tenders/Nov16.html
Q046452,Selective,"Provision of Security Guarding Services for Sheung Shui, Lok Ma Chau, Lo Wu and East Tsim Sha Tsui Stations","Honway Security Limited22/F, Hong Kong Chinese Bank, Causeway Bay Centre, 42-44 Yee Wo Street, Causeway Bay, Hong Kong",28 Months,"HK$11,083,718",24 Nov 2016,MTR_Tender_Nov16_table1.csv,2016,Nov16,https://www.mtr.com.hk/en/corporate/tenders/Nov16.html
Q046485,Selective,Provision of Marketing and Event Management Services for MTR Malls,"Almond LimitedUnit D, 8/F, Ka Ming Court, 688-690 Castle Peak Road, Kowloon, Hong Kong",3 Years,Not Disclosed,1 Nov 2016,MTR_Tender_Nov16_table1.csv,2016,Nov16,https://www.mtr.com.hk/en/corporate/tenders/Nov16.html
Q046486,Selective,Provision of Design and Production of Decoration for MTR Malls,"Pico International (HK) LimitedPico House, 4 Dai Fu Street, Tai Po Industrial Estate, New TerritoriesHong Kong",3 Years,Not Disclosed,30 Nov 2016,MTR_Tender_Nov16_table1.csv,2016,Nov16,https://www.mtr.com.hk/en/corporate/tenders/Nov16.html
Q046933,Selective,Provision of Advertising Agency Services for Branding and Marketing Communications,"Cheil Hong Kong Limited2/F, 299 QRC, 299 Queen's Road Central, Sheung Wan, Hong Kong",2 Years,Not Disclosed,8 Nov 2016,MTR_Tender_Nov16_table1.csv,2016,Nov16,https://www.mtr.com.hk/en/corporate/tenders/Nov16.html
Q048464,Selective,Provision of Maintenance Services for Advertising Panels in MTR Stations,"Westwood LimitedUnit A1, G/F, Hi-Tech Industrial Centre, 5-21 Pak Tin Par Street, Tsuen Wan, New Territories, Hong Kong",2 Years,Not Disclosed,28 Nov 2016,MTR_Tender_Nov16_table1.csv,2016,Nov16,https://www.mtr.com.hk/en/corporate/tenders/Nov16.html
1191,Selective,Shatin to Central Link: Floodgate System for SCL Phase 2,"The Jardine Engineering Corporation, Limited5/F, Tower A, Manulife Financial Centre, 223-231 Wai Yip Street, Kwun Tong, Kowloon, Hong Kong",Not Applicable,"HK$60,259,267",8 Jan 2016,MTR_Tender_Jan16_table1.csv,2016,Jan16,https://www.mtr.com.hk/en/corporate/tenders/Jan16.html
1124,Selective,Shatin to Central Link: Admiralty SCL Related Works,"Leader - Kaden SCL1124 Joint VentureUnits 601-605A, 6/F, Tower B,Manulife Financial Centre,223 Wai Yip Street,Kwun Tong,Kowloon, Hong Kong",1 Job,"HK$833,606,000",10 Mar 2016,MTR_Tender_Mar16_table1.csv,2016,Mar16,https://www.mtr.com.hk/en/corporate/tenders/Mar16.html
Q036129,Selective,Supply of Gangway Bellows for Trains Operated in TCL and TKL,"Hubner Interface Systems (Shanghai) Co LtdBuilding 81,No. 90 Delin Road,Waigaoqiao Free Trade Zone,Shanghai 200131,China",1 Job,"HK$1,930,163",31 Mar 2016,MTR_Tender_Mar16_table1.csv,2016,Mar16,https://www.mtr.com.hk/en/corporate/tenders/Mar16.html
Q041784,Selective,Provision of Event Management and Production Services for MTR HONG KONG Race Walking,"Oval Design Ltd22D, Legend Tower,7 Shing Yip Street,Kwun Tong,Kowloon, Hong Kong",1 Year,Not disclosed,22 Mar 2016,MTR_Tender_Mar16_table1.csv,2016,Mar16,https://www.mtr.com.hk/en/corporate/tenders/Mar16.html
CT125-15E,Selective,DCS Network Replacement (Phase 1),"Huawei International Co Ltd9/F, Tower 6, The Gateway,9 Canton Road,Tsim Sha Tsui,Kowloon, Hong Kong",Not Applicable,"HK$64,853,974",12 Apr 2016,MTR_Tender_Apr16_table1.csv,2016,Apr16,https://www.mtr.com.hk/en/corporate/tenders/Apr16.html
Q040790,Selective,Supply of 5.5 Ton Diesel Lorries,"Universal Cars Ltd5/F, Sime Darby House,380 Castle Peak Road,Tsuen Wan,New Territories, Hong Kong",15 units,Not disclosed,13 Apr 2016,MTR_Tender_Apr16_table1.csv,2016,Apr16,https://www.mtr.com.hk/en/corporate/tenders/Apr16.html
Q040872,Selective,Ultrasonic Testing Vehicle,"Rail Technology International Pty Ltd9, Commercial Drive, Lynbrook,Victoria, 3975,Australia",1 Job,"HK$37,643,174",26 Apr 2016,MTR_Tender_Apr16_table1.csv,2016,Apr16,https://www.mtr.com.hk/en/corporate/tenders/Apr16.html
Q042776,Selective,Supply and Installation of Signage Materials for New Lines Opening,"Mountain Arts Production Co LtdFlat 1 & 9, 5/F, Sunray Industrial Centre,610C Cha Kwo Ling Road, Yau Tong Bay,Kowloon, Hong Kong",1 Job,"HK$970,448",27 Apr 2016,MTR_Tender_Apr16_table1.csv,2016,Apr16,https://www.mtr.com.hk/en/corporate/tenders/Apr16.html
C1496-15E,Limited,"Replacement of CVCM Track Circuits in ISL, KTL, TWL, TKL, AEL and TCL","ALSTOM Hong Kong LtdUnit 1011, 10/F, New Kowloon Plaza,38 Tai Kok Tsui Road,Tai Kok Tsui,Kowloon, Hong Kong",Not Applicable,"HK$242,628,690",5 Feb 2016,MTR_Tender_Feb16_table1.csv,2016,Feb16,https://www.mtr.com.hk/en/corporate/tenders/Feb16.html
K1572.A-15E,Selective,Upgrade of LCD In-Train TV System of IKK Trains (LCD Supply Package),"ITOCHU Hong Kong Ltd28/F, United Centre,95 Queensway,Hong Kong",Not Applicable,"HK$17,350,000",5 Feb 2016,MTR_Tender_Feb16_table1.csv,2016,Feb16,https://www.mtr.com.hk/en/corporate/tenders/Feb16.html
M1115-15E,Selective,Maintenance Services for AEL and TCL Data Network,"Roctec Technology LtdRoom 1502-4, 15/F, Kodak House II,321 Java Road,North Point,Hong Kong",Not Applicable,"HK$5,441,980",29 Feb 2016,MTR_Tender_Feb16_table1.csv,2016,Feb16,https://www.mtr.com.hk/en/corporate/tenders/Feb16.html
Q041798,Selective,Provision of Building Design Support & Building Information Modeling Services,"ZST Corporation LtdNo. 909, QingAn Aviation Building, 4th Road Bagua,Futian District,Shenzhen,China",2 Years,"HK$7,998,768",17 Feb 2016,MTR_Tender_Feb16_table1.csv,2016,Feb16,https://www.mtr.com.hk/en/corporate/tenders/Feb16.html
Q042124,Selective,"Shop Repartitioning Works at 1/F and 2/F, East Wing, Paradise Mall","Tong Kee Engineering LtdUnit P & Q, 11/F, Block 2, Kinho Industrial Building,14-24 Au Pui Wan Street,Fotan,Shatin,New Territories, Hong Kong",1 Job,"HK$45,827,840",25 Feb 2016,MTR_Tender_Feb16_table1.csv,2016,Feb16,https://www.mtr.com.hk/en/corporate/tenders/Feb16.html
Q042244,Selective,"Provision of Security Guarding Services for Wong Chuk Hang Depot, South Island Line Stations and Kwun Tong Line Extension Stations in 2016","International Wing Shing Security Management LtdRoom 1201-2, 12/F, Fee Tat Commercial Centre613 Nathan Road,Mong Kok,Kowloon, Hong Kong",1 Year,"HK$11,672,231",19 Feb 2016,MTR_Tender_Feb16_table1.csv,2016,Feb16,https://www.mtr.com.hk/en/corporate/tenders/Feb16.html
Q042709,Selective,Term Contracts for Provision of Consultancy Services for Interior Design and Drafting Services for MTR Malls,"Madison Asia LtdSuite 1501,Chinachem Leighton Plaza,29 Leighton Road,Causeway Bay,Hong Kong",3 Years,"HK$8,205,000",17 Feb 2016,MTR_Tender_Feb16_table1.csv,2016,Feb16,https://www.mtr.com.hk/en/corporate/tenders/Feb16.html
Q043333,Selective,Distribution of Free Daily Newspaper in MTR Stations,"Metro Daily Ltd12/F, KOHO,73-75 Hung To Road,Kwun Tong,Kowloon, Hong Kong",2 Years,Not Disclosed,12 Aug 2016,MTR_Tender_Aug16_table1.csv,2016,Aug16,https://www.mtr.com.hk/en/corporate/tenders/Aug16.html
Q044763,Selective,Elevated Road along LOHAS Park Road and the Pedestrian Footbridge FB1,"Hsin Chong Construction Company LimitedHsin Chong Center,107-109 Wai Yip Street,Kwun Tong,Hong Kong",Not Applicable,"HK$116,253,625",12 Aug 2016,MTR_Tender_Aug16_table1.csv,2016,Aug16,https://www.mtr.com.hk/en/corporate/tenders/Aug16.html
1154B,Selective,Shatin to Central Link: Platform Screen Doors for SCL Phase 2 & APG Retrofit of EAL,"Shenzhen Fangda Automatic System Co Ltd5/F, Fangda Building ,Keji South 12th Road,High-tech Industrial Park,Nanshan,Shenzhen,P.R. China",Not Applicable,"HK$511,666,066",16 May 2016,MTR_Tender_May16_table1.csv,2016,May16,https://www.mtr.com.hk/en/corporate/tenders/May16.html
1172B,Selective,Shatin to Central Link: Lifts and Escalators for SCL Phase 2,"Otis Elevator Co (H.K.) LtdSuites 1501-17, 1513-1516, 15/F, Cityplaza One,1111 King’s Road,Taikoo Shing,Hong Kong",Not Applicable,"HK$145,448,832",10 May 2016,MTR_Tender_May16_table1.csv,2016,May16,https://www.mtr.com.hk/en/corporate/tenders/May16.html
C6596-15E,Selective,"Escalator Refurbishment at ISL, KTL and TWL","Otis Elevator Co (H.K.) Ltd15/F, Cityplaza One,1111 King’s Road,Taikoo Shing,Hong Kong",Not Applicable,"HK$199,335,389",12 May 2016,MTR_Tender_May16_table1.csv,2016,May16,https://www.mtr.com.hk/en/corporate/tenders/May16.html
Q043435,Selective,Supply & Replacement of Chillers at Telford Plaza II,"The Jardine Engineering Corporation Ltd5/F, Tower A, Manulife Financial Centre, 223-231 Wai Yip Street, Kwun Tong,Kowloon, Hong Kong",1 Job,"HK$37,192,000",23 May 2016,MTR_Tender_May16_table1.csv,2016,May16,https://www.mtr.com.hk/en/corporate/tenders/May16.html
Q045024,Selective,Provision of MTR Station Shop Management Services,"Certis Centurion Facility Co LtdBlock D, 9/F, Ka Ming Court,688-690 Castle Peak Road,Lai Chi Kok,Kowloon, Hong Kong",2 Years,Not Disclosed,26 May 2016,MTR_Tender_May16_table1.csv,2016,May16,https://www.mtr.com.hk/en/corporate/tenders/May16.html
Q046233,Selective,Provision of Offset Printing Services,"Sea-Wan Colour Separation & Printing Co LtdFlat B, 4/F,29-31 Lee Chung Street,Hop Shi Factory Building,Chai Wan,Hong Kong",2 Years,Not Disclosed,17 May 2016,MTR_Tender_May16_table1.csv,2016,May16,https://www.mtr.com.hk/en/corporate/tenders/May16.html
K0838.B-15C,Selective,A&A Works at 2/F Arrival Concourse and G/F Departure Concourse at LOW,"P. D. (Contractors) LtdRoom 1205-06, New Kowloon Plaza,38 Tai Kok Tsui Road,Tai Kok Tsui,Kowloon, Hong Kong",Not Applicable,"HK$149,808,765",8 Jun 2016,MTR_Tender_Jun16_table1.csv,2016,Jun16,https://www.mtr.com.hk/en/corporate/tenders/Jun16.html
Q044438,Selective,Provision of Media Agency Services,"Optimum Media DirectionUnit 808, Core E, Cyberport 3,100 Cyberport Road, Pokfulam,Hong Kong",3 Years,Not Disclosed,1 Jun 2016,MTR_Tender_Jun16_table1.csv,2016,Jun16,https://www.mtr.com.hk/en/corporate/tenders/Jun16.html
8219,Selective,Design and Construction of Underfloor Wheel Lathe Shed and Associated Works at Shek Kong Stabling Sidings,"Pollard Construction Company LimitedUnit 4112, 41/F, One Midtown No. 11 Hoi Shing Road, Tsuen Wan, New Territories, Hong Kong",1 Job,"HK$12,041,325",18 May 2017,MTR_Tender_May17_table1.csv,2017,May17,https://www.mtr.com.hk/en/corporate/tenders/May17.html
C4988-16E,Selective,Replacement of CCTV Systems,"UniVision Engineering LtdRoom 01A, 2/F., Sunbeam Centre,27 Shing Yip Street,Kwun Tong, Kowloon, Hong Kong",Not Applicable,"HK$389,381,009",11 May 2017,MTR_Tender_May17_table1.csv,2017,May17,https://www.mtr.com.hk/en/corporate/tenders/May17.html
Q042694,Selective,Contact Wire Wear Measuring System,MER MEC S.p.A.Via Oberdan 70 70043 Monopoli (BA) Italy,1 Job,"HK$7,800,939",12 May 2017,MTR_Tender_May17_table1.csv,2017,May17,https://www.mtr.com.hk/en/corporate/tenders/May17.html
Q047631,Selective,Retrofit of Chillers in Plant Room A at Telford Plaza I,"The Jardine Engineering Corporation, Limited5/F, Tower A Manulife Financial Centre, 223-231 Wai Yip Street,Kwun Tong, KowloonHong Kong",1 Job,"HK$20,394,405",10 May 2017,MTR_Tender_May17_table1.csv,2017,May17,https://www.mtr.com.hk/en/corporate/tenders/May17.html
Q050853,Selective,Provision of Design and Production of Decoration for Elements,"Conceptual LimitedUnit 901-902, 9/F, Yen Sheng Centre, 64 Hoi Yuen Road, Kwun Tong, Hong Kong",Not Applicable,"HK$16,660,000",31 May 2017,MTR_Tender_May17_table1.csv,2017,May17,https://www.mtr.com.hk/en/corporate/tenders/May17.html
Q050854,Selective,Provision of Marketing and Event Management Services for Elements,"E’s Concept Communication Limited12/F, Greatmany Centre, 111 Queen’s Road East, Wan Chai, Hong Kong",Not Applicable,"HK$8,330,000",31 May 2017,MTR_Tender_May17_table1.csv,2017,May17,https://www.mtr.com.hk/en/corporate/tenders/May17.html
Q051224,Selective,Provision of Station Assistant Services for Various Projects in 2017 and 2018,"Synergis Management Services Limited8/F, KT336, 334-336 Kwun Tong Road, Kwun Tong, Kowloon, Hong Kong",2 Years,"HK$11,077,357",12 May 2017,MTR_Tender_May17_table1.csv,2017,May17,https://www.mtr.com.hk/en/corporate/tenders/May17.html
Q051261,Selective,Renovation at Paradise Mall (for Phase I),"KKP Construction LimitedRoom 202, Metro Centre 1,32 Lam Hing Street,Kowloon Bay, Hong Kong",1 Job,"HK$32,888,888",26 May 2017,MTR_Tender_May17_table1.csv,2017,May17,https://www.mtr.com.hk/en/corporate/tenders/May17.html
Q051845,Selective,Provision of News and Information at In-train LED Panel on MTR Trains,"Hong Kong Commercial Broadcasting Co., Ltd.3 Broadcast Drive, Kowloon, Hong Kong",3 Years,Not Disclosed,18 May 2017,MTR_Tender_May17_table1.csv,2017,May17,https://www.mtr.com.hk/en/corporate/tenders/May17.html
Q053277,Selective,Supply and Installation of Parking Guidance System for Elements,"Greatwood LimitedUnit J, 3/F, Block 2, Kwun Tong Industrial Centre, 460-470 Kwun Tong Road, Kwun Tong, Kowloon, Hong Kong",1 Job,Not Disclosed,18 May 2017,MTR_Tender_May17_table1.csv,2017,May17,https://www.mtr.com.hk/en/corporate/tenders/May17.html
8226,Selective,"Design, Supply and Installation of Fire Rated Enclosure at Day 2 Area","Build King Interior & Construction Ltd.Block Front, 4/F, Ming Sang Industrial Building, 19 Hing Yip Street, Kwun Tong, Hong Kong",1 Job,"HK$53,076,724",13 Oct 2017,MTR_Tender_Oct17_table1.csv,2017,Oct17,https://www.mtr.com.hk/en/corporate/tenders/Oct17.html
M1145-17C,Selective,Management and Maintenance Services for Lok Ma Chau and West Rail Wetlands,"Yee Sun Garden LimitedShop G903, G/F, Tung Hoi Mansion,8 Taikoo Shing Road,Taikoo Shing,Hong Kong",Not Applicable,"HK$11,021,660",25 Oct 2017,MTR_Tender_Oct17_table1.csv,2017,Oct17,https://www.mtr.com.hk/en/corporate/tenders/Oct17.html
Q051698,Selective,"Advertising Sales Agency Service for Kwun Tong Line, Tsuen Wan Line, Island Line, South Island Line, Tseung Kwan O Line, Tung Chung Line, Disneyland Resort Line and Airport Express","JCDecaux Pearl & Dean Limited14/F, Oxford House, Taikoo Place979 King’s Road, Quarry Bay,Hong Kong",3 Years,Not Disclosed,17 Oct 2017,MTR_Tender_Oct17_table1.csv,2017,Oct17,https://www.mtr.com.hk/en/corporate/tenders/Oct17.html
Q053425,Selective,Term Contracts for General Building Repair and Shop Repartitioning Works for Investment Properties (Package 1),"Tong Kee Engineering LimitedUnit P & Q, 11/F, Block 2, Kinho Industrial Building14-24 Au Pui Wan Street, Fotan, Shatin, New Territories, Hong Kong",3 years,"HK$44,000,000",31 Oct 2017,MTR_Tender_Oct17_table1.csv,2017,Oct17,https://www.mtr.com.hk/en/corporate/tenders/Oct17.html
Q054318,Selective,Provision of IT Application Management & Development Services,"Ai Pu Jing Software Technology (Hong Kong) Company Limited20/F, Xiu Ping Commercial Building, 104 Jervois Street, Sheung Wan, Hong Kong",Not Applicable,Not Disclosed,4 Oct 2017,MTR_Tender_Oct17_table1.csv,2017,Oct17,https://www.mtr.com.hk/en/corporate/tenders/Oct17.html
Q055128,Selective,Supply of Diesel Vans,"Honest Motors Ltd3 /F, DCH Building, 20 Kai Cheung Road, Kowloon Bay, Kowloon, Hong Kong",6 Months,Not Disclosed,30 Oct 2017,MTR_Tender_Oct17_table1.csv,2017,Oct17,https://www.mtr.com.hk/en/corporate/tenders/Oct17.html
Q053248,Open,Provision of Laundry and Dry Cleaning Service for Property Division,"Tingo Laundry & Dry Cleaning CompanyUnit I, 2/F, Block 2,Kwai Tak Industrial Centre,15-33 Kwai Tak Street,Kwai Chung, New Territories,Hong Kong",Not Applicable,"HK$3,911,211",25 Aug 2017,MTR_Tender_Aug17_table1.csv,2017,Aug17,https://www.mtr.com.hk/en/corporate/tenders/Aug17.html
Q054178,Selective,3-Year Term Contract for Tree Inspection Services for Property Division,"Wing Ho Yuen Landscaping Company LimitedLot 48RP, DD210, Pak Wai Village, Sai Kung, New Territories, Hong Kong",3 Years,Not Disclosed,31 Aug 2017,MTR_Tender_Aug17_table1.csv,2017,Aug17,https://www.mtr.com.hk/en/corporate/tenders/Aug17.html
M1065.B-16E,Selective,Maintenance Services for Building Services at SIL(E),"REC Engineering Company LimitedUnits A-D, 15/F, Goodman Kwai Chung Logistics Centre,585-609 Castle Peak Road,Kwai Chung, New Territories,Hong Kong",Not Applicable,"HK$66,285,225",28 Jun 2017,MTR_Tender_Jun17_table1.csv,2017,Jun17,https://www.mtr.com.hk/en/corporate/tenders/Jun17.html
M1124-17E,Selective,Managed Security Services for Operating Railway Data Networks,"Automated Systems (H.K.) Limited15/F., Topsail Plaza,11 On Sum Street,Shatin, New Territories,Hong Kong",Not Applicable,"HK$5,980,528",19 Jun 2017,MTR_Tender_Jun17_table1.csv,2017,Jun17,https://www.mtr.com.hk/en/corporate/tenders/Jun17.html
Q051823,Selective,Provision of Term Workers for MTRCL Managed Properties within New Territories Region,"Advance Engineering (Development) LimitedUnit J & K, 9/F, World Tech Centre,95 How Ming Street, Kwun Tong,Kowloon, Hong Kong",3 Years,"HK$42,457,500",16 Jun 2017,MTR_Tender_Jun17_table1.csv,2017,Jun17,https://www.mtr.com.hk/en/corporate/tenders/Jun17.html
M1135-17(A),Selective,Cleaning Services for Operaing Railway - Packages 1 and 2,"ISS Facilities Services Limited6/F, Dorset House, Taikoo Place, 979 King's Road, Quarry Bay, Hong Kong",Not Applicable,"HK$348,237,108",15 Nov 2017,MTR_Tender_Nov17_table1.csv,2017,Nov17,https://www.mtr.com.hk/en/corporate/tenders/Nov17.html
M1135-17(B),Selective,Cleaning Services for Operaing Railway - Package 5,"ISS Facilities Services Limited6/F, Dorset House, Taikoo Place, 979 King's Road, Quarry Bay, Hong Kong",Not Applicable,"HK$197,740,656",15 Nov 2017,MTR_Tender_Nov17_table1.csv,2017,Nov17,https://www.mtr.com.hk/en/corporate/tenders/Nov17.html
M1135-17(C),Selective,"Cleaning Services for Operaing Railway - Packages 3, 4, 6 and 7","Winson Cleaning Service Co LtdUnit 1-8, 10/F, One Midtown, 11 Hoi Shing Road, Tsuen Wan, Hong Kong",Not Applicable,"HK$376,184,052",15 Nov 2017,MTR_Tender_Nov17_table1.csv,2017,Nov17,https://www.mtr.com.hk/en/corporate/tenders/Nov17.html
Q050427,Selective,Provision of Global Custody and Fund Accounting Services for the MTR Corporation Limited Retirement Scheme,"HSBC Institutional Trust Services (Asia) Limited17/F, Tower 2 & 3, HSBC Centre, 1 Sham Mong Road, Hong Kong",36 Months,Not Disclosed,14 Nov 2017,MTR_Tender_Nov17_table1.csv,2017,Nov17,https://www.mtr.com.hk/en/corporate/tenders/Nov17.html
Q051294,Selective,Renovation at Paradise Mall (for Phase II),"Thomas Lo Contracting LimitedRoom 1202, 12/F., Billion Plaza,8 Cheung Yue Street,Cheung Sha Wan, Kowloon,Hong Kong",1 Job,"HK$62,995,030",2 Nov 2017,MTR_Tender_Nov17_table1.csv,2017,Nov17,https://www.mtr.com.hk/en/corporate/tenders/Nov17.html
Q052309,Selective,Provision of Promoter Services for MTR Malls,"Adecco Personnel Limited12/F., Fortis Tower,77-79 Gloucester Road,Wanchai, Hong Kong",Not Applicable,"HK$6,915,312",1 Nov 2017,MTR_Tender_Nov17_table1.csv,2017,Nov17,https://www.mtr.com.hk/en/corporate/tenders/Nov17.html
Q052750,Selective,Provision of Term Workers for Investment Properties,"Kum Shing (K F) Construction Company LimitedUG 8, Phase II, Newport Centre116 Ma Tau Kok Road,To Kwa Wan, Kowloon, Hong Kong",3 Years,"HK$139,049,064",28 Nov 2017,MTR_Tender_Nov17_table1.csv,2017,Nov17,https://www.mtr.com.hk/en/corporate/tenders/Nov17.html
Q053425,Selective,Term Contracts for General Building Repair and Shop Repartitioning Works for Investment Properties at West Region(Package 2),"Kar Cheung Engineering CompanyUnit 7, 17/F, Kowloon Plaza,485 Castle Peak Road,Lai Chi Kok, Kowloon, Hong Kong",3 Years,"HK$46,000,000",24 Nov 2017,MTR_Tender_Nov17_table1.csv,2017,Nov17,https://www.mtr.com.hk/en/corporate/tenders/Nov17.html
Q054704,Selective,Provision of Inkjet Printing Services for Signage,"DCG Display & Design Company LimitedFlat A, 10/F, Wing Tai Centre, 12 Hing Yip Street, Kwun Tong, Kowloon, Kong Kong",24 Months,Not Disclosed,22 Nov 2017,MTR_Tender_Nov17_table1.csv,2017,Nov17,https://www.mtr.com.hk/en/corporate/tenders/Nov17.html
Q056046,Limited*,C1408 - Solid State Interlocking Data Modification for Provision of Axle Counter at Hong Kong Station of Tung Chung Line Crossings,"ALSTOM Hong Kong LimitedRooms 1011/1012, 10/F, New Kowloon Plaza,38 Tai Kok Tsui Road,Kowloon, Hong Kong",1 Job,"HK$5,307,229",22 Nov 2017,MTR_Tender_Nov17_table1.csv,2017,Nov17,https://www.mtr.com.hk/en/corporate/tenders/Nov17.html
914,Selective,"South Island Line (East): External Works in Harcourt Garden, Admiralty","Build King Construction LimitedUnits 601-605A, 6/F, Tower B,Manulife Financial Centre,223 Wai Yip Street, Kwun Tong,Kowloon, Hong Kong",Not Applicable,"HK$112,766,535",11 Jan 2017,MTR_Tender_Jan17_table1.csv,2017,Jan17,https://www.mtr.com.hk/en/corporate/tenders/Jan17.html
8211,Selective,Express Rail Link: Green Wall for West Kowloon Terminus,"Strongly International LimitedUnit 2, 2/F., Metro Centre II By Collection, 21 Lam Hing Street, Kowloon Bay, Hong Kong",1 Job,"HK$2,744,529",25 Jan 2017,MTR_Tender_Jan17_table1.csv,2017,Jan17,https://www.mtr.com.hk/en/corporate/tenders/Jan17.html
T0954-16C,Selective,Provision of Term Workers for Station Based Maintenance,"Hop Yuen Construction Company2/F., Hop Yeun Centre, 171 Queen's Road Central, Hong Kong",2 Years,Not Disclosed,11 Jan 2017,MTR_Tender_Jan17_table1.csv,2017,Jan17,https://www.mtr.com.hk/en/corporate/tenders/Jan17.html
8221,Selective,Miscellaneous Works and ABWF at Shek Kong Emergency Rescue Siding and Tsat Sing Kong,"U-Tech Engineering Company Limited6/F, 100 To Kwa Wan RoadKowloon, Hong Kong",1 Job,"HK$28,010,035",7 Sep 2017,MTR_Tender_Sep17_table1.csv,2017,Sep17,https://www.mtr.com.hk/en/corporate/tenders/Sep17.html
Q048140,Selective,Alternation and Addition Works and Renovation Works at G/F and 1/F of Maritime Square,"Ka Shun Contractors LimitedRoom 2801, 28/F, Asia Trade Centre, 79 Lei Muk Road, Kwai Chung, NT, Hong Kong",1 Job,"HK$86,498,666",18 Sep 2017,MTR_Tender_Sep17_table1.csv,2017,Sep17,https://www.mtr.com.hk/en/corporate/tenders/Sep17.html
Q050042,Selective,Provision of Sanitary & Hygiene Products,"Watson Hygiene Services LimitedUnits 10-11, 3/F, Hong Leong Industrial Complex, 4 Wang Kwong Road, Kowloon Bay, Hong Kong",3 Years,Not Disclosed,19 Sep 2017,MTR_Tender_Sep17_table1.csv,2017,Sep17,https://www.mtr.com.hk/en/corporate/tenders/Sep17.html
Q052737,Selective,Provision of Preparation Works for COR Examination of MTR Buses,"Wah Kee Auto Body Works Company LimitedFlat 803, 8/F, Kin Wing Industrial Building, Kin Wing Street, Tuen Mun, New Territories, Hong Kong",9 Items,"(Estimate) HK$$8,416,000",28 Sep 2017,MTR_Tender_Sep17_table1.csv,2017,Sep17,https://www.mtr.com.hk/en/corporate/tenders/Sep17.html
Q046863,Selective,Office Leasing & Marketing Agency Service for Central 18 Floors,"Savills (Hong Kong) Limited23/F, Two Exchange Square, 8 Connaught Place, Central, Hong Kong",36 Months,"HK$$16,000,000",30 Nov 2016,MTR_Tender_Feb17_table1.csv,2017,Feb17,https://www.mtr.com.hk/en/corporate/tenders/Feb17.html
Q050624,Selective,Stationary Type Direct Current Flash Butt Welding Machine,"Schlatter Industries AGBrandstrasse 24,CH-8952 Schlieren,Switzerland",1 Job,"CHF1,998,000",5 Dec 2017,MTR_Tender_Dec17_table1.csv,2017,Dec17,https://www.mtr.com.hk/en/corporate/tenders/Dec17.html
Q053342,Selective,Advertising Sales Agency Service for Intercity Train and Station,"HK Easy Shop Limited20/F, Fun Tower, 35 Hung To Road, Kwun Tong, Kowloon, Hong Kong",34 Months,Not Disclosed,19 Dec 2017,MTR_Tender_Dec17_table1.csv,2017,Dec17,https://www.mtr.com.hk/en/corporate/tenders/Dec17.html
Q053754,Selective,Distribution of Free Recruitment Magazine in MTR Stations,"Job Market Publishing LimitedSing Tao News Corporation Building, 7 Chun Cheong Street, Tseung Kwan O Industrial Estate, Tseung Kwan O, New Territories, Hong Kong",2 Years,Not Disclosed,21 Dec 2017,MTR_Tender_Dec17_table1.csv,2017,Dec17,https://www.mtr.com.hk/en/corporate/tenders/Dec17.html
Q055234,Selective,"Collection, Conveyance, Disposal of Sewage Discharged from Kam Tin Building, Kam Sheung Road Station, Pat Heung Depot and Cleaning Out Sump Pits, Grease Traps and Interceptors from West Rail Line Stations and MTR Kam Tin Building","ISS Environmental Services (HK) Ltd.6/F, Dorset House, Taikoo Place979 King's Road, Quarry BayHong Kong",2 Years,"HK$6,867,400",29 Dec 2017,MTR_Tender_Dec17_table1.csv,2017,Dec17,https://www.mtr.com.hk/en/corporate/tenders/Dec17.html
Q055402,Selective,Provision of Legal Services to enforce Deed of Mutual Covenants (DMC) in Properties Managed by MTR Corporation Limited,"Deacons5/F, Alexandra House, 16 Charter Road, Central, Hong Kong",3 Years,Not Disclosed,21 Dec 2017,MTR_Tender_Dec17_table1.csv,2017,Dec17,https://www.mtr.com.hk/en/corporate/tenders/Dec17.html
Q055472,Selective,2-Year Term Contract for Supply of Steel Furniture,"Chung Wah Steel Furniture Factory Co. Ltd7/F, Chinaweal Centre, 414-424 Jaffe Road, Wanchai, Hong Kong",2 Years,Not Disclosed,7 Dec 2017,MTR_Tender_Dec17_table1.csv,2017,Dec17,https://www.mtr.com.hk/en/corporate/tenders/Dec17.html
1164B,Selective,Shatin to Central Link: Building Services for SCL Hong Kong Island Section,"Gammon E&M Limited25/F Devon House, Taikoo Place, 979 King's RoadQuarry Bay, Hong Kong",Not Applicable,"HK$346,800,000",14 Mar 2017,MTR_Tender_Mar17_table1.csv,2017,Mar17,https://www.mtr.com.hk/en/corporate/tenders/Mar17.html
815D,Selective,Express Rail Link: Supply of Seating,"Sankon Limited1/F, Lockhart Centre,301 Lockhart Road,Wanchai, Hong Kong",1 Job,"HK$3,227,226",13 Mar 2017,MTR_Tender_Mar17_table1.csv,2017,Mar17,https://www.mtr.com.hk/en/corporate/tenders/Mar17.html
CT130-16E,Selective,DCS Network Replacement (Phase 2),"Huawei International Co. Limited9/F, Tower 6, The Gateway,No. 9 Canton Road,Tsim Sha Tsui, KowloonHong Kong",Not Applicable,"HK$81,661,529",13 Mar 2017,MTR_Tender_Mar17_table1.csv,2017,Mar17,https://www.mtr.com.hk/en/corporate/tenders/Mar17.html
K1847-16E(A),Selective,Replacement of Air-Cooled Chillers at MTR Stations and Depots (Package A),"The Jardine Engineering Corporation, Limited25/F, Devon House, Taikoo Place979 King’s Road,Quarry Bay, Hong Kong",63 Nos.,"HK$474,761,000",8 Mar 2017,MTR_Tender_Mar17_table1.csv,2017,Mar17,https://www.mtr.com.hk/en/corporate/tenders/Mar17.html
K1847-16E(B),Selective,Replacement of Air-Cooled Chillers at MTR Stations and Depots (Package B),"Gammon E&M Limited28/F, Devon House, Taikoo Place979 King’s Road,Quarry Bay, Hong Kong",70 Nos.,"HK$439,000,000",8 Mar 2017,MTR_Tender_Mar17_table1.csv,2017,Mar17,https://www.mtr.com.hk/en/corporate/tenders/Mar17.html
Q049480,Selective,Operation and Management of Hung Hom Station Carpark,"Imperial Parking (Hong Kong) LimitedRoom 3113-16, 31/F, Metroplaza Tower 1, 223 Hing Fong Road,Kwai Fong, New Territories, Hong Kong",3 Years,Not Disclosed,17 Mar 2017,MTR_Tender_Mar17_table1.csv,2017,Mar17,https://www.mtr.com.hk/en/corporate/tenders/Mar17.html
Q049883,Selective,Term Contract for Shop Repartitioning Works at Maritime Square,"Advance Engineering (Development) LimitedUnit D, 9/F World Tech Centre,95 How Ming Street, Kwun Tong, Kowloon, Hong Kong",3 Years,"HK$49,000,000",24 Mar 2017,MTR_Tender_Mar17_table1.csv,2017,Mar17,https://www.mtr.com.hk/en/corporate/tenders/Mar17.html
Q053154,Limited*,KL016 - Modification of WRL and MOL Stations Public Address System for interface with EWL Central Public Address System at Diamond Hill and Hung Hom Stations,"Siemens Limited10/F, Tower B,Manulife Financial Centre,223-231 Wai Yip Street, Kwun Tong,Hong Kong",1 Job,"HK$7,459,613",24 Jul 2017,MTR_Tender_Jul17_table1.csv,2017,Jul17,https://www.mtr.com.hk/en/corporate/tenders/Jul17.html
C5510-18E,Selective,Replacement of Air-conditioning Package Units,"Shimizu CorporationUnit 1313-1315, Tower One, Metroplaza,No. 223 Hing Fong Road,Kwai Fong, New Territories,Hong Kong",Not Applicable,"HK$189,028,752",10 Oct 2018,MTR_Tender_Oct18_table1.csv,2018,Oct18,https://www.mtr.com.hk/en/corporate/tenders/Oct18.html
C7250.A-17E,Selective,Provision of Digital Advertising Panels in MTR Stations,"Shun Hing Technology Co. Ltd.9/F, Peninsula Centre, 67 Mody Road, Tsim Sha Tsui East, Kowloon, Hong Kong",1 Job,"HK$55,489,650",9 Oct 2018,MTR_Tender_Oct18_table1.csv,2018,Oct18,https://www.mtr.com.hk/en/corporate/tenders/Oct18.html
M1173-18E(A),Selective,Maintenance Services for Portable Fire Equipment,"Merito Technical Services Limited69 Tong Yan San Tsuen Road,Yuen Long, New TerritoriesHong Kong",Not Applicable,"HK$13,269,100",24 Oct 2018,MTR_Tender_Oct18_table1.csv,2018,Oct18,https://www.mtr.com.hk/en/corporate/tenders/Oct18.html
M1173-18E(B),Selective,Maintenance Services for Portable Fire Equipment,"Chubb Hong Kong Limited10/F Octa Tower,8 Lam Chak Street,Kowloon Bay,Kowloon,Hong Kong",Not Applicable,"HK$7,458,070",24 Oct 2018,MTR_Tender_Oct18_table1.csv,2018,Oct18,https://www.mtr.com.hk/en/corporate/tenders/Oct18.html
Q056848(Package 1 & 3),Selective,Replacement and Overhaul of Escalators at Telford Plaza II,"Schindler Lifts (Hong Kong) Ltd29/F, Devon House,Taikoo Place, 979 King's Road,Quarry Bay,Hong Kong",1 Job,"HK$7,764,480",23 Oct 2018,MTR_Tender_Oct18_table1.csv,2018,Oct18,https://www.mtr.com.hk/en/corporate/tenders/Oct18.html
Q060515,Selective,Provision of Supply & Installation of Sign Boxes in MTR Stations (Package I),"Program Contractors Ltd13/F Wing Shing Industrial Building, 26 Ng Fong Street, San Po Kong, Kowloon, Hong Kong",2 Years,"HK$35,400,000",16 Oct 2018,MTR_Tender_Oct18_table1.csv,2018,Oct18,https://www.mtr.com.hk/en/corporate/tenders/Oct18.html
Q061165,Selective,Advertising Agency Services for Branding and Marketing Communications Campaigns,"1) iNNN Creative Solutions LtdUnit 202, 2/F, KT336, 336 Kwun Tong Road, Kwun Tong, Kowloon,Hong Kong2) Secret Tour (HK) Ltd1/F, Lok's Industrial Building, 204 Tsat Tsz Mui Road, Quarry Bay,Hong Kong3. Uth Creative Group LtdUnit C&D, 15/F, YHC Tower, 1 Sheung Yuet Road, Kowloon Bay, Kowloon,Hong Kong",2 Years,"HK$27,150,000(HK$9.05M for each contract)",16 Oct 2018,MTR_Tender_Oct18_table1.csv,2018,Oct18,https://www.mtr.com.hk/en/corporate/tenders/Oct18.html
Q062474,Selective,Operation of Kam Sheung Road Station Car Park,"Imperial Parking (Hong Kong) Ltd.Room 3113-3116, 31/F, Metroplaza Tower 1, 223 Hing Fong Rd, Kwai Fong,New Territories,Hong Kong",3 Years,Not Disclosed,24 Oct 2018,MTR_Tender_Oct18_table1.csv,2018,Oct18,https://www.mtr.com.hk/en/corporate/tenders/Oct18.html
Q063254,Selective,Consultancy Services for Provision of Technology Innovations and E&M Facilities Improvement Project at Two International Finance Centre,"JBA Consulting Engineers (Asia) LimitedUnit 2905-08 Pacific Plaza,410 Des Voeux Road West,Hong Kong",1 Job,"HK$380,000",4 Oct 2018,MTR_Tender_Oct18_table1.csv,2018,Oct18,https://www.mtr.com.hk/en/corporate/tenders/Oct18.html
Q055025,Selective,Provision of Services for Station Customer Service Centres and BackendAccountancy for the Hong Kong Section of the Guangzhou-Shenzhen-Hong Kong Express Rail Link,"International Wing Shing Security Management Limited1/F Hang Seng Castle Peak Road Building, 339 Castle Peak Road, Cheung Sha Wan, Kowloon, Hong Kong",3.25 Years,"HK$75,309,254",6 Jun 2018,MTR_Tender_Jun18_table1.csv,2018,Jun18,https://www.mtr.com.hk/en/corporate/tenders/Jun18.html
Q055026,Selective,"Provision of Station Assistants, Traffic Control Management and TrainAttendants for the Hong Kong Section of the Guangzhou-Shenzhen-Hong Kong Express Rail Link","International Wing Shing Security Management Limited1/F Hang Seng Castle Peak Road Building, 339 Castle Peak Road, Cheung Sha Wan, Kowloon,  Hong Kong",3.25 Years,"HK$154,739,956",6 Jun 2018,MTR_Tender_Jun18_table1.csv,2018,Jun18,https://www.mtr.com.hk/en/corporate/tenders/Jun18.html
Q055325,Selective,Provision of Maintenance Service for Train Sewage Suction System at Shek Kong Stabling Sidings of the Hong Kong Section of the Guangzhou-Shenzhen-Hong Kong Express Rail Link,"Kingsford Environmental Engineering LimitedSuite 3810, 38/F Cable Tower, 9 Hoi Shing Road, Tsuen Wan, New Territories, Hong Kong",3.25 Years,"HK$3,712,800",6 Jun 2018,MTR_Tender_Jun18_table1.csv,2018,Jun18,https://www.mtr.com.hk/en/corporate/tenders/Jun18.html
Q055947,Selective,Provision of Operation and Maintenance of Wi-Fi Services for the Hong Kong Section of Express Rail Link,"Comba Telecom Limited611 East Wing, No. 8 Science Park, West Avenue, Hong Kong Science Park, Shatin, New Territories, Hong Kong",Not Applicable,"HK$35,271,630",12 Jun 2018,MTR_Tender_Jun18_table1.csv,2018,Jun18,https://www.mtr.com.hk/en/corporate/tenders/Jun18.html
Q058924,Selective,Foundation Works for Tseung Kwan O Depot Phase II Section 4,"Paul Y. Foundation Limited16/F., Paul Y. Centre,51 Hung To Road, Kwun Tong,Kowloon, Hong Kong",Not Applicable,"HK$58,200,000",26 Jun 2018,MTR_Tender_Jun18_table1.csv,2018,Jun18,https://www.mtr.com.hk/en/corporate/tenders/Jun18.html
M1180-18E,Limited*,Maintenance Services for TETRA System for SCL,"Motorola Solutions Asia Pacific LimitedUnit 1904-1907A, 19/F, One Harbourfront, 18 Tak Fung Street, Hunghom, Hong Kong",Not Applicable,"HK$12,988,318",31 May 2018,MTR_Tender_May18_table1.csv,2018,May18,https://www.mtr.com.hk/en/corporate/tenders/May18.html
Q053437,Selective,Supply of Leather Uniform Shoes for Property Division,"Dr Kong Footcare LimitedRoom 14C, Vigor Industrial Building, Phase 1, 49-53 Ta Chuen Ping Street, Kwai Chung, New Territories, Hong Kong",3 Years,"HK$783,341",30 Apr 2018,MTR_Tender_May18_table1.csv,2018,May18,https://www.mtr.com.hk/en/corporate/tenders/May18.html
Q055130,Selective,Supply of 5.5 Ton Diesel Lorries,"Crown Motors Ltd.G/F, Goodluck Industrial Centre, 808 Lai chi Kok Road, Kowloon, Hong Kong",15 Units,Not Disclosed,11 May 2018,MTR_Tender_May18_table1.csv,2018,May18,https://www.mtr.com.hk/en/corporate/tenders/May18.html
Q058384,Selective,Provision of Comprehensive Cleaning Services for Designated MTR Malls,"Winson Cleaning Service Co., Ltd.Suite 2702, 27/F, Tower 2,Nina Tower, 8 Yeung Uk RoadTsuen Wan, New TerritoriesHong Kong",1 Job,"HK$122,119,680",17 May 2018,MTR_Tender_May18_table1.csv,2018,May18,https://www.mtr.com.hk/en/corporate/tenders/May18.html
Q059006,Selective,Provision of Creative Agency Services for Souvenir Ticket Promotion,"Richi LimitedUnit 608A, 6/F, Sunbeam Centre, 27 Shing Yip Street, Kwun Tong, Kowloon, Hong Kong",2 Years,Not Disclosed,9 May 2018,MTR_Tender_May18_table1.csv,2018,May18,https://www.mtr.com.hk/en/corporate/tenders/May18.html
Q059426,Selective,Group Medical Insurance for Employees and Eligible Dependants 2018-2020,"AIA International Limited8/F., AIA Financial Centre,712 Prince Edward Road, East, Kowloon, Hong Kong",2 Years,Not Disclosed,14 May 2018,MTR_Tender_May18_table1.csv,2018,May18,https://www.mtr.com.hk/en/corporate/tenders/May18.html
Q052290,Selective,Supply of Nickel-Cadmium Batteries for K-Trains and SP-Trains,"Saft Hong Kong LimitedUnit 2601, Westin Centre, 26 Hung To Road, Kwun Tong, Kowloon, Hong Kong",1 Job,"HK$37,685,270",6 Jul 2018,MTR_Tender_Jul18_table1.csv,2018,Jul18,https://www.mtr.com.hk/en/corporate/tenders/Jul18.html
Q059402,Selective,Refurbishment of Light Rail Vehicle DC Traction Motors,"CRRC Yongji Electric Co., Ltd.No. 18 Dianji Street, Yongji City, Shanxi Province, P.R. China",1 Job,"HK$8,554,400",25 Jul 2018,MTR_Tender_Jul18_table1.csv,2018,Jul18,https://www.mtr.com.hk/en/corporate/tenders/Jul18.html
C7216.B-17E,Selective,Replacement of TV Network System and Panels,"NEC Hong Kong Limited25th Floor, The Metropolis Tower, 10 Metropolis Drive, Hunghom, Kowloon, Hong Kong",Not Applicable,"HK$135,544,640",25 Jul 2018,MTR_Tender_Jul18_table1.csv,2018,Jul18,https://www.mtr.com.hk/en/corporate/tenders/Jul18.html
K1499.B-18C,Selective,Slope Improvement Works along EAL Phase 5B,"China Geo-Engineering CorporationRoom 2421-25, Sun Hung Kai Centre, 30 Harbour Road,Wan Chai, Hong Kong",Not Applicable,"HK$83,800,000",11 Jul 2018,MTR_Tender_Jul18_table1.csv,2018,Jul18,https://www.mtr.com.hk/en/corporate/tenders/Jul18.html
M1147-17E,Limited*,Maintenance Services for Signalling System for XRL,"Beijing HollySys Co., Ltd.No. 2 Disheng Middle Road,Beijing Economic and Technological Development Area,P.R. China",Not Applicable,"HK$237,055,196",26 Mar 2018,MTR_Tender_Mar18_table1.csv,2018,Mar18,https://www.mtr.com.hk/en/corporate/tenders/Mar18.html
M1149-17E,Selective,Maintenance Services for Communications Systems for XRL,"Siemens Limited10/F, Tower B, Manulife Financial Centre,223-231 Wai Yip Street,Kwun Tong, Hong Kong",Not Applicable,"HK$31,033,250",16 Mar 2018,MTR_Tender_Mar18_table1.csv,2018,Mar18,https://www.mtr.com.hk/en/corporate/tenders/Mar18.html
M1150-17E,Limited*,Maintenance Services for GSM-R System for XRL,"GTECH-CIC Joint VentureRm 2403-8, 24/F, C C Wu Building,302-8 Hennessy Road,Wanchai,Hong Kong",Not Applicable,"RMB82,997,000",23 Mar 2018,MTR_Tender_Mar18_table1.csv,2018,Mar18,https://www.mtr.com.hk/en/corporate/tenders/Mar18.html
M1151-17E,Limited*,Maintenance Services for MCS for XRL,"Beijing HollySys Co., Ltd.No. 2 Disheng Middle Road,Beijing Economic and Technological Development Area,P.R. China",Not Applicable,"HK$46,684,110",9 Mar 2018,MTR_Tender_Mar18_table1.csv,2018,Mar18,https://www.mtr.com.hk/en/corporate/tenders/Mar18.html
M1152-17E,Selective,Maintenance Services for TETRA Systems for XRL (Package A),"Motorola Solutions Asia Pacific LimitedUnit 1904-07A, 19/F One Harbourfront,18 Tak Fung Street,Hunghom, Hong Kong",Not Applicable,"HK$12,495,802",16 Mar 2018,MTR_Tender_Mar18_table1.csv,2018,Mar18,https://www.mtr.com.hk/en/corporate/tenders/Mar18.html
M1152-17E,Selective,Maintenance Services for TETRA Systems for XRL (Package B),"Cassidian Hong Kong LimitedUnit F, 8/F. MG Tower,133 Hoi Bun Road,Kwun Tong,Hong Kong",Not Applicable,"HK$4,600,000",16 Mar 2018,MTR_Tender_Mar18_table1.csv,2018,Mar18,https://www.mtr.com.hk/en/corporate/tenders/Mar18.html
M1153-17E,Selective,Maintenance Services for Passenger Mobile Communications System for XRL,"Radio Frequency Engineering LimitedUnit 2101-5, 21/F, 6 Shing Yip Street,Kwun Tong,Hong Kong",Not Applicable,"HK$9,008,000",9 Mar 2018,MTR_Tender_Mar18_table1.csv,2018,Mar18,https://www.mtr.com.hk/en/corporate/tenders/Mar18.html
M1155-17,Selective,Cleaning Services for Express Rail Link – Package 1,"Waihong Environmental Services LimitedUnit 1618, 16/F Chevalier Commercial Centre,8 Wang Hoi Road,Kowloon Bay, Hong Kong",Not Applicable,"HK$89,889,000",9 Mar 2018,MTR_Tender_Mar18_table1.csv,2018,Mar18,https://www.mtr.com.hk/en/corporate/tenders/Mar18.html
M1156-17C,Selective,Maintenance Services for Trackwork and Overhead Line System for XRL,"China Railway First Group Co., Ltd.and China Railway Electrification Bureau (Group) Co. Ltd. Joint Venture2501-02 Clifford Centre,778-784 Cheung Sha Wan Road,Kowloon, Hong Kong",Not Applicable,"HK$141,600,000",13 Mar 2018,MTR_Tender_Mar18_table1.csv,2018,Mar18,https://www.mtr.com.hk/en/corporate/tenders/Mar18.html
M1157-17E,Selective,Maintenance Services for Building Services at XRL,"Shinryo CorporationUnit 3708, 37/F Skyline Tower,39 Wang Kwong Road,Kowloon Bay,Hong Kong",Not Applicable,"HK$229,692,400",16 Mar 2018,MTR_Tender_Mar18_table1.csv,2018,Mar18,https://www.mtr.com.hk/en/corporate/tenders/Mar18.html
M1159-17E,Selective,Maintenance Services for Traction Power Supply and Check Meter Systems at XRL,"Kum Shing Engineering Company LimitedUG 8, Phase II,Newport Centre,116 Ma Tau Kok Road,Tokwawan, Kowloon, Hong Kong",Not Applicable,"HK$7,937,650",26 Mar 2018,MTR_Tender_Mar18_table1.csv,2018,Mar18,https://www.mtr.com.hk/en/corporate/tenders/Mar18.html
M1162-17E,Selective,Maintenance Services for Trackside Signalling Equipment in XRL,"China Railway 15th Bureau Group Electrification Engineering Co., Ltdand China Railway Construction (HK) Limited Joint VentureUnit A, 10/F, MG Tower,133 Hoi Bun Road,Kwun Tong,Hong Kong",Not Applicable,"HK$120,190,381+RMB40,902,298",19 Mar 2018,MTR_Tender_Mar18_table1.csv,2018,Mar18,https://www.mtr.com.hk/en/corporate/tenders/Mar18.html
M1166-17E,Selective,Maintenance Services for Lifts and Escalators at XRL (Package A - Lifts),"KONE Elevator (HK) Ltd.29/F, Tower 1, Millennium City 1,388 Kwun Tong Road, Kowloon,Hong Kong",Not Applicable,"HK$32,403,146",9 Mar 2018,MTR_Tender_Mar18_table1.csv,2018,Mar18,https://www.mtr.com.hk/en/corporate/tenders/Mar18.html
M1166-17E,Selective,Maintenance Services for Lifts and Escalators at XRL (Package B - Escalators),"ThyssenKrupp Elevator (HK) Limited31/F, Enterprise Square Phase 3,39 Wang Chiu Road, Kowloon Bay,Kowloon, Hong Kong",Not Applicable,"HK$55,800,000",9 Mar 2018,MTR_Tender_Mar18_table1.csv,2018,Mar18,https://www.mtr.com.hk/en/corporate/tenders/Mar18.html
Q051740,Selective,Replacement of Rail Vehicle Traverser in TMD,"Associated Engineers, Limited23/F., Stelux House,698 Prince Edward Road East,San Po Kong, Kowloon,Hong Kong",1 Unit,"HK$5,579,200",20 Mar 2018,MTR_Tender_Mar18_table1.csv,2018,Mar18,https://www.mtr.com.hk/en/corporate/tenders/Mar18.html
Q055024,Selective,"Provision of Station Security Services, Baggage Scanning and Staff Car Park Management Services of the Hong Kong Section of the Guangzhou-Shenzhen-Hong Kong Express Rail Link","International Wing Shing Security Management Limited1/F Hang Seng Castle Peak Rd Blg, 339 Castle Peak Road, Cheung Sha Wan, Kowloon, Hong Kong",3.5 Years,"HK$134,089,711",19 Mar 2018,MTR_Tender_Mar18_table1.csv,2018,Mar18,https://www.mtr.com.hk/en/corporate/tenders/Mar18.html
Q055847,Selective,Advertising Sales Agency Service in the Hong Kong Section of the Express Rail Link,"Asiaray Metro Media Limited16/F, Kornhill Plaza-Office Tower, 1 Kornhill Road,Quarry Bay, Hong Kong",5 Years,Not Disclosed,7 Mar 2018,MTR_Tender_Mar18_table1.csv,2018,Mar18,https://www.mtr.com.hk/en/corporate/tenders/Mar18.html
8209,Selective,Design and Construction of Nam Cheong Park Reinstatement,"Tapbo Civil Engineering Company LimitedUnit 2, 12/F, Yee Kuk Industrial Centre, 555 Yee Kuk Street, Cheung Sha Wan, Kowloon, Hong Kong",1 Job,"HK$21,306,472",20 Sep 2018,MTR_Tender_Sep18_table1.csv,2018,Sep18,https://www.mtr.com.hk/en/corporate/tenders/Sep18.html
C5702-18E,Selective,Replacement and Modification of Smoke Curtains at AEL and TCL,"KML Engineering LimitedB12, G/F, Shatin Industrial Centre,Siu Lek Yuen Road,Shatin, New Territories, Hong Kong",Not Applicable,"HK$66,999,996",11 Sep 2018,MTR_Tender_Sep18_table1.csv,2018,Sep18,https://www.mtr.com.hk/en/corporate/tenders/Sep18.html
Q058820,Selective,Provision of Security Guarding Services for Designated MTR Malls,"Dragon Guard Security LimitedFlat D, 15/F, Wong King Industrial Building, 2 Tai Yau Street San Po Kong, Kowloon, Hong Kong",3 Years,"HK$135,059,074",3 Sep 2018,MTR_Tender_Sep18_table1.csv,2018,Sep18,https://www.mtr.com.hk/en/corporate/tenders/Sep18.html
Q061082,Selective,Advertising Sales Agency Service for MTR In-train TV,"Hong Kong Cable News Express Limited8/F, Cable TV Tower9 Hoi Shing Road, Tsuen Wan,New Territories, Hong Kong",5 Years,Not Disclosed,5 Sep 2018,MTR_Tender_Sep18_table1.csv,2018,Sep18,https://www.mtr.com.hk/en/corporate/tenders/Sep18.html
8227,Selective,Security Inspection System in Hong Kong West Kowloon Station,"Nixon Technology Company Limited6/F, Capella HTR, 47 Hung To Road, Kwun Tong, Kowloon, Hong Kong",1 Job,"HK$7,715,900",7 Feb 2018,MTR_Tender_Feb18_table1.csv,2018,Feb18,https://www.mtr.com.hk/en/corporate/tenders/Feb18.html
M1161-17E,Selective,Maintenance Services for O&M Radio System and RDN in SIL(E) (Package A),"Motorola Solutions Asia Pacific LimitedUnit 1904-07A, 19/F, One Harbourfront, 18 Tak Fung Street, Hunghom, Hong Kong",Not Applicable,"HK$7,422,456",20 Feb 2018,MTR_Tender_Feb18_table1.csv,2018,Feb18,https://www.mtr.com.hk/en/corporate/tenders/Feb18.html
M1161-17E,Selective,Maintenance Services for O&M Radio System and RDN in SIL(E) (Package B),"Comba Telecom Limited611 East Wing, No.8 Science Park West Avenue, Hong Kong Science Park, Tai Po, Hong Kong",Not Applicable,"HK$1,050,000",20 Feb 2018,MTR_Tender_Feb18_table1.csv,2018,Feb18,https://www.mtr.com.hk/en/corporate/tenders/Feb18.html
Q053400,Selective,Consultancy Service for Workplace Interior Design for MTR Headquarters Building,"M. Moser Associates Limited2/F, Allied Kajima Building, 138 Gloucester Road, Wanchai, Hong Kong",1 Job,Not Disclosed,7 Feb 2018,MTR_Tender_Feb18_table1.csv,2018,Feb18,https://www.mtr.com.hk/en/corporate/tenders/Feb18.html
Q055421,Selective,Operation of Duty Free Business at Express Rail Link Hong Kong West Kowloon Station,"The Nuance Group (HK) LimitedSuite 601-604, One Citygate20 Tat Tung Road, Tung Chung,Lantau, New Territories, Hong Kong",5 Years,Not Disclosed,13 Feb 2018,MTR_Tender_Feb18_table1.csv,2018,Feb18,https://www.mtr.com.hk/en/corporate/tenders/Feb18.html
M1154-17C,Selective,Maintenance Services for Landscaping for Express Rail Link,"C. K. Garden Company LimitedB22, 6/F, Block B, Cambridge Plaza, 188 San Wan Road, Sheung Shui, Hong Kong",Not Applicable,"HK$4,882,000",27 Apr 2018,MTR_Tender_Apr18_table1.csv,2018,Apr18,https://www.mtr.com.hk/en/corporate/tenders/Apr18.html
Q054924,Selective,Installation of LRV External and In-Saloon Doorway CCTV System,"KML Engineering LimitedB12, G/F, Shatin Industrial Centre, Siu Lek Yuen Road, Shatin, New Territories, Hong Kong",1 Job,"HK$15,912,500",17 Apr 2018,MTR_Tender_Apr18_table1.csv,2018,Apr18,https://www.mtr.com.hk/en/corporate/tenders/Apr18.html
Q058002,Selective,Operation of West Kowloon Station Car Park of the Hong Kong Section of Express Rail Link,"Synergis Management Services Limited8/F, KT336, 334 – 336 Kwun Tong Road, Kwun Tong, Kowloon,Hong Kong",3 Years,Not Disclosed,10 Apr 2018,MTR_Tender_Apr18_table1.csv,2018,Apr18,https://www.mtr.com.hk/en/corporate/tenders/Apr18.html
Q055066,Selective,Term Contracts for General Building Repair and Shop Repartitioning Works for Investment Properties,"Hong Dau Construction Company LimitedRoom 1605-6, 16/F, Tamson Plaza, 161 Wai Yip Street, Kwun Tong, Kowloon, Hong Kong",3 Years,"HK$61,000,000",15 Aug 2018,MTR_Tender_Aug18_table1.csv,2018,Aug18,https://www.mtr.com.hk/en/corporate/tenders/Aug18.html
Q059950,Selective,Catering Services for Staff Canteens and Management Services for Club Houses,"Compass Group Hong Kong LimitedRoom 805, 8/F, New Kowloon Plaza, 38 Tai Kok Tsui Road, Kowloon, Hong Kong",3 Years,"Package 1 (Staff Canteens): 0% adjustment ; Management Fee for Clubhouse HK$24,106,397Package 2 (Staff Canteens): 0% adjustment",22 Aug 2018,MTR_Tender_Aug18_table1.csv,2018,Aug18,https://www.mtr.com.hk/en/corporate/tenders/Aug18.html
Q062950,Limited*,KL015 - Modification of Unified Voice Recording System for SCL,"Verint Systems (Asia Pacific) LimitedSuite 715 - 16, Level 7,Core F, Cyberport 3,100 Cyberport, Hong Kong",1 Item,"HK$4,441,447",28 Aug 2018,MTR_Tender_Aug18_table1.csv,2018,Aug18,https://www.mtr.com.hk/en/corporate/tenders/Aug18.html
Q053436,Selective,"3-Year Term Contract for Supply of Leather Uniform Shoes for Operating, Administration and Security Department","Dr Kong Footcare LimitedRoom 14C, Vigor Industrial Building, Phase 1, 49-53 Ta Chuen Ping Street, Kwai Chung, New Territories, Hong Kong",1 Job,"HK$4,459,529",19 Jan 2018,MTR_Tender_Jan18_table1.csv,2018,Jan18,https://www.mtr.com.hk/en/corporate/tenders/Jan18.html
Q056291,Limited*,KL020 - Modification of Service Information Panel System for SCL-EWL,"NEC Hong Kong Limited25/F , The Metropolis Tower,Metropolis Drive,Hunghom, Hong Kong",1 Item,"HK$5,250,150",5 Jan 2018,MTR_Tender_Jan18_table1.csv,2018,Jan18,https://www.mtr.com.hk/en/corporate/tenders/Jan18.html
Q057860,Selective,Supply of Uniform for Maintenance and Materials & Stores Staff,"Angie International LimitedUnit 2E, 1/F Fuk Hong Industrial Building, 60-62 Tong Mei Road, Mongkok, Kowloon, Hong Kong",1 Job,"HK$7,272,121",31 Jan 2018,MTR_Tender_Jan18_table1.csv,2018,Jan18,https://www.mtr.com.hk/en/corporate/tenders/Jan18.html
Q061141,Selective,Provision of Term Workers for MTRCL Managed Properties,"Kum Shing (K.F.) Construction Company Limited(Package 1A and 1B)UG 8, Phase II, Newport Centre, 116 Ma Tau Kok Road, To Kwa Wan, Kowloon, Hong Kong",3 Years,"1A: HK$105,063,1201B: HK$100,678,517",15 Nov 2018,MTR_Tender_Nov18_table1.csv,2018,Nov18,https://www.mtr.com.hk/en/corporate/tenders/Nov18.html
Q062640,Selective,"Provision of Security Guarding Services for Ticket Inspection, By-law Enforcement and Customer Care Operations for By-laws Inspection Unit","Security and Safety Limited7/F, Cityplaza One, 1111 King's Road, Taikoo Shing, Hong Kong",3 Years,"HK$44,210,304",16 Nov 2018,MTR_Tender_Nov18_table1.csv,2018,Nov18,https://www.mtr.com.hk/en/corporate/tenders/Nov18.html
Q063253,Selective,Consultancy Services for Security Risk Management and Assessment at Two International Finance Centre,"Ove Arup & Partners Hong Kong Ltd.Level 5 Festival Walk, 80 Tat Chee Avenue, Kowloon Tong, Kowloon, Hong Kong",1 Job,"HK$69,440",30 Nov 2018,MTR_Tender_Nov18_table1.csv,2018,Nov18,https://www.mtr.com.hk/en/corporate/tenders/Nov18.html
Q064298,Limited*,K0470 - Supply and Technical Support for Fleet Replacement of Fixed Signals in Light Rail,"Siemens Mobility LimitedUnits 905-907, 9/F., Tower B, Manulife Financial Centre , 223-231 Wai Yip Street, Kwun Tong, Kowloon, Hong Kong",1 Job,"HK$7,968,968",28 Aug 2018,MTR_Tender_Nov18_table1.csv,2018,Nov18,https://www.mtr.com.hk/en/corporate/tenders/Nov18.html
"M1175-18E (Packages A, B & E)",Selective,"Maintenance Services for Platform Screen Doors and Automatic Platform Gates (Packages A, B & E)","Gilgen Door Systems AGFreiburgstrasse 343150 Schwarzenburg, Switzerland",Not Applicable,"HK$85,871,975",27 Dec 2018,MTR_Tender_Dec18_table1.csv,2018,Dec18,https://www.mtr.com.hk/en/corporate/tenders/Dec18.html
M1175-18E (Packages C & D),Selective,Maintenance Services for Platform Screen Doors and Automatic Platform Gates (Packages C & D),"Faiveley Transport Far East Limited21/F, 9 Des Voeux Road WestSheung Wan, Hong Kong",Not Applicable,"HK$31,527,989",27 Dec 2018,MTR_Tender_Dec18_table1.csv,2018,Dec18,https://www.mtr.com.hk/en/corporate/tenders/Dec18.html
K0755.B-18C,Selective,Noise Mitigation Works at Viaduct of YUL,"Kum Shing (K.F.) Construction Company LimitedG/F, 28 Tsun Fat Street, To Kwa Wan, Kowloon, Hong Kong",Not Applicable,"HK$53,777,780",05 Dec 2018,MTR_Tender_Dec18_table1.csv,2018,Dec18,https://www.mtr.com.hk/en/corporate/tenders/Dec18.html
Q063053,Selective,Provision of Maintenance Services for Corporate Vehicles (Package 1),"Unionace Auto Body & Repair Company Limited41E, Tin Ha Road, Hung Shui Kiu, New Territories, Hong Kong",3 Years,"HK$18,709,916",05 Dec 2018,MTR_Tender_Dec18_table1.csv,2018,Dec18,https://www.mtr.com.hk/en/corporate/tenders/Dec18.html
Q063734,Selective,3-Year Term Contract for Computers and Peripheral Devices,"Microware Limited1/F, Century Centre, 44-46 Hung To Road, Kwun Tong, Kowloon, Hong Kong",3 Years,"HK$50,388,000",21 Dec 2018,MTR_Tender_Dec18_table1.csv,2018,Dec18,https://www.mtr.com.hk/en/corporate/tenders/Dec18.html
M1100-14E,Selective,Maintenance Services for Network Security Infrastructure for MTR Data Networks,"Roctec Technology LimitedRoom 1502-4, 15/F., Kadak House II, 321 Java Road, North Point, Hong Kong",Not Applicable,"HK$6,160,800",17 Jan 2019,MTR_Tender_Jan19_table1.csv,2019,Jan19,https://www.mtr.com.hk/en/corporate/tenders/Jan19.html
Q053708,Selective,Provision of Branding and Marketing Services to LOHAS Park Retail Development,"MOJITO LimitedSuit A1018, Ozone, 10/F18 Shing Yip StreetKwun Tong, KowloonHong Kong",1 Job,"HK$8,000,000",24 Jan 2019,MTR_Tender_Jan19_table1.csv,2019,Jan19,https://www.mtr.com.hk/en/corporate/tenders/Jan19.html
Q061212,Selective,Provision of Luggage and Parcel Handling Services for MTR Intercity Through Train,Worldwide Flight Services (Hong Kong) LimitedWorldwide House 1501A19 Des Voeux Road CentralHong Kong,3 Years,"HK$8,521,740",29 Jan 2019,MTR_Tender_Jan19_table1.csv,2019,Jan19,https://www.mtr.com.hk/en/corporate/tenders/Jan19.html
Q063873,Selective,Provision of Social Media Agency Services for Branding & Marketing Communications,"You Find Limited3/F, United Overseas Plaza,11 Lai Yip Street,Kwun Tong, KowloonHong Kong",2 Years,"HK$10,000,000",10 Jan 2019,MTR_Tender_Jan19_table1.csv,2019,Jan19,https://www.mtr.com.hk/en/corporate/tenders/Jan19.html
Q064658,Limited*,C6949 & C6950 – Provision of Testers for SIL Train-borne and Trackside Signalling System Equipment,"ALSTOM Hong Kong LimitedUnit 1011, 10/F, New Kowloon Plaza38 Tai Kok Tsui Road,Tai Kok Tsui, Kowloon, Hong Kong",2 Jobs,"HK$5,497,111",07 Jan 2019,MTR_Tender_Jan19_table1.csv,2019,Jan19,https://www.mtr.com.hk/en/corporate/tenders/Jan19.html
SIL(E)/921,Selective,Walkway Covers at PTI underneath Wong Chuk Hang Station,"China Railway Construction (HK) LimitedUnit A, 10/F, MG Tower,133 Hoi Bun Road, Kwun TongKowloon, Hong Kong",Not Applicable,"HK$11,388,000",09 Jan 2019,MTR_Tender_Jan19_table1.csv,2019,Jan19,https://www.mtr.com.hk/en/corporate/tenders/Jan19.html
Q059986,Selective,Construction of Waterfront Promenade Area at LOHAS Park,"Build King Civil Engineering LtdUnits 601-605A, 6/F, Tower BManulife Financial Centre223 Wai Yip StreetKwun Tong, KowloonHong Kong",Not Applicable,"HK$69,800,000",20 Feb 2019,MTR_Tender_Feb19_table1.csv,2019,Feb19,https://www.mtr.com.hk/en/corporate/tenders/Feb19.html
Q063896,Selective,Provision of Print Management Solution,"Ricoh Hong Kong Limited21/F, One Kowloon, 1 Wang Yuen Street, Kowloon Bay, Kowloon, Hong Kong",5 Years,"HK$30,358,550",27 Feb 2019,MTR_Tender_Feb19_table1.csv,2019,Feb19,https://www.mtr.com.hk/en/corporate/tenders/Feb19.html
Q066537,Limited*,C2129 & C8087 - Partial Replacement of SACEM Trackside and Train-borne Equipment in AEL & TCL,"ALSTOM Hong Kong LimitedUnit 1011,10/F New Kowloon Plaza38 Tai Kok Tsui Road,Tai Kok Tsui, Kowloon,Hong Kong",17 Items,"HK$53,779,377.67",27 Feb 2019,MTR_Tender_Feb19_table1.csv,2019,Feb19,https://www.mtr.com.hk/en/corporate/tenders/Feb19.html
M1172-18E,Selective,Maintenance Services for Building Services at SCL-TML,"ATAL Building Services Engineering LimitedUnit 102, 1/F, Shui Hing Centre13 Sheung Yuet RoadKowloon Bay, KowloonHong Kong",Not Applicable,"HK$107,551.840.8",30 Oct 2019,MTR_Tender_Oct19_table1.csv,2019,Oct19,https://www.mtr.com.hk/en/corporate/tenders/Oct19.html
KL217.A-19E,Limited*,Modification of Main Control System at ADM for SCL,"Thales Transport & Security (Hong Kong) LimitedUnit 1106-07, 11/F, New Kowloon Plaza38 Tai Kok Tsui RoadKowloonHong Kong",Not Applicable,"HK$54,649,084",02 Oct 2019,MTR_Tender_Oct19_table1.csv,2019,Oct19,https://www.mtr.com.hk/en/corporate/tenders/Oct19.html
Q067740,Selective,Modification of Train Door Bottom Guide,"Faiveley Transport Far East Limited26/F, Casey Aberdeen House38 Heung Yip RoadWong Chuk HangHong Kong",1 Job,"HK$31,215,000",10 Oct 2019,MTR_Tender_Oct19_table1.csv,2019,Oct19,https://www.mtr.com.hk/en/corporate/tenders/Oct19.html
Q068310,Selective,Re-layout Work for Shop Units 401-402 & 501-502 at Telford Plaza II,"ISP Interiors Limited7/F, Linkchart Centre2 Tai Yip StreetKwun Tong, KowloonHong Kong",1 Job,"HK$26,380,000",11 Oct 2019,MTR_Tender_Oct19_table1.csv,2019,Oct19,https://www.mtr.com.hk/en/corporate/tenders/Oct19.html
Q068147,Selective,Provision of Term Cleaning Personnel for Elements,"Nixon Cleaning Company Limited5/F, Hong Kong Plaza188 Connaught Road WestHong Kong",1 Job,"HK$103,789,410.4",22 Oct 2019,MTR_Tender_Oct19_table1.csv,2019,Oct19,https://www.mtr.com.hk/en/corporate/tenders/Oct19.html
Q069123,Selective,"Provision of Security Guarding Services for Yards, Sidings and Stations in East Rail Line","City Security Company Limited10/F9 Po Lun StreetLai Chi Kok, KowloonHong Kong",2 Years,"HK$7,698,000",18 Oct 2019,MTR_Tender_Oct19_table1.csv,2019,Oct19,https://www.mtr.com.hk/en/corporate/tenders/Oct19.html
C7198.B-19C,Selective,Revamp of Advertising Panels at URL Stations (Phase 2),"GTECH-EEB Joint Venturec/o GTECH Services (Hong Kong) LimitedRoom 2403-08, 24/F, C C Wu Building302-308 Hennessy RoadWanchaiHong Kong",Not Applicable,"HK$51,359,780",02 Apr 2019,MTR_Tender_Apr19_table1.csv,2019,Apr19,https://www.mtr.com.hk/en/corporate/tenders/Apr19.html
M1081-14E,Selective,Maintenance Services for Passenger Information Display System in WRL,"Roctec Technology LimitedRoom 1502-4, 15/F, Kodak House II321 Java RoadNorth Point, Hong Kong",Not Applicable,"HK$2,474,060",18 Apr 2019,MTR_Tender_Apr19_table1.csv,2019,Apr19,https://www.mtr.com.hk/en/corporate/tenders/Apr19.html
M1121-15E,Selective,Maintenance Services for DCS (Phase 1),"Huawei International Co. Limited26/F, Tower 6, The GatewayNo. 9 Canton RoadTsim Sha Tsui, KowloonHong Kong",Not Applicable,"HK$5,431,179",04 Apr 2019,MTR_Tender_Apr19_table1.csv,2019,Apr19,https://www.mtr.com.hk/en/corporate/tenders/Apr19.html
Q060515,Selective,"Provision of Supply & Installation of Sign Boxes in MTR Stations (Package II)(Package I has been awarded on 16 Oct 2018. For details,please refer tohere)","Hoy Hung Engineering LtdUnits 3E - 3H, Shui Sum Industrial Building, 8-10 Kwai Sau Road, Kwai Chung, New Territories, Hong Kong",2 Years,"HK$13,600,000",03 Apr 2019,MTR_Tender_Apr19_table1.csv,2019,Apr19,https://www.mtr.com.hk/en/corporate/tenders/Apr19.html
Q061497,Selective,Nominated Sub-Contract for Supply and Installation of Electrical & ELV System of LOHAS Park Retail Centre,"ATAL Engineering Ltd13/F, Island Place Tower510 King's RoadNorth Point, Hong Kong",Not Applicable,"HK$45,640,000",03 Apr 2019,MTR_Tender_Apr19_table1.csv,2019,Apr19,https://www.mtr.com.hk/en/corporate/tenders/Apr19.html
Q061906,Selective,Provision of Artwork Production Services,"Design ConnexionUnit B, 16/F,Gaylord Commercial Building, 118 Lockhart Road, Wanchai, Hong Kong",2 Years,"HK$2,500,000",01 Apr 2019,MTR_Tender_Apr19_table1.csv,2019,Apr19,https://www.mtr.com.hk/en/corporate/tenders/Apr19.html
Q064199,Selective,Nominated Sub-Contract for Supply and Installation of Mechanical Ventilation & Air-Conditioning System of LOHAS Park Retail Centre,"REC Engineering Company LimitedUnit A-D, 15/F, Goodman Kwai Chung Logistics Centre585-609 Castle Peak RoadKwai Chung, New Territories, Hong Kong",Not Applicable,"HK$23,620,000",03 Apr 2019,MTR_Tender_Apr19_table1.csv,2019,Apr19,https://www.mtr.com.hk/en/corporate/tenders/Apr19.html
Q066393,Selective,Supply of Staff Uniform,"U-Vision Company LimitedUnit 7, 15/F, Westley Square48 Hok Yuen RoadKwun Tong, KowloonHong Kong",1 Job,"HK$44,878,492.60",12 Apr 2019,MTR_Tender_Apr19_table1.csv,2019,Apr19,https://www.mtr.com.hk/en/corporate/tenders/Apr19.html
Q066433,Selective,Supply of Uniform Accessories,"Baron Kay's Tailor1/F, 43 Mody RoadTsim Sha Tsui, KowloonHong Kong",1 Job,"HK$2,033,350",23 Apr 2019,MTR_Tender_Apr19_table1.csv,2019,Apr19,https://www.mtr.com.hk/en/corporate/tenders/Apr19.html
Q066713,Selective,Provision of EMU Components Washing Facilities Rental Service at MTR Depots,"Global Kleen HK Limited8 Kai Fong Yuen, Ping Che, Fanling, New Territories, Hong Kong",1 Job,"HK$3,370,893",03 Apr 2019,MTR_Tender_Apr19_table1.csv,2019,Apr19,https://www.mtr.com.hk/en/corporate/tenders/Apr19.html
Q066304,Selective,"Provision of Design, Installation, Operation and Maintenance of Mobile Network for a New Shopping Mall at LOHAS Park","SmarTone Mobile Communications LimitedUnit 01-23, 9/F, KITEC1 Trademart DriveKowloon Bay, KowloonHong Kong",1 Job,Not Disclosed,03 Sep 2019,MTR_Tender_Sep19_table1.csv,2019,Sep19,https://www.mtr.com.hk/en/corporate/tenders/Sep19.html
Q066529,Selective,Provision of 10 Units Long Flat Wagon for DUAT Lines,"Tekway Engineering & Consulting Co. Ltd.Room C&D, 9/F, Block 3The Pearl River PlazaLongxiang AvenueLonggang City CentreLonggang DistrictShenzhen, Guangdong Province518172 China",10 Units,"HK$13,842,025",04 Sep 2019,MTR_Tender_Sep19_table1.csv,2019,Sep19,https://www.mtr.com.hk/en/corporate/tenders/Sep19.html
Q068601,Selective,Provision of Consultancy Services for Interior Design and Drafting Services for MTR Malls,"Ryder (Asia) LimitedUnit 502-5, 5/FYu Yuet Lai Building43-55 Wyndham StreetCentralHong Kong",3 Years,"HK$5,774,700",30 Sep 2019,MTR_Tender_Sep19_table1.csv,2019,Sep19,https://www.mtr.com.hk/en/corporate/tenders/Sep19.html
Q069194,Selective,Repair and Maintenance of MTR Buses,"Wah Kee Auto Body Works Co LtdRoom 803, 8/FKin Wing Industrial Building33 Kin Wing StreetTuen Mun, New TerritoriesHong Kong",1 Job,"HK$6,800,000",16 Sep 2019,MTR_Tender_Sep19_table1.csv,2019,Sep19,https://www.mtr.com.hk/en/corporate/tenders/Sep19.html
Q070280,Selective,Office Leasing and Marketing Agency Services for Central 18 Floors at 2IFC,"CBRE LtdSuite 1204-06, 12/FThree Exchange Square8 Connaught PlaceCentralHong Kong",1 Job,"HK$11,500,000",30 Sep 2019,MTR_Tender_Sep19_table1.csv,2019,Sep19,https://www.mtr.com.hk/en/corporate/tenders/Sep19.html
M1189-19E,Selective,Maintenance Services for UPS and CBS,"Schneider Electric IT Hong Kong Limited11/F, Kerry Centre683 King's RoadQuarry BayHong Kong",Not Applicable,"HK$36,363,997.31",18 Nov 2019,MTR_Tender_Nov19_table1.csv,2019,Nov19,https://www.mtr.com.hk/en/corporate/tenders/Nov19.html
Q067420,Selective,Construction of Superstructure Works at Section 4 of Tseung Kwan O Depot Phase II,"Excel Engineering Company Limited155 Waterloo Road, Kowloon TongKowloonHong Kong",Not Applicable,"HK$91,830,000",20 Nov 2019,MTR_Tender_Nov19_table1.csv,2019,Nov19,https://www.mtr.com.hk/en/corporate/tenders/Nov19.html
Q068045,Selective,Provision of Security Guarding Services for Luggage Carriage Control along East Rail Line,"International Wing Shing Security Management Limited1/F, Hang Seng Castle Peak Road Building339 Castle Peak RoadCheung Sha Wan, KowloonHong Kong",2 Years,"HK$7,126,790.4",04 Nov 2019,MTR_Tender_Nov19_table1.csv,2019,Nov19,https://www.mtr.com.hk/en/corporate/tenders/Nov19.html
Q068885,Selective,Provision of Social Media Marketing Services for Shopping Mall in LOHAS Park,"CMRS Digital Solutions LimitedUnit B, 2/FNorth Point Industrial Building499 King's RoadNorth PointHong Kong",1 Job,Not Disclosed,07 Nov 2019,MTR_Tender_Nov19_table1.csv,2019,Nov19,https://www.mtr.com.hk/en/corporate/tenders/Nov19.html
Q068887,Selective,Provision of Public Relations Management Services for Shopping Mall in LOHAS Park,"Strategic Communications Consultants Limited601-602, 6/F, Shanghai Industrial Investment Building48-62 Hennessy RoadWanchaiHong Kong",1 Job,Not Disclosed,07 Nov 2019,MTR_Tender_Nov19_table1.csv,2019,Nov19,https://www.mtr.com.hk/en/corporate/tenders/Nov19.html
Q071052,Selective,Provision of Flexible Benefits On-line Platform to Employees,"Mercer (Hong Kong) LimitedSuite 3402-3406, One Taikoo Place979 King's RoadQuarry BayHong Kong",3 Years,"HK$82,426,600",18 Nov 2019,MTR_Tender_Nov19_table1.csv,2019,Nov19,https://www.mtr.com.hk/en/corporate/tenders/Nov19.html
8236,Open,Additional Mobile Phone Coverage for HKCIQ and MCIQ at West Kowloon Station,"Comba Telecom LimitedFlat/Room 611, 6/F, East WingNo. 8 Science Park West AvenueHong Kong Science ParkTai Po, New TerritoriesHong Kong",1 Job,"HK$4,949,620",13 Dec 2019,MTR_Tender_Dec19_table1.csv,2019,Dec19,https://www.mtr.com.hk/en/corporate/tenders/Dec19.html
C3025-18E,Selective,Replacement and Upgrading of Automatice Fare Collection Gates and Ticket Issuing Machines,"KML - Huaming Joint VentureB12, G/F, Shatin Industrial CentreSiu Lek Yuen RoadShatin, New TerritoriesHong Kong",1 Job,"HK$441,564,788",16 Dec 2019,MTR_Tender_Dec19_table1.csv,2019,Dec19,https://www.mtr.com.hk/en/corporate/tenders/Dec19.html
C3099-19E,Limited*,Development and Implementation of Train Intelligent Detection System on M-Trains in Tsuen Wan Line,"Traffic Control Technology Co., Ltd.Building 2 and 3, Center Business ParkNo. 6 Haiying RoadFengtai District, BeijingChina",Not Applicable,"HK$70,631,951",31 Dec 2019,MTR_Tender_Dec19_table1.csv,2019,Dec19,https://www.mtr.com.hk/en/corporate/tenders/Dec19.html
K2414-19C,Selective,Wall Finishes Improvement Works at TAW,"Program Cotnractors Limited19/F, Wing Shing Industrial Building26 Ng Fong StreetSan Po Kong, KowloonHong Kong",Not Applicable,"HK$32,506,489",02 Dec 2019,MTR_Tender_Dec19_table1.csv,2019,Dec19,https://www.mtr.com.hk/en/corporate/tenders/Dec19.html
M1193-19C,Selective,Ecological Monitoring and Adaptive Management Advice Services for Lok Ma Chau and West Rail Wetlands,"AEC Limited127 Commercial Centre, Palm SpringsYuen Long, New TerritoriesHong Kong",Not Applicable,"HK$2,954,370",17 Dec 2019,MTR_Tender_Dec19_table1.csv,2019,Dec19,https://www.mtr.com.hk/en/corporate/tenders/Dec19.html
M1194-19C,Selective,Maintenance Services for Landscaping,"Melofield Nursery and Landscape Contractor LimitedNo. 125 Ha Yau Tin TsuenYuen Long, New TerritoriesHong Kong",Not Applicable,"HK$41,323,494",23 Dec 2019,MTR_Tender_Dec19_table1.csv,2019,Dec19,https://www.mtr.com.hk/en/corporate/tenders/Dec19.html
Q066189,Selective,Train Pantograph CCTV Monitoring System,"NEC Hong Kong Limited25/F, The Metropolis Tower10 Metropolis DriveHunghom, KowloonHong Kong",1 Job,"HK$7,498,000",03 Dec 2019,MTR_Tender_Dec19_table1.csv,2019,Dec19,https://www.mtr.com.hk/en/corporate/tenders/Dec19.html
Q067405,Selective,Supply of Road Rail Vehicle,G. Zwiehoff GmbHGiessereistrasse 883022 RosenheimGermany,1 Unit,"EUR539,640.56",23 Dec 2019,MTR_Tender_Dec19_table1.csv,2019,Dec19,https://www.mtr.com.hk/en/corporate/tenders/Dec19.html
Q068888,Selective,"Provision of Integrated Marketing Communications, Creative Design and Promotion Service for Shopping Mall in LOHAS Park","Havas Worldwide Hong Kong Limited25/F, Paul Y Centre51 Hung To RoadKwun Tong, KowloonHong Kong",1 Job,Not Disclosed,17 Dec 2019,MTR_Tender_Dec19_table1.csv,2019,Dec19,https://www.mtr.com.hk/en/corporate/tenders/Dec19.html
Q070025,Selective,Property All Risks Insurance for Managed Properties (2020-2021),"Hong Leong Insurance (Asia) LimitedRoom 807-10, 8/F, Island Place Tower510 King's RoadNorth PointHong Kong",1 Job,"HK$290,987,051.75",02 Dec 2019,MTR_Tender_Dec19_table1.csv,2019,Dec19,https://www.mtr.com.hk/en/corporate/tenders/Dec19.html
Q070242,Selective,Supply of 13 Units of Battery Electric Locomotives,"CRM (Hong Kong) Trading LimitedRoom 601-02A, 6/F, New East Ocean9 Science Museum RoadTsim Sha Tsui, KowloonHong Kong",13 Units,"HK$166,400,000",13 Dec 2019,MTR_Tender_Dec19_table1.csv,2019,Dec19,https://www.mtr.com.hk/en/corporate/tenders/Dec19.html
Q070867,Selective,Supply of Diesel Vans,"Universal Automobile Company Limited33 Kam Pok RoadTai Sang Wai, Tai YuenYuen Long, New TerritoriesHong Kong",46 Units,"HK$13,272,390",03 Dec 2019,MTR_Tender_Dec19_table1.csv,2019,Dec19,https://www.mtr.com.hk/en/corporate/tenders/Dec19.html
Q072473,Selective,Provision of Temporary Station Security Guarding Service for MTR Shatin to Central Link Stations,"Internatinoal Wing Shing Security Management Limited1/F Hang Seng Castle Peak Road Building333 Castle Peak RoadCheung Sha Wan, KowloonHong Kong",2 Years,"HK$9,600,000",24 Dec 2019,MTR_Tender_Dec19_table1.csv,2019,Dec19,https://www.mtr.com.hk/en/corporate/tenders/Dec19.html
Q059488,Selective,Supply of AEL Train Saloon Carpet,"Tisca Tischhauser AGSonnenbergstrasse 1, BuehlerCH-9055Switzerland",1 Job,"EUR308,351.20",23 May 2019,MTR_Tender_May19_table1.csv,2019,May19,https://www.mtr.com.hk/en/corporate/tenders/May19.html
Q065255,Selective,Consultancy Services for Toilet Renovation at Elements,"MAP Architecture & Planning Limited1201, Block C, Sea View Estate8 Watson RoadNorth PointHong Kong",1 Job,"HK$1,258,000",29 May 2019,MTR_Tender_May19_table1.csv,2019,May19,https://www.mtr.com.hk/en/corporate/tenders/May19.html
Q066815,Selective,Provision of Event Management and Production Services for Corporate Events,"Cayee Design Limited906A, Join-in Hang Sing Centre71-75 Container Port RoadKwai Chung, New TerritoriesHong Kong",2 Years,"HK$5,000,000",10 May 2019,MTR_Tender_May19_table1.csv,2019,May19,https://www.mtr.com.hk/en/corporate/tenders/May19.html
Q067528,Selective,Supply and Installation of Black & White Multi-function Printing Devices,"Konica Minolta Business Solutions (HK) Ltd  Room 208, 2/F, Eastern Centre1065 King's RoadQuarry BayHong Kong",3 Years,"HK$1,900,256.50",24 May 2019,MTR_Tender_May19_table1.csv,2019,May19,https://www.mtr.com.hk/en/corporate/tenders/May19.html
8234,Limited*,Maintenance Service for Ticketing System,"Easyway Tech (Hong Kong) LimitedRoom 1501, 15/F, Alliance Building, 133 Connaught Road, Central, Hong Kong",Not Applicable,"HK$10,000,000",22 Mar 2019,MTR_Tender_Mar19_table1.csv,2019,Mar19,https://www.mtr.com.hk/en/corporate/tenders/Mar19.html
CT133-18E,Selective,DCS Network Replacement (Phase 3),"Huawei International Co. Limited26/F, Tower 6, The GatewayNo. 9 Canton RoadTsim Sha Tsui, KowloonHong Kong",Not Applicable,"HK$210,073,500",15 Mar 2019,MTR_Tender_Mar19_table1.csv,2019,Mar19,https://www.mtr.com.hk/en/corporate/tenders/Mar19.html
K1383.B-18C,Selective,Station Enhancement Works at LOW,"Build King Construction LimitedUnits 601-605A, 6/F, Tower BManulife Financial Centre223 Wai Yip StreetKwun Tong, KowloonHong Kong",Not Applicable,"HK$57,223,614",08 Mar 2019,MTR_Tender_Mar19_table1.csv,2019,Mar19,https://www.mtr.com.hk/en/corporate/tenders/Mar19.html
M1182-18E,Selective,Maintenance Services for DCS in SIL,"Comba Telecom Limited611 East Wing, No.8 Science Park West AvenueHong Kong Science ParkTai Po, New TerritoriesHong Kong",Not Applicable,"HK$2,099,800",13 Mar 2019,MTR_Tender_Mar19_table1.csv,2019,Mar19,https://www.mtr.com.hk/en/corporate/tenders/Mar19.html
Q061495,Selective,Fit Out Works of LOHAS Park Retail Centre,"Yearfull Contracting Limited17/F, SUP Tower75-83 King’s RoadNorth PointHong Kong",Not Applicable,"HK$355,641,875",11 Mar 2019,MTR_Tender_Mar19_table1.csv,2019,Mar19,https://www.mtr.com.hk/en/corporate/tenders/Mar19.html
Q063822,Selective,"Provision of Station Security Services and Kiosk Management, Security and Delivery Control Services","International Wing Shing Security Management Limited1/F Hang Seng Castle Peak Rd Blg, 339 Castle Peak Road,Cheung Sha Wan, Kowloon, Hong Kong",2 Years,"HK$35,199,418",22 Mar 2019,MTR_Tender_Mar19_table1.csv,2019,Mar19,https://www.mtr.com.hk/en/corporate/tenders/Mar19.html
Q068202,Limited**,K2757 – Supply of Component Parts and Modules for the Provision of Workshop Test Facility at CEWS for C1152B,"Siemens Mobility LimitedUnits 905-907, 9/F., Tower B,Manulife Financial Centre , 223-231 Wai Yip Street, Kwun Tong, KowloonHong Kong",103 Numbers,"HK$8,971,486",18 Mar 2019,MTR_Tender_Mar19_table1.csv,2019,Mar19,https://www.mtr.com.hk/en/corporate/tenders/Mar19.html
T0957-18E,Selective,Provision of Term Workers for Rolling Stock and Depot Works,"Hop Yuen Construction Company2/F, Hop Yuen Centre171 Queen's Road CentralHong Kong",2 Years,Not disclosed,08 Mar 2019,MTR_Tender_Mar19_table1.csv,2019,Mar19,https://www.mtr.com.hk/en/corporate/tenders/Mar19.html
C5206-19E,Selective,"Replacement of AFA System in KTL, TWL and ISL","Shinryo (Hong Kong) LimitedUnit 3708, 37/F, Skyline Tower39 Wang Kwong RoadKowloon Bay, KowloonHong Kong",Not Applicable,"HK$95,575,130",28 Jun 2019,MTR_Tender_Jun19_table1.csv,2019,Jun19,https://www.mtr.com.hk/en/corporate/tenders/Jun19.html
Q059489,Selective,Supply of AEL Train Saloon Seat Cushion,"FAINSACalle Horta S/N 08107Martorelles, BarcelonaSpain",1 Job,"EUR2,456,347.72",06 Jun 2019,MTR_Tender_Jun19_table1.csv,2019,Jun19,https://www.mtr.com.hk/en/corporate/tenders/Jun19.html
Q064829,Selective,Provision of Water Treatment System for Condensing Water System at The Cullinan,"Lik Kai Engineering Co. Ltd.5/F, New East Sun Industrial Building18 Shing Yip StreetKwun Tong, KowloonHong Kong",2 Years,"HK$6,010,000",14 Jun 2019,MTR_Tender_Jun19_table1.csv,2019,Jun19,https://www.mtr.com.hk/en/corporate/tenders/Jun19.html
Q067304,Limited*,K2756 - Provision of 3rd Generation Vehicle Control Centre Target Simulator for TML,"Thales Transport & Security (Hong Kong) LimitedUnit 1106-07, New Kowloon Plaza38 Tai Kok Tsui RoadTai Kok Tsui, KowloonHong Kong",1 Job,"HK$6,595,000",06 Jun 2019,MTR_Tender_Jun19_table1.csv,2019,Jun19,https://www.mtr.com.hk/en/corporate/tenders/Jun19.html
Q067319,Selective,Provision of Security Guarding Services for Designated MTR Malls,"Certis Centurion Facility Company LimitedUnit 2008-2011, 20/F, CDW Building388 Castle Peak RoadTsuen Wan, New TerritoriesHong Kong",3 Years,"HK$71,136,000",28 Jun 2019,MTR_Tender_Jun19_table1.csv,2019,Jun19,https://www.mtr.com.hk/en/corporate/tenders/Jun19.html
Q069167,Limited*,C8158 - Airport Express Line and Tung Chung Line On-board Automatic Train Protection Software Modification,"ALSTOM Hong Kong LimitedUnit 1011, 10/F, New Kowloon Plaza38 Tai Kok Tsui RoadTai Kok Tsui, KowloonHong Kong",1 Job,"HK$4,500,000",06 Jun 2019,MTR_Tender_Jun19_table1.csv,2019,Jun19,https://www.mtr.com.hk/en/corporate/tenders/Jun19.html
M1186-19E,Selective,Maintenance Services for Data Network in KTL/TWL/ISL/ AEL/TCL/SIL/ WRL/LRL,"Roctec Technology LimitedRoom 1502-4, 15/FKodak House II321 Java RoadNorth PointHong Kong",Not Applicable,"HK$23,750,660.37",09 Aug 2019,MTR_Tender_Aug19_table1.csv,2019,Aug19,https://www.mtr.com.hk/en/corporate/tenders/Aug19.html
Q066304,Selective,"Provision of Design, Installation, Operation and Maintenance of Wi-Fi Services for a New Shopping Mall at LOHAS Park","Hong Kong Telecommunication (HKT) Limited5/F, Lai Chi Kok Engineering Centre II4 Yuet Lun StreetLai Chi Kok, KowloonHong Kong",1 Job,Not Disclosed,22 Aug 2019,MTR_Tender_Aug19_table1.csv,2019,Aug19,https://www.mtr.com.hk/en/corporate/tenders/Aug19.html
Q067757,Selective,Installation of E-Notice Board in Lift Lobbies of MTR Administration Buildings,"Ricoh Hong Kong Limited21/F, One Kowloon1 Wang Yuen StreetKowloon Bay, KowloonHong Kong",1 Job,"HK$2,752,820",16 Aug 2019,MTR_Tender_Aug19_table1.csv,2019,Aug19,https://www.mtr.com.hk/en/corporate/tenders/Aug19.html
Q067876,Selective,Provision of Term Concierge Personnel for Elements,"Synergis Management Services Limited8/F, KT336334-336 Kwun Tong RoadKwun Tong, KowloonHong Kong",1 Job,"HK$64,187,284.80",06 Aug 2019,MTR_Tender_Aug19_table1.csv,2019,Aug19,https://www.mtr.com.hk/en/corporate/tenders/Aug19.html
Q068146,Selective,Provision of Term Security Personnel for Elements,"Security And Safety Limited7/F, Cityplaza One1111 King's RoadTaikoo ShingHong Kong",1 Job,"HK$79,403,644",05 Aug 2019,MTR_Tender_Aug19_table1.csv,2019,Aug19,https://www.mtr.com.hk/en/corporate/tenders/Aug19.html
Q069226,Selective,Supply of Distilled Water and Water Dispenser,"Fountain Foood Products Ltd5/F, Tai Po Industrial Estate6 Dai Li StreetNew TerritoriesHong Kong",2 Years,"HK$5,863,600",28 Aug 2019,MTR_Tender_Aug19_table1.csv,2019,Aug19,https://www.mtr.com.hk/en/corporate/tenders/Aug19.html
8235,Selective,Miscellaneous Enhanced Works for West Kowloon Station,"BYME Engineering (HK) Ltd.Unit 2101, 21/F, Island Place Tower510 King's RoadNorth PointHong Kong",Not Applicable,"HK$3,393,183",12 Jul 2019,MTR_Tender_Jul19_table1.csv,2019,Jul19,https://www.mtr.com.hk/en/corporate/tenders/Jul19.html
Q067570,Selective,"Supply, Implementation and Operation & Maintenance of Integrated Estate Management System","CardApp Limited18C, Reason Group Tower403 Castle Peak RoadKwai Chung, New TerritoriesHong Kong",1 Job,"HK$2,985,782.35",23 Jul 2019,MTR_Tender_Jul19_table1.csv,2019,Jul19,https://www.mtr.com.hk/en/corporate/tenders/Jul19.html
Q070294,Limited*,"KL015 - Modification of Passenger Information Display System, Service Information Panel System, and Unified Passenger Information Platform for NSL Opening","Roctec Technology LimitedRoom 1502-1504, Kodak House II321 Java RoadNorth PointHong Kong",1 Job,"HK$5,011,500",12 Jul 2019,MTR_Tender_Jul19_table1.csv,2019,Jul19,https://www.mtr.com.hk/en/corporate/tenders/Jul19.html
Q075543,Selective,Consultancy Services for Retail Market Research for MTR Malls in Mainland China,"Colliers International Property Services (Beijing) Co. Ltd.Suite 502 Tower, W3 Oriental PlazaNo. 1 East Changan AvenueDongcheng DistrictBeijing, 100738China",1 Job,Not Disclosed,7 Jul 2020,MTR_Tender_Jul20_table1.csv,2020,Jul20,https://www.mtr.com.hk/en/corporate/tenders/Jul20.html
Q075807,Selective,Provision of Maintenance and Support Service for Access Control Related System,"Hong Kong Telecommunications (HKT) Limited27/F, PCCW Tower, Taikoo Place979 King's RoadQuarry BayHong Kong",1 Job,"HK$14,502,500",19 Jul 2020,MTR_Tender_Jul20_table1.csv,2020,Jul20,https://www.mtr.com.hk/en/corporate/tenders/Jul20.html
Q077956,Selective,Provision and Implementation of HR Services Delivery Platform (Package 1),"Deloitte Advisory Hong Kong Limited35/F, One Pacific88 QueenswayHong Kong",1 Job,"HK$2,088,065.36",3 Jul 2020,MTR_Tender_Jul20_table1.csv,2020,Jul20,https://www.mtr.com.hk/en/corporate/tenders/Jul20.html
M1201-19E,Selective,Maintenance Services for ECS Ventilation System (Pacakge A),"REC Engineering Company LimitedUnits A-D, 15/F, Goodman Kwai Chung Logistics Centre585-609 Castle Peak RoadKwai Chung, New TerritoriesHong Kong",Not Applicable,"HK$52,717,180",22 May 2020,MTR_Tender_May20_table1.csv,2020,May20,https://www.mtr.com.hk/en/corporate/tenders/May20.html
Q069799,Selective,Supply of Rectifier Transformers for Power Supply System in MTR,Transformers & Rectifiers Ltd.15-16 Woodbridge MeadowsGuildfordSurrey GU1 1BJUnited Kingdom,1 Unit,"GBP267,470",25 May 2020,MTR_Tender_May20_table1.csv,2020,May20,https://www.mtr.com.hk/en/corporate/tenders/May20.html
Q070461,Selective,Distribution of Free Daily Newspaper in MTR Stations,"Hong Kong Headline Daily Publishing LimitedSing Tao News Corporation Building7 Chun Cheong StreetTseung Kwan O Industrial EstateTseung Kwan O, New TerritoriesHong Kong",1 Job,Not Disclosed,12 May 2020,MTR_Tender_May20_table1.csv,2020,May20,https://www.mtr.com.hk/en/corporate/tenders/May20.html
Q070868,Selective,Supply of 5.5 Ton Lorries,"Triangel Motors Ltd12/F, Union Park Centre771-775 Nathan RoadKowloonHong Kong",11 Units,"HK$5,342,304",5 May 2020,MTR_Tender_May20_table1.csv,2020,May20,https://www.mtr.com.hk/en/corporate/tenders/May20.html
Q071914,Selective,Supply of Traction Batteries for Battery Electric Locomotives,"Infinitier Company LimitedRoom 601, Bupa Centre141 Connaught Road WestHong Kong",241 Crates,"HK$19,280,000",25 May 2020,MTR_Tender_May20_table1.csv,2020,May20,https://www.mtr.com.hk/en/corporate/tenders/May20.html
Q072672,Selective,"Provision of Collection, Conveyance and Disposal of Sewage Discharged for Shek Kong Stabling Siding","Man Kee Engineering Company LimitedUnit C, 8/F, Unison Industrial Building7 Sun Yip StreetChai WanHong Kong",2 Years,"HK$5,155,604",14 May 2020,MTR_Tender_May20_table1.csv,2020,May20,https://www.mtr.com.hk/en/corporate/tenders/May20.html
Q073200,Selective,Provision of Security Guarding Services and Customer Service Ambassador Personnel for The LOHAS,"Express Security LimitedUnit 01-02, 16/F, Vanta Industrial Centre21-33 Tai Lin Pai RoadKwai Chung, New TerritoriesHong Kong",1 Job,Not Disclosed,25 May 2020,MTR_Tender_May20_table1.csv,2020,May20,https://www.mtr.com.hk/en/corporate/tenders/May20.html
Q073201,Selective,Provision of Comprehensive Cleaning Services for The LOHAS,"Winson Cleaning Service Co LtdSuite 2702, 27/F, Tower 2, Nina Tower8 Yeung Uk RoadTsuen Wan, New TerritoriesHong Kong",1 Job,Not Disclosed,25 May 2020,MTR_Tender_May20_table1.csv,2020,May20,https://www.mtr.com.hk/en/corporate/tenders/May20.html
Q074513,Selective,Group Medical Insurance for Employees and Eligible Dependants 2020-2022,"AIA International Limited12/F, Kerry Centre683 King's RoadQuarry BayHong Kong",2 Years,Not Disclosed,26 May 2020,MTR_Tender_May20_table1.csv,2020,May20,https://www.mtr.com.hk/en/corporate/tenders/May20.html
Q075941,Selective,"Sale of Used Rails, Wheels and the Associated Miscellaneous Items","Advance Prosperity Engineering LimitedFlat 1501, Millennium City 5418 Kwun Tong RoadKwun Tong, KowloonHong Kong",1 Year,Not Disclosed,8 May 2020,MTR_Tender_May20_table1.csv,2020,May20,https://www.mtr.com.hk/en/corporate/tenders/May20.html
8237,Open,Additional Office Modification Works at West Kowloon Station,"BYME Engineering (HK) Ltd.Unit 2101, 21/FIsland Place Tower510 King's RoadNorth PointHong Kong",Not Applicable,"HK$25,185,000",19 Oct 2020,MTR_Tender_Oct20_table1.csv,2020,Oct20,https://www.mtr.com.hk/en/corporate/tenders/Oct20.html
C7609-20E,Selective,"Replacement of Tunnel Sump Pumps in KTL, TWL, ISL and TKL","Shimizu CorporationRoom 1313-1315Metroplaza Tower 1223 Hing Fong RoadKwai Fong, New TerritoriesHong Kong",Not Applicable,"HK$29,316,627.60",7 Oct 2020,MTR_Tender_Oct20_table1.csv,2020,Oct20,https://www.mtr.com.hk/en/corporate/tenders/Oct20.html
M1208-19E,Selective,"Maintenance Services for AFA, BA and SEC System","Honeywell LimitedUnit 501, 5/FGoldin Financial Global Centre17 Kwai Cheung RoadKowloon Bay, KowloonHong Kong",Not Applicable,"HK$19,599,557.04",5 Oct 2020,MTR_Tender_Oct20_table1.csv,2020,Oct20,https://www.mtr.com.hk/en/corporate/tenders/Oct20.html
Q066212,Open,Supply of Distribution Transformers for Power Supply System in MTR,"Triple Faith Engineering & Supply Limited1/F Lee Chung Industrial Building11 Pat Tat StreetSan Po Kong, KowloonHong Kong",2 Units,"EUR1,163,596.00(eqv. HK$11,235,695.59)",20 Oct 2020,MTR_Tender_Oct20_table1.csv,2020,Oct20,https://www.mtr.com.hk/en/corporate/tenders/Oct20.html
Q071701,Selective,Supply of Two Units of Road Rail Vehicles,"Tong Kee Engineering LimitedUnit P & Q, 11/F, Block 2Kinho Industrial Building14-24 Au Pui Wan StreetFotan, New TerritoriesHong Kong",2 Units,"HK$24,774,880",5 Oct 2020,MTR_Tender_Oct20_table1.csv,2020,Oct20,https://www.mtr.com.hk/en/corporate/tenders/Oct20.html
Q078947,Selective,Group Life Insurance for Employees 2021-2023,"AIA International Limited12/F, Kerry Centre683 King's RoadQuarry BayHong Kong",3 Years,Not Disclosed,13 Oct 2020,MTR_Tender_Oct20_table1.csv,2020,Oct20,https://www.mtr.com.hk/en/corporate/tenders/Oct20.html
Q080031,Limited*,Supply of Spares for Audio-Frequency Track Circuit for TKL Signalling System,"Siemens Mobility LimitedUnits 905-907, 9/F, Tower BManulife Financial Centre223-231 Wai Yip StreetKwun Tong, KowloonHong Kong",22 Items,"HK$24,881,714.09",9 Oct 2020,MTR_Tender_Oct20_table1.csv,2020,Oct20,https://www.mtr.com.hk/en/corporate/tenders/Oct20.html
M1131-16E,Selective,Maintenance Services for DCS (Phase 2),"Huawei International Co. Limited26/F, Tower 6, The GatewayNo. 9 Canton RoadTsim Sha Tsui, KowloonHong Kong",1 Job,"HK$1,148,502.33",24 Jun 2020,MTR_Tender_Jun20_table1.csv,2020,Jun20,https://www.mtr.com.hk/en/corporate/tenders/Jun20.html
Q072036,Selective,"Provision of Transformer Insulation Oil Sample Collection, Testing and Analysis Service","Kum Shing Engineering Company LimitedUG/F, Unit 8, Hong Kong Newport Centre Phase II116 Ma Tau Kok RoadKowloonHong Kong",1 Job,"HK$8,745,000",3 Jun 2020,MTR_Tender_Jun20_table1.csv,2020,Jun20,https://www.mtr.com.hk/en/corporate/tenders/Jun20.html
Q072917,Selective,Supply of Uniform for Maintenance Staff for 3 Years,"Antonhill Co LtdFlat B, 2/F, Block 2Kwai Tak Industrial Centre15-33 Kwai Tak StreetKwai Chung, New TerritoriesHong Kong",1 Job,"HK$26,914,100.5",15 Jun 2020,MTR_Tender_Jun20_table1.csv,2020,Jun20,https://www.mtr.com.hk/en/corporate/tenders/Jun20.html
Q074014,Selective,Provision of Automatic Air-Conditioning Filters Cleaning Machines,"Kan-Pacific Technology (Hong Kong) LimitedFlat 12, 9/FYue Fung Industrial Building35-45 Chai Wan Kok StreetTsuen Wan, New TerritoriesHong Kong",3 Units,"HK$3,300,000",9 Jun 2020,MTR_Tender_Jun20_table1.csv,2020,Jun20,https://www.mtr.com.hk/en/corporate/tenders/Jun20.html
Q074777,Selective,Combined Managed Security Services (MSS) for IT and OT,"Singapore Telecom Hong Kong Limited21/F, 1063 King's RoadQuarry BayHong Kong",1 Job,"HK$31,890,473",11 Jun 2020,MTR_Tender_Jun20_table1.csv,2020,Jun20,https://www.mtr.com.hk/en/corporate/tenders/Jun20.html
Q077956,Selective,Provision and Implementation of HR Services Delivery Platform (Package 2),"ServiceNow Nederland B.V.Hoekenrode 3, 1102BRAmsterdamNetherlands",1 Job,"HK$4,840,204.65",29 Jun 2020,MTR_Tender_Jun20_table1.csv,2020,Jun20,https://www.mtr.com.hk/en/corporate/tenders/Jun20.html
C5673.B-19C,Selective,Station Improvement Works at Kwun Tong Station,"Shimizu CorporationRoom 1313-1315Metroplaza Tower 1223 Hing Fong RoadKwai Fong, New TerritoriesHong Kong",Not Applicable,"HK$46,879,939",14 Dec 2020,MTR_Tender_Dec20_table1.csv,2020,Dec20,https://www.mtr.com.hk/en/corporate/tenders/Dec20.html
M1218-20E,Selective,Maintenance Services for Main Control Systems and SCADA,Thales Transport & Security (Hong Kong) LimitedUnits 1106-07New Kowloon Plaza38 Tai Kok Tsui RoadKowloonHong Kong,Not Applicable,"HK$108,000,000",17 Dec 2020,MTR_Tender_Dec20_table1.csv,2020,Dec20,https://www.mtr.com.hk/en/corporate/tenders/Dec20.html
M1220-20E,Selective,Maintenance Services for Packaged Air Conditioners,"EEB-ALCC Joint VentureUnit D5-D6A, 15/F, TML Tower3 Hoi Shing RoadTsuen Wan, New TerritoriesHong Kong",1 Job,"HK$60,323,343",16 Dec 2020,MTR_Tender_Dec20_table1.csv,2020,Dec20,https://www.mtr.com.hk/en/corporate/tenders/Dec20.html
Q072045,Selective,Supply of  Overhead Line Scaffolding Track Trolley for MTR,"Design, Prototype, Manufacture and Supply LimitedPO Box 4945Sheffield S11 0FQUnited Kingdom",72 Units,"HK$7,986,600",1 Dec 2020,MTR_Tender_Dec20_table1.csv,2020,Dec20,https://www.mtr.com.hk/en/corporate/tenders/Dec20.html
Q073607,Open,Supply of Contactless Smart Cards in 2021 and 2022,"Shenzhen Silone Cardtech Co.,Ltd.Office 1003, A FloorNo 527 Middle Huaihai RoadHuangpu District, ShanghaiChina",Not Applicable,"HK$10,920,000* Provisional Contract Sum based on Quantity Allocation",17 Dec 2020,MTR_Tender_Dec20_table1.csv,2020,Dec20,https://www.mtr.com.hk/en/corporate/tenders/Dec20.html
Q075489,Selective,Supply and Installation of CCTV System for MTR Managed Properties and Malls,"ATAL Building Services Engineering Limited13/F, Island Place Tower510 King's RoadNorth PointHong Kong",1 Job,"HK$52,775,690",4 Dec 2020,MTR_Tender_Dec20_table1.csv,2020,Dec20,https://www.mtr.com.hk/en/corporate/tenders/Dec20.html
Q076641 (Package A),Selective,Term Contracts for General Building Repair and Shop Repartitioning Works for Investment Properties (Package A),"Kar Cheung Engineering CoUnit 7, 17/F Kowloon Plaza485 Castle Peak RoadLai Chi Kok, KowloonHong Kong",3 Years,Not Disclosed,17 Dec 2020,MTR_Tender_Dec20_table1.csv,2020,Dec20,https://www.mtr.com.hk/en/corporate/tenders/Dec20.html
Q076663,Selective,Provision of Safety and Hygiene Audit and Inspection Services for MTR Malls,"Industrial Technology Consultants LimitedRoom 1105, 11/FKnutsford Commercial Building4 Knutsford TerraceTsim Sha Tsui, KowloonHong Kong",3 Years,Not Disclosed,30 Dec 2020,MTR_Tender_Dec20_table1.csv,2020,Dec20,https://www.mtr.com.hk/en/corporate/tenders/Dec20.html
Q076738,Selective,Maintenance Services for MVAC System at Investment Properties,"The Jardine Engineering Corporation, Limited5/F Tower AManulife Financial Centre223-231 Wai Yip StreetKwun Tong, KowloonHong Kong",3 Years,"HK$20,182,000",24 Dec 2020,MTR_Tender_Dec20_table1.csv,2020,Dec20,https://www.mtr.com.hk/en/corporate/tenders/Dec20.html
Q077262,Selective,Provision of Social Media Agency Services for Branding & Communications Campaigns,"CMRS Digital Solutions Ltd.Unit B, 18/F, MG Tower133 Hoi Bun RoadKwun Tong, KowloonHong Kong",2 Years,Not Disclosed,24 Dec 2020,MTR_Tender_Dec20_table1.csv,2020,Dec20,https://www.mtr.com.hk/en/corporate/tenders/Dec20.html
Q078340,Selective,"Supply of Diesel Medium Goods Vehicles (Schedule 1, 2A & 2B)","Triangle Motors Limited12/F, Union Park Centre771-775 Nathan RoadKowloonHong Kong",3 Units,"HK$2,403,492",1 Dec 2020,MTR_Tender_Dec20_table1.csv,2020,Dec20,https://www.mtr.com.hk/en/corporate/tenders/Dec20.html
Q078814,Limited*,Blanket Purchase Agreement for Pandrol Trackwork Fastening Proprietary Products,"Pandrol Australia Pty Ltd7 Bessemer StreetBlacktownNSW, 2148Australia","36 Items / 2,332 Pieces","GBP2,384,344.35(estimated ceiling sum)",10 Dec 2020,MTR_Tender_Dec20_table1.csv,2020,Dec20,https://www.mtr.com.hk/en/corporate/tenders/Dec20.html
T0964-20C,Selective,Provision of Term Workers for Station Based Maintenance,"Hop Yuen Construction Company2/F, Hop Yuen Centre171 Queen's Road CentralHong Kong",Not Applicable,Not Disclosed,16 Dec 2020,MTR_Tender_Dec20_table1.csv,2020,Dec20,https://www.mtr.com.hk/en/corporate/tenders/Dec20.html
Q070451,Selective,Provision of Armoured Transportation Service and Ticket Processing Centre Service for MTR Operations,"Vpower Finance Security (Hong Kong) Ltd.Unit 703, 7/FGoodman Global Gateway168 Yeung Uk RoadTsuen Wan, New TerritoriesHong Kong",2 Years,"HK$46,577,437.68",9 Nov 2020,MTR_Tender_Nov20_table1.csv,2020,Nov20,https://www.mtr.com.hk/en/corporate/tenders/Nov20.html
Q076641 (Package B),Selective,Term Contracts for General Building Repair and Shop Repartitioning Works for Investment Properties (Package B),"Jetline Construction Company Limited1/F, Kiu Yin Commercial Building361-363 Lockhart RoadWanchaiHong Kong",1 Job,Not Disclosed,21 Nov 2020,MTR_Tender_Nov20_table1.csv,2020,Nov20,https://www.mtr.com.hk/en/corporate/tenders/Nov20.html
Q077211,Selective,Provision of Promoter Services for MTR Malls,"Certis Centurion Facility Company LimitedUnit 2008-2011, 20/FCDW Building388 Castle Peak RoadTsuen Wan, New TerritoriesHong Kong",3 Years,"HK$21,788,100",2 Nov 2020,MTR_Tender_Nov20_table1.csv,2020,Nov20,https://www.mtr.com.hk/en/corporate/tenders/Nov20.html
Q080703,Limited*,Blanket Purchase Agreement for Railtech Trackwork Welding Proprietary Products,Railtech Australia LimitedPO Box 6211Acacia Ridge DCQLD 4110Australia,"36 Items / 2,332 Pieces","AUD$1,000,000",30 Nov 2020,MTR_Tender_Nov20_table1.csv,2020,Nov20,https://www.mtr.com.hk/en/corporate/tenders/Nov20.html
T5948-20E,Selective,Term Contract for Replacement of Packaged Air Conditioners,"ATAL Building Services Engineering LimitedUnit 102, 1/FShui Hing Centre13 Sheung Yuet RoadKowloon Bay, KowloonHong Kong",Not Applicable,"HK$180,000,000 in respect of accumulated values of all Work Orders",6 Nov 2020,MTR_Tender_Nov20_table1.csv,2020,Nov20,https://www.mtr.com.hk/en/corporate/tenders/Nov20.html
8238,Open,Enhanced Security Access Control at West Kowloon Station,"Siemens Mobility LimitedUnits 905-907, 9/F, Tower BManulife Financial Centre223-231 Wai Yip StreetKwun Tong, KowloonHong Kong",Not Applicable,"HK$26,368,463",14 Sep 2020,MTR_Tender_Sep20_table1.csv,2020,Sep20,https://www.mtr.com.hk/en/corporate/tenders/Sep20.html
A253-20E,Selective,Consultancy Services for the Replacement of Chillers,"Meinhardt (M&E) Limited10/F, Genesis33-35 Wong Chuk Hang RoadHong Kong",Not Applicable,"HK$4,105,000",22 Sep 2020,MTR_Tender_Sep20_table1.csv,2020,Sep20,https://www.mtr.com.hk/en/corporate/tenders/Sep20.html
C5699-19E (Package A & C),Selective,"Replacement Work of UPS, Batteries and Chargers for URL, AEL, TCL, EAL, MOL and WRL (Package A & C)","Schneider Electric IT Hong Kong Limited11/F, Kerry Centre683 King's RoadQuarry BayHong Kong",Not Applicable,"HK$26,636,400",28 Sep 2020,MTR_Tender_Sep20_table1.csv,2020,Sep20,https://www.mtr.com.hk/en/corporate/tenders/Sep20.html
C5699-19E (Package B),Selective,"Replacement Work of UPS, Batteries and Chargers for URL, AEL, TCL, EAL, MOL and WRL (Package B)","Astrid Electronics HK LimitedFlat/Room C-DLucky Factory Building63-65 Hung To RoadKwun Tong, KowloonHong Kong",Not Applicable,"HK$2,750,000",28 Sep 2020,MTR_Tender_Sep20_table1.csv,2020,Sep20,https://www.mtr.com.hk/en/corporate/tenders/Sep20.html
M1190-19E,Selective,Maintenance Support Services for Telephone Systems,"Hong Kong Telecommunications (HKT) Limited27/F, PCCW Tower, Taikoo Place979 King’s RoadQuarry BayHong Kong",Not Applicable,"HK$7,000,000",29 Sep 2020,MTR_Tender_Sep20_table1.csv,2020,Sep20,https://www.mtr.com.hk/en/corporate/tenders/Sep20.html
M1210.A-20E,Selective,Maintenance Services for Wastewater Treatment Plants,"Kingsford Environmental Engineering LimitedSuite 3810, 38/F, Cable TV Tower9 Hoi Shing RoadTsuen Wan, New TerritoriesHong Kong",Not Applicable,"HK$18,508,800",4 Sep 2020,MTR_Tender_Sep20_table1.csv,2020,Sep20,https://www.mtr.com.hk/en/corporate/tenders/Sep20.html
M1210.B-20E,Selective,Maintenance Services for Plumbing and Drainage Systems,"Chun Tat Trading (Air-Conditioning) Engineering Co., Ltd.Flat G, 12/F, Summit Building30 Man Yue StreetHung Hom, KowloonHong Kong",Not Applicable,"HK$10,715,600",4 Sep 2020,MTR_Tender_Sep20_table1.csv,2020,Sep20,https://www.mtr.com.hk/en/corporate/tenders/Sep20.html
Q065362,Selective,Replacement of PLC for 33kV Auto-changeover and Interlocking System,"Siemens Mobility LimitedUnits 905-907, 9/F, Tower B,Manulife Financial Centre,223-231 Wai Yip StreetKwun Tong, KowloonHong Kong",1 Job,"HK$3,999,888",25 Sep 2020,MTR_Tender_Sep20_table1.csv,2020,Sep20,https://www.mtr.com.hk/en/corporate/tenders/Sep20.html
Q068433,Selective,Supply of Forged Monobloc Wheels for MTR Passenger Trains (Package 1),"Construcciones Y Auxiliar De Ferrocarriles, S. A.J. M. Iturrioz 2620200 Beasain, GipuzkoaSpain",1 Job,"HK$92,960,157.92",30 Sep 2020,MTR_Tender_Sep20_table1.csv,2020,Sep20,https://www.mtr.com.hk/en/corporate/tenders/Sep20.html
Q074897,Selective,Provision of Office Supplies Through e-Procurement Solution,"bigboXX.com Limited1/F, No. 7-13 Kwai Tak StreetKwai Chung, New TerritoriesHong Kong",3 Years,"HK$85,000,000",11 Sep 2020,MTR_Tender_Sep20_table1.csv,2020,Sep20,https://www.mtr.com.hk/en/corporate/tenders/Sep20.html
Q075240,Selective,"Supply of Fuel Oil (Packaged 200L Diesel, 18L Petrol & Kerosene)","Tak Cheong Loong Petroleum Chemicals LimitedUnit H-1, 3/FOn Ho Industrial Building17-19 Shing Wan RoadShatin, New TerritoriesHong Kong",3 Years,"HK$4,645,300",17 Sep 2020,MTR_Tender_Sep20_table1.csv,2020,Sep20,https://www.mtr.com.hk/en/corporate/tenders/Sep20.html
Q075751,Selective,Provision of Comprehensive Maintenance Services for Lifts and Escalators at Elements,"ThyssenKrupp Elevator (HK) Ltd31/F, Enterprise Square ThreeNo. 39 Wang Chiu RoadKowloon Bay, KowloonHong Kong",1 Job,Not Disclosed,2 Sep 2020,MTR_Tender_Sep20_table1.csv,2020,Sep20,https://www.mtr.com.hk/en/corporate/tenders/Sep20.html
11279,Selective,Additional Works of AMO Cabinet System at SUW,"Palgo Company LimitedFlat 1, 3/F,Yee Kuk Industrial Centre555 Yee Kuk StreetCheung Sha Wan, KowloonHong Kong",Not Applicable,"HK$646,640",31 Aug 2020,MTR_Tender_Aug20_table1.csv,2020,Aug20,https://www.mtr.com.hk/en/corporate/tenders/Aug20.html
Q073877,Selective,"Provision of Periodic Inspection, Testing and Certification for Low Voltage Fixed Installations at MTR Stations and Ancillary Buildings","Best Engineering Services LimitedUnit E, 10/FOn Wah Industrial BuildingNo. 41-43 Au Pui Wan StreetFotan, Shatin, New TerritoriesHong Kong",5 Years,"HK$13,858,000",24 Aug 2020,MTR_Tender_Aug20_table1.csv,2020,Aug20,https://www.mtr.com.hk/en/corporate/tenders/Aug20.html
Q076765,Selective,Provision of Laundry and Dry Cleaning Services for Property Division,"Quality Laundry Limited11/F, International Industrial BuildingNo. 175 Hoi Bun RoadKwun Tong, KowloonHong Kong",3 Years,Not Disclosed,28 Aug 2020,MTR_Tender_Aug20_table1.csv,2020,Aug20,https://www.mtr.com.hk/en/corporate/tenders/Aug20.html
T0960-20C,Selective,Term Contract for Provision of Scaffolding,"Shui On Building Contrators Limited34/F, Shui On Centre6-8 Harbour RoadWanchaiHong Kong",Not Applicable,Not Disclosed,26 Aug 2020,MTR_Tender_Aug20_table1.csv,2020,Aug20,https://www.mtr.com.hk/en/corporate/tenders/Aug20.html
M1198-19E,Selective,Maintenance Services for Fire Services and Automatic Fire Alarm Systems,"Link-Foong Engineering Services LimitedFlat 11, 2/FNew Port Centre, Phase II116 Ma Tau Kok RoadTokwawan, KowloonHong Kong",Not Applicable,"HK$36,215,544",28 Apr 2020,MTR_Tender_Apr20_table1.csv,2020,Apr20,https://www.mtr.com.hk/en/corporate/tenders/Apr20.html
M1202-19E,Selective,Maintenance Services for Central ECS Plants,"REC Engineering Company LimitedUnits A-D, 15/FGoodman Kwai Chung Logistics Centre585-609 Castle Peak RoadKwai Chung, New TerritoriesHong Kong",Not Applicable,"HK$78,333,000",28 Apr 2020,MTR_Tender_Apr20_table1.csv,2020,Apr20,https://www.mtr.com.hk/en/corporate/tenders/Apr20.html
Q070868,Selective,Supply of 5.5 Ton Lorries,"Crown Motor LtdG/F, Goodluck Industrial Centre808 Lai Chi Kok RoadKowloonHong Kong",2 Units,"HK$869,868",27 Apr 2020,MTR_Tender_Apr20_table1.csv,2020,Apr20,https://www.mtr.com.hk/en/corporate/tenders/Apr20.html
Q073852,Selective,Provision of Contractor Safety Audit Service for Operations Division,"SGS Hong Kong LtdUnit 303 & 305, 3/FBuilding 22E Phase 3Hong Kong Science ParkPak Shek Kok, New TerritoriesHong Kong",2 Years,"HK$3,936,000",01 Apr 2020,MTR_Tender_Apr20_table1.csv,2020,Apr20,https://www.mtr.com.hk/en/corporate/tenders/Apr20.html
Q075281,Selective,Term Contract for IT Professionals,"Global Talent Services LimitedSuite G, 20/F, Seabright Plaza9-23 Shell StreetNorth PointHong Kong",1 Job,"HK$7,057,777.77",17 Apr 2020,MTR_Tender_Apr20_table1.csv,2020,Apr20,https://www.mtr.com.hk/en/corporate/tenders/Apr20.html
T0959-20C,Selective,Term Contract for Architectural and Building Works,"Shui On Building Contractors Limited34/F, Shui On Centre6-8 Harbour RoadWanchaiHong Kong",Not Applicable,Not Applicable,07 Apr 2020,MTR_Tender_Apr20_table1.csv,2020,Apr20,https://www.mtr.com.hk/en/corporate/tenders/Apr20.html
C2318-19E,Selective,"Replacement of High Voltage and Low Voltage Systems for KTL, TWL and ISL","EEB-GTECH Joint VentureRoom 2403-08, 24/FCC Wu Building302-308 Hennessy RoadWanchaiHong Kong",Not Applicable,"HK$3,032,260,000",16 Mar 2020,MTR_Tender_Mar20_table1.csv,2020,Mar20,https://www.mtr.com.hk/en/corporate/tenders/Mar20.html
Q068026,Selective,Provision of Credit Card Payment Solution in Operation Railway,Bank of China (Hong Kong) LimitedBank of China Tower1 Garden RoadCentralHong Kong,5 Years,Not Disclosed,30 Mar 2020,MTR_Tender_Mar20_table1.csv,2020,Mar20,https://www.mtr.com.hk/en/corporate/tenders/Mar20.html
Q069467,Selective,Train Roof CCTV System for Pantograph and Overhead Line Condition Monitoring,"NEC Hong Kong Limited25/F, The Metropolis Tower10 Metropolis DriveHunghom, KowloonHong Kong",1 Job,"HK$8,954,038",11 Mar 2020,MTR_Tender_Mar20_table1.csv,2020,Mar20,https://www.mtr.com.hk/en/corporate/tenders/Mar20.html
Q070158,Selective,Provision of Additional Multi-Purpose Spaces for TCL Trains,"KML Engineering LimitedB12, G/F, Shatin Industrial CentreSiu Lek Yuen RoadShatin, New TerritoriesHong Kong",Not Applicable,"HK$2,400,000",02 Mar 2020,MTR_Tender_Mar20_table1.csv,2020,Mar20,https://www.mtr.com.hk/en/corporate/tenders/Mar20.html
Q074241,Selective,"Supply, Installation and Delivery of Steel Furniture","Novo Workstyle HK Ltd3/F, Cheung Lee Industrial Building9 Cheung Lee StreetChai WanHong Kong",1 Job,"HK$5,078,955",17 Mar 2020,MTR_Tender_Mar20_table1.csv,2020,Mar20,https://www.mtr.com.hk/en/corporate/tenders/Mar20.html
T0958-19C,Selective,Term Contract for Civil Engineering Works,"Shun Yuen Construction Co LtdOffice 1, 6/FRykadan Capital Tower135 Hoi Bun RoadKwun Tong, KowloonHong Kong",Not Applicable,Not Applicable,16 Mar 2020,MTR_Tender_Mar20_table1.csv,2020,Mar20,https://www.mtr.com.hk/en/corporate/tenders/Mar20.html
Q066537,Limited*,C2129 & C8087 - Provision of SACEM Trackside and Train-borne Equipment Spares in AEL & TCL,"ALSTOM Hong Kong LimitedUnit 1011, 10/F, New Kowloon Plaza38 Tai Kok Tsui RoadTai Kok Tsui, KowloonHong Kong",18 Items,"HK$11,508,059.74",28 Feb 2020,MTR_Tender_Feb20_table1.csv,2020,Feb20,https://www.mtr.com.hk/en/corporate/tenders/Feb20.html
Q068431,Selective,Supply of an Aerial Work Platform-mounted Wagon,"Tekway Engineering & Consulting Company LimitedUnit 701, 7/F, Tower 2, Silvercord30 Canton RoadTsimshatsui, KowloonHong Kong",1 Unit,"HK$6,797,069.40",24 Feb 2020,MTR_Tender_Feb20_table1.csv,2020,Feb20,https://www.mtr.com.hk/en/corporate/tenders/Feb20.html
Q069922,Selective,Provision of Building Design Support & Building Information Modeling Services,"ZST Corporation Ltd.909 QingAn Aviation Building4th Road Bagua, Futian DistrictShenzhen, Guangdong Province518029, China",2 Years,"HK$8,289,168",28 Feb 2020,MTR_Tender_Feb20_table1.csv,2020,Feb20,https://www.mtr.com.hk/en/corporate/tenders/Feb20.html
Q070595,Selective,Maintenance Services for MVAC System at Elements,"Raft (E&M) Engineering LimitedUnit 2101, 21/F, Chai Wan Industrial City, Phase 270 Wing Tai Road, Chai WanHong Kong",3 Years,"HK$9,500,400",26 Feb 2020,MTR_Tender_Feb20_table1.csv,2020,Feb20,https://www.mtr.com.hk/en/corporate/tenders/Feb20.html
Q070616,Selective,Provision of Recruitment Advertising Services,"Wilson Advertising Agency7/F, O.T.B. Building259-265 Des Voeux Road CentralHong Kong",3 Years,"HK$9,900,000",07 Feb 2020,MTR_Tender_Feb20_table1.csv,2020,Feb20,https://www.mtr.com.hk/en/corporate/tenders/Feb20.html
Q072293,Selective,Provision of Global Freight Forwarding Services,"TNT Express Worldwide (HK) Ltd27/F, Nanyang Plaza57 Hung To RoadKwun Tong, KowloonHong Kong",1 Job,"HK$2,552,604.88",27 Feb 2020,MTR_Tender_Feb20_table1.csv,2020,Feb20,https://www.mtr.com.hk/en/corporate/tenders/Feb20.html
Q072372,Selective,Provision of Asset Valuation for Properties,"Colliers International (Hong Kong) LimitedSuite 5701, Central Plaza18 Harbour RoadWanchaiHong Kong",1 Job,"HK$1,074,000",28 Feb 2020,MTR_Tender_Feb20_table1.csv,2020,Feb20,https://www.mtr.com.hk/en/corporate/tenders/Feb20.html
K1403-19E,Selective,"Escalator Refurbishment at EAL, TCL, KTL and ISL","Otis Elevator Company (H.K.) Limited12/F, Goldin Financial Global Centre17 Kai Cheung RoadKowloon Bay, KowloonHong Kong",Not Applicable,"HK$331,889,864.8",09 Jan 2020,MTR_Tender_Jan20_table1.csv,2020,Jan20,https://www.mtr.com.hk/en/corporate/tenders/Jan20.html
C3187-20E,Selective,Provision of IoT and Telemetry Infrastructure for Tunnel and Station Smart Maintenance,"Shun Hing Systems Integration Company Limited16/F, Shun Hing Centre2 Shing Yiu StreetKwai Chung, New TerritoriesHong Kong",1 Job,"HK$22,618,000",4 Mar 2021,MTR_Tender_Mar21_table1.csv,2021,Mar21,https://www.mtr.com.hk/en/corporate/tenders/Mar21.html
C3188-20E,Selective,Wi-Fi Network for Smart Depot Maintenance,"Shun Hing Systems Integration Company Limited16/F, Shun Hing Centre2 Shing Yiu StreetKwai Chung, New TerritoriesHong Kong",1 Job,"HK$10,591,000",19 Mar 2021,MTR_Tender_Mar21_table1.csv,2021,Mar21,https://www.mtr.com.hk/en/corporate/tenders/Mar21.html
K2776-20E,Selective,Replacement Work of Smoke Curtains at ERL and WRL Stations,"KML Engineering LimitedB12, G/FShatin Industrial CentreSiu Lek Yuen RoadShatin, New TerritoriesHong Kong",Not Applicable,"HK$61,771,075",8 Mar 2021,MTR_Tender_Mar21_table1.csv,2021,Mar21,https://www.mtr.com.hk/en/corporate/tenders/Mar21.html
M1203-19E,Selective,Maintenance Services for Mimic Display Panel System in Tsing Yi OCC,"Media-Go Engineering Limited25/F, Westin Centre26 Hung To RoadKwun Tong, KowloonHong Kong",Not Applicable,"HK$4,148,000",2 Mar 2021,MTR_Tender_Mar21_table1.csv,2021,Mar21,https://www.mtr.com.hk/en/corporate/tenders/Mar21.html
M1212-20E,Selective,Maintenance Services for Station Communication Systems in TML,"Siemens Mobility LimitedUnit 905-907, Tower BManulife Financial Centre223-231 Wai Yip StreetKwun Tong, KowloonHong Kong",Not Applicable,"HK$16,562,368.93",24 Mar 2021,MTR_Tender_Mar21_table1.csv,2021,Mar21,https://www.mtr.com.hk/en/corporate/tenders/Mar21.html
M1214-20E,Selective,Maintenance Services of Coverage Networks for MTR/HKP/FSD Radio Systems,"BAI Communications LimitedUnit 2101-5, 21/F6 Shing Yip StreetKwun Tong, KowloonHong Kong",Not Applicable,"HK$5,980,000",30 Mar 2021,MTR_Tender_Mar21_table1.csv,2021,Mar21,https://www.mtr.com.hk/en/corporate/tenders/Mar21.html
Q078038,Selective,Supply of Staff Uniform for Managed and Investment Properties,"Baron Kay's Tailor1/F, 43 Mody RoadTsim Sha Tsui, KowloonHong Kong",1 Year,Not Disclosed,29 Mar 2021,MTR_Tender_Mar21_table1.csv,2021,Mar21,https://www.mtr.com.hk/en/corporate/tenders/Mar21.html
Q078720,Selective,Provision of Maintenance Services for In-Train TV System,Roctec Technology LimitedRoom 1502-1504Kodak House II321 Java RoadNorth PointHong Kong,1 Job,"HK$5,838,380",30 Mar 2021,MTR_Tender_Mar21_table1.csv,2021,Mar21,https://www.mtr.com.hk/en/corporate/tenders/Mar21.html
Q079950,Selective,Provision and Implementation of Roster Management Solution,"Automated Systems (H.K.) Limited15/F, Topsail Plaza11 On Sum StreetShatin, New TerritoriesHong Kong",1 Year,Not Disclosed,11 Mar 2021,MTR_Tender_Mar21_table1.csv,2021,Mar21,https://www.mtr.com.hk/en/corporate/tenders/Mar21.html
Q080480,Selective,Provision of Online Payment Services for MTR Mobile and Related Websites,"BOC Credit Card (International) Limited20/F, BOC Credit Card Centre68 Connaught Road WestSheung WanHong Kong",5 Years,Not Disclosed,11 Mar 2021,MTR_Tender_Mar21_table1.csv,2021,Mar21,https://www.mtr.com.hk/en/corporate/tenders/Mar21.html
Q081580,Limited*,Provision of SACEM Boards and CDP/SDP Boards to Support the Existing M-train Train-borne and Trackside KT&I Signalling System to 2028,"ALSTOM Hong Kong LimitedUnit 1011, 10/FNew Kowloon Plaza38 Tai Kok Tsui RoadTai Kok Tsui, KowloonHong Kong",50 Items,"EUR16,689,867",9 Mar 2021,MTR_Tender_Mar21_table1.csv,2021,Mar21,https://www.mtr.com.hk/en/corporate/tenders/Mar21.html
M1114-15E,Open,Maintenance Services for Operations Information Dissemination System for MTR,"Afina Data Systems LimitedUnit 2307, 23/FBillion Trade Centre31 Hung To RoadKwun Tong, KowloonHong Kong",Not Applicable,"HK$2,848,120",6 Dec 2021,MTR_Tender_Dec21_table1.csv,2021,Dec21,https://www.mtr.com.hk/en/corporate/tenders/Dec21.html
M1230-21E,Open,"Maintenance Services for DCS in KTL, TWL, ISL, TKL, AEL, TCL and DRL and MTCS in EAL and TML","BAI Communications LimitedUnit 2101-5, 21/F6 Shing Yip StreetKwun Tong, KowloonHong Kong",Not Applicable,"HK$13,880,000",3 Dec 2021,MTR_Tender_Dec21_table1.csv,2021,Dec21,https://www.mtr.com.hk/en/corporate/tenders/Dec21.html
Q082581,Selective,Consultancy Services for Toilet Renovation Works at Elements,"A. Lead Architects Limited8/F, The Pheonix23 Luard RoadWanchaiHong Kong",1 Job,Not Disclosed,20 Dec 2021,MTR_Tender_Dec21_table1.csv,2021,Dec21,https://www.mtr.com.hk/en/corporate/tenders/Dec21.html
11280,Selective,E&M Modification Works at EAL,"CLPe Solutions Limited36/F, Asia Trade Centre79 Lei Muk RoadKwai Chung, New TerritoriesHong Kong",1 Job,"HK$22,888,000",12 Nov 2021,MTR_Tender_Nov21_table1.csv,2021,Nov21,https://www.mtr.com.hk/en/corporate/tenders/Nov21.html
C7712-21E,Selective,Replacement of Air-Cooled Chillers at MTR Headquarters Building and Fo Tan Railway House,"The Jardine Engineering Corporation, Limited5/F, Tower AManulife Financial Centre223-231 Wai Yip StreetKwun Tong, KowloonHong Kong",Not Applicable,"HK$51,760,000",8 Nov 2021,MTR_Tender_Nov21_table1.csv,2021,Nov21,https://www.mtr.com.hk/en/corporate/tenders/Nov21.html
Q083673,Selective,"Provision of Design, Editorial and Artwork Production Services for MTR Annual & Interim Reports","Yellow Creative (HK) LtdUnit 2, 5/FVertical Square28 Heung Yip RoadWong Chuk HangHong Kong",3 Years,Not Disclosed,04 Nov 2021,MTR_Tender_Nov21_table1.csv,2021,Nov21,https://www.mtr.com.hk/en/corporate/tenders/Nov21.html
T0965-21E,Selective,Provision of Temporary Site Supervisors for MTR Work Sites,"Goldfield N & W Construction Company Limited2/F & 3/FAir Goal Cargo Building330 Kwun Tong RoadKwun Tong, KowloonHong Kong",Not Applicable,"HK$13,943,900",19 Nov 2021,MTR_Tender_Nov21_table1.csv,2021,Nov21,https://www.mtr.com.hk/en/corporate/tenders/Nov21.html
C8829-21E,Limited*,"Replacement of CVCM Track Circuits in ISL, KTL and TWL (Phase 1)","Alstom Hong Kong LimitedUnit 1011-12, 10/FNew Kowloon Plaza38 Tai Kok Tsui RoadTai Kok Tsui, KowloonHong Kong",1 Job,"HK$277,739,306",12 Aug 2021,MTR_Tender_Aug21_table1.csv,2021,Aug21,https://www.mtr.com.hk/en/corporate/tenders/Aug21.html
K3308-20E,Selective,Procurement of 4 Double-decker Buses,"Alexander Dennis (Asia Pacific) LimitedUnit A-B, 9/FYHC Tower1 Sheung Yuet RoadKowloon Bay, KowloonHong Kong",3 Units,"HK$10,968,770",3 Aug 2021,MTR_Tender_Aug21_table1.csv,2021,Aug21,https://www.mtr.com.hk/en/corporate/tenders/Aug21.html
M1219.01-20E,Selective,Maintenance Services for Station Communication Systems in ISL/KTL/TWL/TKL/AEL/TCL/DRL/SIL/WRL(Package 1),"Roctec Technology LimitedRoom 1502-4, 15/FKodak House II321 Java RoadNorth PointHong Kong",1 Job,"HK$13,962,650.96",31 Aug 2021,MTR_Tender_Aug21_table1.csv,2021,Aug21,https://www.mtr.com.hk/en/corporate/tenders/Aug21.html
M1219.02-20E,Selective,Maintenance Services for Station Communication Systems in ISL/KTL/TWL/TKL/AEL/TCL/DRL/SIL/WRL(Package 2),"Siemens Mobility LimitedUnit 905-907, 9/F, Tower BManulife Financial Centre223-231 Wai Yip StreetKwun Tong, KowloonHong Kong",1 Job,"HK$12,302,630",31 Aug 2021,MTR_Tender_Aug21_table1.csv,2021,Aug21,https://www.mtr.com.hk/en/corporate/tenders/Aug21.html
M1219.03-20E,Selective,Maintenance Services for Station Communication Systems in ISL/KTL/TWL/TKL/AEL/TCL/DRL/SIL/WRL(Package 3),"Roctec Technology LimitedRoom 1502-4, 15/FKodak House II321 Java RoadNorth PointHong Kong",1 Job,"HK$9,348,032",31 Aug 2021,MTR_Tender_Aug21_table1.csv,2021,Aug21,https://www.mtr.com.hk/en/corporate/tenders/Aug21.html
M1219.05-20E,Selective,Maintenance Services for Station Communication Systems in ISL/KTL/TWL/TKL/AEL/TCL/DRL/SIL/WRL(Package 5),"Luen Fat Engineering CompanyFlat 15, Block B, 10/F.Proficient Industrial Centre6 Wang Kwun RoadKowloon Bay, KowloonHong Kong",1 Job,"HK$32,354,230",31 Aug 2021,MTR_Tender_Aug21_table1.csv,2021,Aug21,https://www.mtr.com.hk/en/corporate/tenders/Aug21.html
M1226-20E,Selective,Maintenance Services for AFC System,"Revenue Collection Systems Hong Kong LimitedUnit 1112, 11/FNew Kowloon Plaza38 Tai Kok Tsui RoadTai Kok Tsui, KowloonHong Kong",1 Job,"HK$64,723,620.13",18 Aug 2021,MTR_Tender_Aug21_table1.csv,2021,Aug21,https://www.mtr.com.hk/en/corporate/tenders/Aug21.html
Q076641 (Package C),Selective,Term Contracts for General Building Repair and Shop Repartitioning Works for Investment Properties (Package C),"Tai Kong Construction (International) Company LtdRoom 706Shun Fat Industrial Building17 Wang Hoi RoadKowloon Bay, KowloonHong Kong",3 Years,Not Disclosed,26 Aug 2021,MTR_Tender_Aug21_table1.csv,2021,Aug21,https://www.mtr.com.hk/en/corporate/tenders/Aug21.html
Q079997,Selective,Provision of Agency Services for Corporate Travel,"Connexus Travel LimitedUnit 501, 5/F, Tower BManulife Financial Centre223 Wai Yip StreetKwun Tong, KowloonHong Kong",2 Years,Not Disclosed,4 Aug 2021,MTR_Tender_Aug21_table1.csv,2021,Aug21,https://www.mtr.com.hk/en/corporate/tenders/Aug21.html
Q080377,Selective,Supply of Hydraulic Platform Wagon for DUAT Lines,"CRM (Hong Kong) Trading LimitedRoom 601-602, 6/FNew East Ocean CentreNo. 9 Science Museum RoadTsim Sha Tsui, KowloonHong Kong",1 Unit,"HK$10,000,000",13 Aug 2021,MTR_Tender_Aug21_table1.csv,2021,Aug21,https://www.mtr.com.hk/en/corporate/tenders/Aug21.html
Q081190,Selective,Supply of Two Units of Rail Handling Crane Vehicles,"Tekway Engineering & Consulting Company LimitedUnit 701, 7/F, Tower 2Silvercord30 Canton RoadTsim Sha Tsui, KowloonHong Kong",2 Units,"HK$27,617,212.4",2 Aug 2021,MTR_Tender_Aug21_table1.csv,2021,Aug21,https://www.mtr.com.hk/en/corporate/tenders/Aug21.html
Q082072,Selective,Provision of Security Guarding Services for Designated MTR Malls (Popcorn),"General Security LimitedFlat 1, 7/FKai Fuk Industrial Centre1 Wang Tung StreetKowloon Bay, KowloonHong Kong",3  Years,Not Disclosed,4 Aug 2021,MTR_Tender_Aug21_table1.csv,2021,Aug21,https://www.mtr.com.hk/en/corporate/tenders/Aug21.html
Q082750,Selective,Provision of Waste Recycling Management Service for MTRCL Managed Properties,"Hop Shing Environmental Recycling LimitedDD 119432-482 & 2157 Kung Um Road Yuen Long, New TerritoriesHong Kong",3 Years,Not Disclosed,30 Aug 2021,MTR_Tender_Aug21_table1.csv,2021,Aug21,https://www.mtr.com.hk/en/corporate/tenders/Aug21.html
Q085008,Limited**,Supply of CVCM Antenna for Signalling System,"Alstom Hong Kong LimitedUnit 1011, 10/FNew Kowloon Plaza38 Tai Kok Tsui RoadTai Kok Tsui, KowloonHong Kong",400 Nos.,"HK$9,999,600",3 Aug 2021,MTR_Tender_Aug21_table1.csv,2021,Aug21,https://www.mtr.com.hk/en/corporate/tenders/Aug21.html
C5796-20E,Selective,"Installation of UTM at EAL, MOL, KTE, WIL, and SIL","Roctec Technology LimitedRoom 1502-4, 15/FKodak House II321 Java RoadNorth PointHong Kong",1 Job,"HK$7,836,000",21 Jun 2021,MTR_Tender_Jun21_table1.csv,2021,Jun21,https://www.mtr.com.hk/en/corporate/tenders/Jun21.html
Q080058,Selective,Provision of Comprehensive Maintenance Services for Lifts and Escalators at World-Wide House,"TK Elevator Hong Kong Limited31/F, Enterprise Square ThreeNo. 39 Wang Chiu RoadKowloon Bay, KowloonHong Kong",1 Job,Not Disclosed,18 Jun 2021,MTR_Tender_Jun21_table1.csv,2021,Jun21,https://www.mtr.com.hk/en/corporate/tenders/Jun21.html
Q082388,Selective,Supply of Leather Uniform Shoes for Managed and Investment Properties,"Ho & Fung International LimitedRoom 607, Yen Sheng Centre64 Hoi Yuen RoadKwun Tong, KowloonHong Kong",5 Years,Not Disclosed,2 Jun 2021,MTR_Tender_Jun21_table1.csv,2021,Jun21,https://www.mtr.com.hk/en/corporate/tenders/Jun21.html
Q082541,Selective,Provision of EMU Components Washing Facilities Rental Service at MTR Depots,"Global Kleen HK Ltd.8 Kai Fong YuenPing Che, FanlingNew TerritoriesHong Kong",1 Year,"HK$2,953,179",25 Jun 2021,MTR_Tender_Jun21_table1.csv,2021,Jun21,https://www.mtr.com.hk/en/corporate/tenders/Jun21.html
C8736-20E (Packages A & B),Selective,Replacement of Station Lighting with LED Technology (Packages A & B),"KML Engineering LimitedB12, G/FShatin Industrial CentreSiu Lek Yuen RoadShatin, New TerritoriesHong Kong",Not Applicable,"HK$87,111,748.8",28 Sep 2021,MTR_Tender_Sep21_table1.csv,2021,Sep21,https://www.mtr.com.hk/en/corporate/tenders/Sep21.html
M1160-17E,Selective,Maintenance Services for Public Address Systems at TKL and MOL,"Siemens Limited10/F, Tower BManulife Financial Centre223-231 Wai Yip StreetKwun Tong, KowloonHong Kong",Not Applicable,"HK$2,700,009",14 Sep 2021,MTR_Tender_Sep21_table1.csv,2021,Sep21,https://www.mtr.com.hk/en/corporate/tenders/Sep21.html
M1233-21E,Selective,Maintenance Services for Station Communication Systems in WIL and KTE,"CLPe Solutions Limited36/F, Asia Trade Centre79 Lei Muk RoadKwai Chung, New TerritoriesHong Kong",Not Applicable,"HK$8,020,800",28 Sep 2021,MTR_Tender_Sep21_table1.csv,2021,Sep21,https://www.mtr.com.hk/en/corporate/tenders/Sep21.html
Q083079,Selective,Provision of Non-Destructive Testing (NDT) and Weld Improvement Service for M-train Carbody and Bogie,"Kum Shing Engineering Company LimitedUG/F, Unit 8Newport Centre Phase II116 Ma Tau Kok RoadTokwawan, KowloonHong Kong",1 Job,"HK$2,435,496",8 Sep 2021,MTR_Tender_Sep21_table1.csv,2021,Sep21,https://www.mtr.com.hk/en/corporate/tenders/Sep21.html
Q083941,Selective,Provision of Preparation Works for Certificate of Roadworthiness (COR) Examination of MTR Buses,"Wah Kee Auto Body Works Company LimitedFlat/Room 803, 8/FKin Wing Industrial Building33 Kin Wing StreetTuen Mun, New TerritoriesHong Kong",1 Job,"HK$6,800,000",15 Sep 2021,MTR_Tender_Sep21_table1.csv,2021,Sep21,https://www.mtr.com.hk/en/corporate/tenders/Sep21.html
Q085488,Limited*,Supply of EMV and URPX Readers for Automatic Fare Collection Gates and Ticket Issuing Machines,"Octopus Cards Limited46/F, Manhattan Place23 Wang Tai RoadKowloon Bay, KowloonHong Kong",3 Items,"HK$9,796,200",6 Sep 2021,MTR_Tender_Sep21_table1.csv,2021,Sep21,https://www.mtr.com.hk/en/corporate/tenders/Sep21.html
C3871-20E,Limited*,Provision of Trainborne Signalling System for Q-train,"ALSTOM Hong Kong LimitedUnit 1011-12, 10/FNew Kowloon Plaza38 Tai Kok Tsui RoadTai Kok Tsui, KowloonHong Kong",Not Applicable,"HK$126,098,872.04",5 Jan 2021,MTR_Tender_Jan21_table1.csv,2021,Jan21,https://www.mtr.com.hk/en/corporate/tenders/Jan21.html
Q078039,Selective,Supply of Staff Uniform for Managed and Investment Properties,"Angie International LimitedFlat E2, 12/F, Phase 2Hang Fung Industrial BuildingNo. 2G Hok Yuen StreetKowloonHong Kong",1 Year,Not Disclosed,29 Jan 2021,MTR_Tender_Jan21_table1.csv,2021,Jan21,https://www.mtr.com.hk/en/corporate/tenders/Jan21.html
1632,Selective,Ground Investigation for Northern Link (South),"Tysan Foundation Limited20/F, One Island South2 Heung Yip RoadWong Chuk HangHong Kong",Not Applicable,"HK$74,434,000",05 Oct 2021,MTR_Tender_Oct21_table1.csv,2021,Oct21,https://www.mtr.com.hk/en/corporate/tenders/Oct21.html
1732,Selective,Cable Bridges and Associated Civil Works for Cable Diversion,"Paul Y. - CRCCI Joint Venture11/F, Paul Y. Centre,51 Hung To Road,Kwun Tong, KowloonHong Kong",1 Job,"HK$81,800,000",05 Oct 2021,MTR_Tender_Oct21_table1.csv,2021,Oct21,https://www.mtr.com.hk/en/corporate/tenders/Oct21.html
1741,Selective,Cable Diversion and Transformer Procurement for Enabling Siu Ho Wan Depot Property Development,"CLPe Solutions Limited36/F, Asia Trade Centre79 Lei Muk RoadKwai Chung, New TerritoriesHong Kong",1 Job,"HK$83,647,970",05 Oct 2021,MTR_Tender_Oct21_table1.csv,2021,Oct21,https://www.mtr.com.hk/en/corporate/tenders/Oct21.html
K3312-20C,Selective,Light Rail Rail Replacement Works,"China Railway First Group Co., Ltd. and Hing Fu Engineering Company Limited Joint VentureRoom 1108, Lippo Sun Plaza28 Canton RoadTsim Sha Tsui, KowloonHong Kong",Not Applicable,"HK$99,000,000",06 Oct 2021,MTR_Tender_Oct21_table1.csv,2021,Oct21,https://www.mtr.com.hk/en/corporate/tenders/Oct21.html
Q083701,Selective,Supply of Diesel Vans,"Universal Automobile Company Limited33 Kam Pok Road, Tai Sang Wai, Tai YuenYuen Long, New TerritoriesHong Kong",24 Units,"HK$7,266,061",08 Oct 2021,MTR_Tender_Oct21_table1.csv,2021,Oct21,https://www.mtr.com.hk/en/corporate/tenders/Oct21.html
Q083702,Selective,Supply of 5.5 Ton Diesel Lorries,"Universal Cars Limited33 Kam Pok Road, Tai Sang Wai, Tai YuenYuen Long, New TerritoriesHong Kong",10 Units,"HK$5,265,577.5",11 Oct 2021,MTR_Tender_Oct21_table1.csv,2021,Oct21,https://www.mtr.com.hk/en/corporate/tenders/Oct21.html
Q084822,Selective,Supply of 999.9 Gold Medallion for Long Service Awards,"Chow Sang Sang Corporate Gift LtdUnit A4, 8/F, Block AHong Kong Industrial Centre489-491 Castle Peak RoadKowloonHong Kong",3 Years,"HK$51,241,766.45",06 Oct 2021,MTR_Tender_Oct21_table1.csv,2021,Oct21,https://www.mtr.com.hk/en/corporate/tenders/Oct21.html
Q084999,Limited*,C8903 - Supply of Digital Alpha Machine Emulation Software,Stromasys SAAv. Louis-Casai 841216 Cointrin-GenevaSwitzerland,1 Item,"HK$7,285,300",11 Oct 2021,MTR_Tender_Oct21_table1.csv,2021,Oct21,https://www.mtr.com.hk/en/corporate/tenders/Oct21.html
1630,Selective,Ground Investigation for Kwu Tung Station for Northern Link,"Fugro Geotechnical Services LimitedUnits 6, 8-11, 10/FWorldwide Industrial Centre43-47 Shan Mei StreetFo Tan, Shatin, New Territories, Hong Kong",Not Applicable,"HK$24,113,888",14 Apr 2021,MTR_Tender_Apr21_table1.csv,2021,Apr21,https://www.mtr.com.hk/en/corporate/tenders/Apr21.html
C5616-20E,Selective,"Refurbishment and Replacement of AHU and PAU in TWL, KTL, ISL, AEL, TCL, DRL, TKL and ERL","KML Engineering LimitedB12, G/FShatin Industrial CentreSiu Lek Yuen RoadShatin, New TerritoriesHong Kong",Not Applicable,"HK$24,538,315",1 Apr 2021,MTR_Tender_Apr21_table1.csv,2021,Apr21,https://www.mtr.com.hk/en/corporate/tenders/Apr21.html
Q066397,Selective,Plant and Equipment for HTD Workshop - ACU Test Panel,"Associated Engineers, Limited23/F., Stelux House698 Prince Edward Road EastSan Po Kong, KowloonHong Kong",1 Unit,"HK$495,000",30 Apr 2021,MTR_Tender_Apr21_table1.csv,2021,Apr21,https://www.mtr.com.hk/en/corporate/tenders/Apr21.html
Q074946,Selective,Provision of Dynamic Route Map for TCL Trains,"ITOCHU Hong Kong Limited28/F, United Centre95 QueenswayHong Kong",1 Job,"HK$8,990,600",19 Apr 2021,MTR_Tender_Apr21_table1.csv,2021,Apr21,https://www.mtr.com.hk/en/corporate/tenders/Apr21.html
Q078161,Selective,Provision of Wireless Data Transmission and Monitoring Platform for East Rail Line Passenger Trains,Roctec Technology LimitedRoom 1502-1504Kodak House II321 Java RoadNorth PointHong Kong,1 Job,"HK$1,368,000",7 Apr 2021,MTR_Tender_Apr21_table1.csv,2021,Apr21,https://www.mtr.com.hk/en/corporate/tenders/Apr21.html
Q079657,Selective,Provision of Comprehensive Cleaning Services for Designated MTR Malls,"E & K Cleaning Services LimitedUnit 3505, 35/FKing Palace PlazaNo. 52A Sha Tsui RoadTsuen Wan, New TerritoriesHong Kong",3 Years,Not Disclosed,26 Apr 2021,MTR_Tender_Apr21_table1.csv,2021,Apr21,https://www.mtr.com.hk/en/corporate/tenders/Apr21.html
Q081455,Limited*,K3049 - New Light Rail Ticketing Enhancement of Octopus App and Systems - LRT Tap-In/Tap-Out via Octopus App,"Octopus Cards Limited46/F, Manhattan Place23 Wang Tai RoadKowloon Bay, KowloonHong Kong",1 Job,"HK$8,090,000",9 Apr 2021,MTR_Tender_Apr21_table1.csv,2021,Apr21,https://www.mtr.com.hk/en/corporate/tenders/Apr21.html
T0963-20C,Selective,Provision of Term Workers for Infrastructure Maintenance Works,"Hop Yuen Construction Company2/F, Hop Yuen Centre171 Queen's Road CentralHong Kong",Not Applicable,Not Disclosed,14 Apr 2021,MTR_Tender_Apr21_table1.csv,2021,Apr21,https://www.mtr.com.hk/en/corporate/tenders/Apr21.html
11260,Selective,Extension of Heavy Repair Workshop at HTD,"UBC-EEB-Vaford Joint Venture10/F, Sui Ying Industrial Building1 Yuk Yat StreetTo Kwa Wan, KowloonHong Kong",Not Applicable,"HK$56,430,380",7 May 2021,MTR_Tender_May21_table1.csv,2021,May21,https://www.mtr.com.hk/en/corporate/tenders/May21.html
1631,Selective,Ground Investigation for Northern Link (North),"Lam Geotechnics Limited19/F, Remex Centre42 Wong Chuk Hang RoadHong Kong",Not Applicable,"HK$74,974,000",4 May 2021,MTR_Tender_May21_table1.csv,2021,May21,https://www.mtr.com.hk/en/corporate/tenders/May21.html
C3435-20E,Selective,"Replacement of TETRA Radio Amplifier System in ISL, TWL, KTL, TKL and A&T Lines","BAI Communications LimitedUnit Nos. 2101-5, 21/F6 Shing Yip StreetKwun Tong, KowloonHong Kong",Not Applicable,"HK$11,820,000",31 May 2021,MTR_Tender_May21_table1.csv,2021,May21,https://www.mtr.com.hk/en/corporate/tenders/May21.html
Q078566,Selective,Provision of Station Assistant Service for Various Projects,"1) International Wing Shing Security Management Limited1/F, Hang Seng Castle Peak Road Building339 Castle Peak RoadCheung Sha Wan, KowloonHong Kong2) Synergis Management Services Limited8/F, KT336334-336 Kwun Tong RoadKwun Tong, KowloonHong Kong",2 Years,"HK$42,456,373.5* Provisional Contract Sum",7 May 2021,MTR_Tender_May21_table1.csv,2021,May21,https://www.mtr.com.hk/en/corporate/tenders/May21.html
Q079657,Selective,Provision of Comprehensive Cleaning Services for Designated MTR Malls,"Pollution & Protection Services LimitedUnit A, 12/F, Tower ACapital TowerNo. 38 Wai Yip StreetKowloon Bay, KowloonHong Kong",3 Years,Not Disclosed,4 May 2021,MTR_Tender_May21_table1.csv,2021,May21,https://www.mtr.com.hk/en/corporate/tenders/May21.html
Q082960,Selective,"Sale of Used Rails, Wheels and the Associated Miscellaneous Items","Advance Prosperity Engineering LimitedFlat 1501, Millennium City 5418 Kwun Tong RoadKwun Tong, KowloonHong Kong",1 Year,Not Disclosed,6 May 2021,MTR_Tender_May21_table1.csv,2021,May21,https://www.mtr.com.hk/en/corporate/tenders/May21.html
Q082888,Selective,Supply of Cleaning Robots to Various MTR Stations,"Innovation Team Company LimitedUnit F, 6/FWing Wah Industrial Building137-143 Yeung Uk RoadTsuen Wan, New TerritoriesHong Kong",1 Job,"HK$16,195,800",26 Jul 2021,MTR_Tender_Jul21_table1.csv,2021,Jul21,https://www.mtr.com.hk/en/corporate/tenders/Jul21.html
Q084363,Selective,Provision of Maintenance Services for Catering Equipment,"Radnor LimitedUnit 2A, 1/FWah Shing Centre11-13 Shing Yip StreetKwun Tong, KowloonHong Kong",3 Years,"HK$5,160,699",6 Jul 2021,MTR_Tender_Jul21_table1.csv,2021,Jul21,https://www.mtr.com.hk/en/corporate/tenders/Jul21.html
K2297.B-20C,Selective,Replacement of Platform Awnings at EAL Stations (Stage 1),"Kum Shing (K.F.) Construction Company LimitedG/F, 28 Tsun Fat StreetTo Kwa Wan, KowloonHong Kong",Not Applicable,"HK$22,286,422",4 Feb 2021,MTR_Tender_Feb21_table1.csv,2021,Feb21,https://www.mtr.com.hk/en/corporate/tenders/Feb21.html
K3025-20C,Selective,Integrated Entrance and Enhancement of Vertical Link between Platforms 2 & 3 in TAW,"Goldfield N & W Construction Company Limited2/F, Air Goal Cargo Building330 Kwun Tong RoadKwun Tong, KowloonHong Kong",Not Applicable,"HK$125,152,820",3 Feb 2021,MTR_Tender_Feb21_table1.csv,2021,Feb21,https://www.mtr.com.hk/en/corporate/tenders/Feb21.html
Q075525,Selective,Supply of Two Units of Aerial Work Platform-mounted Wagons,"Tekway Engineering & Consulting Company LimitedUnit 701, 7/F, Tower 2Silvercord30 Canton RoadTsim Sha Tsui, KowloonHong Kong",2 Units,"HK$15,880,633.6",26 Feb 2021,MTR_Tender_Feb21_table1.csv,2021,Feb21,https://www.mtr.com.hk/en/corporate/tenders/Feb21.html
Q077512,Selective,Construction of Activity Green and Associated Works at LOHAS Park,"Excel Engineering Company Limited155 Waterloo RoadKowloon Tong, KowloonHong Kong",Not Applicable,"HK$128,862,325",8 Feb 2021,MTR_Tender_Feb21_table1.csv,2021,Feb21,https://www.mtr.com.hk/en/corporate/tenders/Feb21.html
Q080256,Selective,"Supply, Installation and Delivery of Office Workstation (Package A)","Chung Wah Steel Furniture Factory Co., LtdOffice A, 7/FChinaweal Centre414-424 Jaffe RoadWan ChaiHong Kong",2 Years,"HK$1,215,047",26 Feb 2021,MTR_Tender_Feb21_table1.csv,2021,Feb21,https://www.mtr.com.hk/en/corporate/tenders/Feb21.html
Q081477,Selective,"Term Contract for Supply, Installation and Maintenance of Signage Materials - Package A","All-Way Engineering & Production Company LimitedFlat E, 12/FKingsford Industrial Building Phase 226-32 Kwai Hei StreetKwai Chung, New TerritoriesHong Kong",2 Years,Not Disclosed,1 Mar 2022,MTR_Tender_Mar22_table1.csv,2022,Mar22,https://www.mtr.com.hk/en/corporate/tenders/Mar22.html
Q082577,Selective,Supply of Power Transformer for Power Supply System in MTR,"ABB Power Grids Hong Kong LimitedUnits 917-918, 9/FDelta House3 On Yiu StreetShek Mun, New TerritoriesHong Kong",1 Job,"HK$3,180,000",24 Mar 2022,MTR_Tender_Mar22_table1.csv,2022,Mar22,https://www.mtr.com.hk/en/corporate/tenders/Mar22.html
Q085859,Selective,Provision of Sales and Operation Services for MTR e-Store,"bigboXX.com LimitedNo. 7-13, Kwai Tak StreetKwai Chung, New TerritoriesHong Kong",1 Job,Not Disclosed,16 Mar 2022,MTR_Tender_Mar22_table1.csv,2022,Mar22,https://www.mtr.com.hk/en/corporate/tenders/Mar22.html
Q085870,Open,K0766 - Replacement of Derailment Detectors in Selected Stations of Tuen Ma Line,"USC Power LimitedB4, 6/FFortune Industrial Building,40 Lee Chung Street,Chai WanHong Kong",1 Job,"HK$4,868,250",18 Mar 2022,MTR_Tender_Mar22_table1.csv,2022,Mar22,https://www.mtr.com.hk/en/corporate/tenders/Mar22.html
Q086628,Selective,Supply of Staff Uniform for MTRCL Managed and Investment Properties,"Angie International LimitedRoom 03, 11/FHilder Centre2 Sung Ping StreetHung Hom, KowloonHong Kong",3 Years,Not Disclosed,4 Mar 2022,MTR_Tender_Mar22_table1.csv,2022,Mar22,https://www.mtr.com.hk/en/corporate/tenders/Mar22.html
Q086862,Selective,Supply of Electric Vehicles (Private Car),"Tesla Motors HK LimitedFlat 01-08, 11/F, KITEC1 Trademart DriveKowloon Bay, KowloonHong Kong",1 Year,Not Disclosed,21 Mar 2022,MTR_Tender_Mar22_table1.csv,2022,Mar22,https://www.mtr.com.hk/en/corporate/tenders/Mar22.html
1286,Limited*,Further Advance Works for Contract 1252 Signalling Works for A&T and Lantau Projects,"Alstom Hong Kong LimitedUnit 1011-12, 10/FNew Kowloon Plaza38 Tai Kok Tsui RoadKowloonHong Kong",Not Applicable,"EUR€ 29,251,518 and HK$14,634,278.60",20 Oct 2022,MTR_Tender_Oct22_table1.csv,2022,Oct22,https://www.mtr.com.hk/en/corporate/tenders/Oct22.html
Q086105,Selective,Provision of Call Centre Services for MTR Mobile,"HKT Teleservices International Limited13/F, 9 Po Lun StreetLai Chi Kok, KowloonHong Kong",3 Years,Not Disclosed,3 Oct 2022,MTR_Tender_Oct22_table1.csv,2022,Oct22,https://www.mtr.com.hk/en/corporate/tenders/Oct22.html
Q088956,Selective,Replacement of Overhead Line Inspection Vehicles 1069 & 1070 in AT&D,"CRM (Hong Kong) Trading LimitedRoom 601-02, 6/FNew East Ocean Centre9 Science Museum RoadTsim Sha Tsui, KowloonHong Kong",1 Job,"HK$16,000,000",21 Oct 2022,MTR_Tender_Oct22_table1.csv,2022,Oct22,https://www.mtr.com.hk/en/corporate/tenders/Oct22.html
Q090937,Open,Intelligent Site Supervision (iSuper 2.0) for New Railway Extension,"IsBIM Limited19/F, Nathan Commercial Building430 Nathan RoadYau Ma Tei, KowloonHong Kong",1 Job,Not Disclosed,12 Oct 2022,MTR_Tender_Oct22_table1.csv,2022,Oct22,https://www.mtr.com.hk/en/corporate/tenders/Oct22.html
T0969-22C,Selective,Term Contract for Concrete Structural Enhancement Works,"KFC-CRCC Joint VentureUnit 8, UG/FPhase II New Port Centre116 Ma Tau Kok RoadTo Kwa Wan, KowloonHong Kong",Not Applicable,Not Applicable,10 Oct 2022,MTR_Tender_Oct22_table1.csv,2022,Oct22,https://www.mtr.com.hk/en/corporate/tenders/Oct22.html
KH275-22E,Limited*,Low Frequency Code Transmission at Both Ends for Platform Track,"Beijing HollySys Co., Ltd.No. 2 Disheng Middle RoadBeijing Economic and Technological Development AreaP.R. China",1 Job,"HK$15,764,364.61",18 Aug 2022,MTR_Tender_Aug22_table1.csv,2022,Aug22,https://www.mtr.com.hk/en/corporate/tenders/Aug22.html
M1240-21E,Selective,Maintenance Services for Building Services at SCL-NSL,"REC Engineering Company LimitedUnit A-D, 15/FGoodman Kwai Chung Logistics Centre585-609 Castle Peak RoadKwai Chung, New TerritoriesHong Kong",Not Applicable,"HK$75,335,845",12 Aug 2022,MTR_Tender_Aug22_table1.csv,2022,Aug22,https://www.mtr.com.hk/en/corporate/tenders/Aug22.html
Q087421,Selective,Advertising Sales Agency Services for MTR Malls and Commercial Premises,"Asiaray Outdoor Media Limited16/F, Kornhill Plaza – Office Tower1 Kornhill RoadQuarry BayHong Kong",1 Job,"HK$185,500,000",12 Aug 2022,MTR_Tender_Aug22_table1.csv,2022,Aug22,https://www.mtr.com.hk/en/corporate/tenders/Aug22.html
Q088688,Selective,Fit Out Works for the Retail Centre of THE SOUTHSIDE,"Yearfull Contracting Limited17/F, SUP Tower75-83 King’s RoadNorth PointHong Kong",Not Applicable,"HK$516,798,040",26 Aug 2022,MTR_Tender_Aug22_table1.csv,2022,Aug22,https://www.mtr.com.hk/en/corporate/tenders/Aug22.html
Q089633,Selective,Provision of Advertising Agency Services for Branding and Marketing Communications,"Cheil Hong Kong Limited2/F, 299QRC299 Queen's Road CentralSheung WanHong Kong",2 Years,Not Disclosed,24 Aug 2022,MTR_Tender_Aug22_table1.csv,2022,Aug22,https://www.mtr.com.hk/en/corporate/tenders/Aug22.html
T0970-22C,Selective,Provision of Term Workers for Railway Interface Works in Lantau Extension Projects,"Hop Yuen Construction Company2/F, Hop Yuen Centre171 Queen's Road CentralHong Kong",Not Applicable,Not Disclosed,17 Aug 2022,MTR_Tender_Aug22_table1.csv,2022,Aug22,https://www.mtr.com.hk/en/corporate/tenders/Aug22.html
Q081578,Selective,Disposal / Sales of Phase 2 LRVs,"Yuen Hing Godown Co. Ltd.Flat C, 3/FChuen Fung House188-192 Johnston RoadWan ChaiHong Kong",1 Job,"HK$3,338,000",21 Jan 2022,MTR_Tender_Jan22_table1.csv,2022,Jan22,https://www.mtr.com.hk/en/corporate/tenders/Jan22.html
Q081848,Selective,Fit Out Works of Tai Wai Property Development Retail Centre,Pat Davie Joint VentureRoom 1205-06New Kowloon Plaza38 Tai Kok Tsui RoadKowloonHong Kong,1 Job,"HK$516,268,916",17 Jan 2022,MTR_Tender_Jan22_table1.csv,2022,Jan22,https://www.mtr.com.hk/en/corporate/tenders/Jan22.html
Q081852,Selective,Nominated Sub-Contract for Supply and Installation of Mechanical Ventilation & Air-Conditioning Systems for Tai Wai Property Development Retail Centre,"ATAL Engineering Limited13/F, Island Place Tower510 King’s RoadNorth PointHong Kong",1 Job,"HK$49,600,000",17 Jan 2022,MTR_Tender_Jan22_table1.csv,2022,Jan22,https://www.mtr.com.hk/en/corporate/tenders/Jan22.html
Q081853,Selective,Nominated Sub-Contract for Supply and Installation of Electrical & ELV Systems of Tai Wai Property Development Retail Centre,"ATAL Engineering Limited13/F, Island Place Tower510 King’s RoadNorth PointHong Kong",1 Job,"HK$176,500,000",17 Jan 2022,MTR_Tender_Jan22_table1.csv,2022,Jan22,https://www.mtr.com.hk/en/corporate/tenders/Jan22.html
Q082209,Selective,Modernization of Lifts and Escalators at World-Wide House,Mitsubishi Elevator Hong Kong Company Limited36/FLee & Man Commecial Building169 Electric RoadNorth PointHong Kong,1 Job,Not Disclosed,14 Jan 2022,MTR_Tender_Jan22_table1.csv,2022,Jan22,https://www.mtr.com.hk/en/corporate/tenders/Jan22.html
Q085103,Selective,Provision of Supply and Installation of Printing Devices,"Kyocera Document Solutions Hong Kong LimitedRoom 124 & 6, 16/FMita Centre552-566 Castle Peak RoadTsuen Wan, New TerritoriesHong Kong",3 Years,"HK$37,500",19 Jan 2022,MTR_Tender_Jan22_table1.csv,2022,Jan22,https://www.mtr.com.hk/en/corporate/tenders/Jan22.html
Q087028,Selective,Distribution of Free Recruitment Magazine in MTR Stations,Job Market Publishing Limited2/FSing Tao News Corporation Building7 Chun Cheong StreetTseung Kwan O Industrial Estate New TerritoriesHong Kong,1 Job,Not Disclosed,17 Jan 2022,MTR_Tender_Jan22_table1.csv,2022,Jan22,https://www.mtr.com.hk/en/corporate/tenders/Jan22.html
Q088462,Limited*,C8859.A – System Enhancement of Smart Tunnel and Train Crew Information Dissemination System of Heavy Rail Lines,Roctec Technology LimitedRoom 1502-1504Kodak House II321 Java RoadNorth PointHong Kong,1 Job,"HK$7,245,400",7 Jan 2022,MTR_Tender_Jan22_table1.csv,2022,Jan22,https://www.mtr.com.hk/en/corporate/tenders/Jan22.html
11288,Limited*,Platform Edge Floor Tile Replacement Works at East Rail Line,"Penta-Ocean Construction Co., LtdUnit 601, K. Wah Centre191 Java RoadNorth PointHong Kong",1 Job,"HK$145,000,000",10 Jun 2022,MTR_Tender_Jun22_table1.csv,2022,Jun22,https://www.mtr.com.hk/en/corporate/tenders/Jun22.html
Q085090,Selective,Provision of Engineering Service for Door Gear Refurbishment of URL K-train,"Singapore CRRC Sifang Railway Vehicles Service Pte. Ltd.Room 305, 3/F, Lippo Sun PlazaNo. 28 Canton RoadTsim Sha Tsui, KowloonHong Kong",1 Job,"HK$14,336,067.76",14 Jun 2022,MTR_Tender_Jun22_table1.csv,2022,Jun22,https://www.mtr.com.hk/en/corporate/tenders/Jun22.html
Q087422,Selective,Provision of MTR Station Shop Management Services,"City Professional Management Limited10/F, No. 9 Po Lun StreetLai Chi Kok, KowloonHong Kong",3 Years,Not Disclosed,30 Jun 2022,MTR_Tender_Jun22_table1.csv,2022,Jun22,https://www.mtr.com.hk/en/corporate/tenders/Jun22.html
Q087624,Selective,Train Performance and Health Monitoring System,"CRRC Changchun Railway Vehicles Co., Ltd.No. 435 Qingyin RoadChangchun CityJilin ProvincePostal Code 130062China",1 Job,"HK$2,640,000",13 Jun 2022,MTR_Tender_Jun22_table1.csv,2022,Jun22,https://www.mtr.com.hk/en/corporate/tenders/Jun22.html
Q089399,Selective,Supply and Installation of Autonomous Mobile Robot (AMR) System at Kowloon Bay Depot Logistics and Distribution Centre,"Geek Plus International Company LimitedFlat/Room 01-09, Block 2, 13/FKowloon Commerce Centre51 Kwai Cheong RoadKwai Chung, New TerritoriesHong Kong",1 Job,"HK$3,698,000",9 Jun 2022,MTR_Tender_Jun22_table1.csv,2022,Jun22,https://www.mtr.com.hk/en/corporate/tenders/Jun22.html
Q090660,Selective,Provision of Social Media Services for The Wai,"360 Creative Production LimitedUnit 507, 5/FSilvercord Tower 230 Canton RoadTsimshatsui, KowloonHong Kong",2 Years,Not Disclosed,2 Nov 2022,MTR_Tender_Nov22_table1.csv,2022,Nov22,https://www.mtr.com.hk/en/corporate/tenders/Nov22.html
Q091827,Selective,Supply of Diesel Vans,"Universal Automobile Company Ltd.33 Kam Pok RoadTai Sang Wai, Tai YuenYuen Long, New TerritoriesHong Kong",21 Units,Not Disclosed,10 Nov 2022,MTR_Tender_Nov22_table1.csv,2022,Nov22,https://www.mtr.com.hk/en/corporate/tenders/Nov22.html
Q092408,Open,Public Liability (Commercial General Liability) Insurance for Managed Properties (2023-2024),"Assicurazioni Generali S.p.A21/F, 1111 King’s RoadTai Koo ShingHong Kong",1 Job,Not Disclosed,21 Nov 2022,MTR_Tender_Nov22_table1.csv,2022,Nov22,https://www.mtr.com.hk/en/corporate/tenders/Nov22.html
1282,Limited*,Supply of Tamping Machine for Tung Chung Line Extension,"Plasser & Theurer Export von Bahnbaumaschinen Gesellschaft m.b.H.Johannesgasse 3,1010 Vienna,Austria",1 No.,"HK$42,408,153.64",18 Jul 2022,MTR_Tender_Jul22_table1.csv,2022,Jul22,https://www.mtr.com.hk/en/corporate/tenders/Jul22.html
C7457.A-21E,Selective,"New Digital Advertising Products in DUAT, EAL and TML","Itochu Hong Kong Ltd.28/F, United Centre95 QueenswayHong Kong",Not Applicable,"HK$89,117,779",14 Jul 2022,MTR_Tender_Jul22_table1.csv,2022,Jul22,https://www.mtr.com.hk/en/corporate/tenders/Jul22.html
Q086146,Open,Provision of SACEM Real-time Alarm Monitoring Systems for URL M-trains and TCL and AEL CAF/K-trains,"GNS Technology LimitedUnit 955, 9/F, 19WHong Kong Science ParkShatin, New TerritoriesHong Kong",1 Job,"HK$4,859,800",26 Jul 2022,MTR_Tender_Jul22_table1.csv,2022,Jul22,https://www.mtr.com.hk/en/corporate/tenders/Jul22.html
Q086765,Selective,Provision of Tea & Pantry Services for Office Buildings and Maintenance Depots,"Konica Minolta Business Solutions (HK) LtdRoom 208, 2/FEastern Centre1065 King's RoadQuarry BayHong Kong",3 Years,Not Disclosed,6 Jul 2022,MTR_Tender_Jul22_table1.csv,2022,Jul22,https://www.mtr.com.hk/en/corporate/tenders/Jul22.html
Q088676,Selective,Provision of Media Agency Services for Branding and Marketing Communications,"Mindshare Hong Kong Limited16/F, K11 Atelier, King's Road728 King's RoadQuarry BayHong Kong",3 Years,Not Disclosed,25 Jul 2022,MTR_Tender_Jul22_table1.csv,2022,Jul22,https://www.mtr.com.hk/en/corporate/tenders/Jul22.html
T0968-22C,Selective,Provision of Term Workers for Railway Extensions Interface Works in SCL Project,"Hop Yuen Construction Company2/F, Hop Yuen Centre171 Queen's Road CentralHong Kong",Not Applicable,Not Disclosed,11 Jul 2022,MTR_Tender_Jul22_table1.csv,2022,Jul22,https://www.mtr.com.hk/en/corporate/tenders/Jul22.html
C5934-21E,Selective,Chiller Replacement at MTR Stations,"ATAL Building Services Engineering Limited13/F, Island Place Tower510 King's RoadNorth PointHong Kong",Not Applicable,"HK$216,316,920",14 Apr 2022,MTR_Tender_Apr22_table1.csv,2022,Apr22,https://www.mtr.com.hk/en/corporate/tenders/Apr22.html
C8291-20E(Q075855),Selective,Design and Construction of Integrated Wheelset Maintenance Centre at HMT Sidings,"China Railway Construction (HK) LimitedUnit A, 10/F, MG Tower,133 Hoi Bun RoadKwun Tong, KowloonHong Kong",1 Job,"HK$160,318,000",28 Apr 2022,MTR_Tender_Apr22_table1.csv,2022,Apr22,https://www.mtr.com.hk/en/corporate/tenders/Apr22.html
K3308.A-21E,Selective,Procurement of One Electric Double-decker Bus,"Alexander Dennis (Asia Pacific) LimitedUnit A-B, 9/FYHC Tower1 Sheung Yuet RoadKowloon Bay, KowloonHong Kong",1 No.,"HK$5,755,000",27 Apr 2022,MTR_Tender_Apr22_table1.csv,2022,Apr22,https://www.mtr.com.hk/en/corporate/tenders/Apr22.html
Q084597,Selective,"Provision of Strategic Promotional Services for Development, Sales and Distribution of MTR Premiums and Merchandise","Licensing Matters Global LimitedFlat H, 11/FHop Hing Industrial Building702 Castle Peak RoadLai Chi Kok, KowloonHong Kong",1 Job,Not Disclosed,13 Apr 2022,MTR_Tender_Apr22_table1.csv,2022,Apr22,https://www.mtr.com.hk/en/corporate/tenders/Apr22.html
Q086627,Selective,Supply of Staff Uniform for MTRCL Managed and Investment Properties,"Baron Kay's Tailor1/F, 43 Mody RoadTsim Sha Tsui, KowloonHong Kong",3 Years,Not Disclosed,22 Apr 2022,MTR_Tender_Apr22_table1.csv,2022,Apr22,https://www.mtr.com.hk/en/corporate/tenders/Apr22.html
Q086630,Selective,Provision of Engineering Service for Integrated Top Plate Installation of CAF Trains,"Tekway Engineering & Consulting Company LimitedUnit 701, 7/F, Tower 2Silvercord30 Canton RoadTsim Sha Tsui, KowloonHong Kong",1 Job,"HK$16,203,000",6 Apr 2022,MTR_Tender_Apr22_table1.csv,2022,Apr22,https://www.mtr.com.hk/en/corporate/tenders/Apr22.html
Q087112,Selective,Provision of Term Marketing Personnel for MTR Malls Loyalty and Promotion Campaigns,"Teledirect Hong Kong LimitedRoom 1001, 10/F, Block ASea View Estate2-8 Watson RoadNorth PointHong Kong",3 Years,Not Disclosed,10 Apr 2022,MTR_Tender_Apr22_table1.csv,2022,Apr22,https://www.mtr.com.hk/en/corporate/tenders/Apr22.html
1733,Selective,"Vehicular Access Bridge, Demolition of Paint Shop and Construction of EV Stabling Tracks","Build King Civil Engineering LimitedUnits 601-605A, 6/F, Tower BManulife Financial Centre223 Wai Yip StreetKwun Tong, KowloonHong Kong",1 Job,"HK$199,438,000",8 Feb 2022,MTR_Tender_Feb22_table1.csv,2022,Feb22,https://www.mtr.com.hk/en/corporate/tenders/Feb22.html
Q086090,Selective,"Provision of Comprehensive Cleaning Services for Designated Investment Properties - Package A, B and C","E & K Cleaning Services LimitedRoom 3505, 35/FKing Palace PlazaNo. 52A Sha Tsui RoadTsuen Wan, New TerritoriesHong Kong",27 Months,Not Disclosed,24 Feb 2022,MTR_Tender_Feb22_table1.csv,2022,Feb22,https://www.mtr.com.hk/en/corporate/tenders/Feb22.html
11234,Open,Re-provisioning of Ma Chai Hang Recreation Ground Works at East Rail Line,"Build King Civil Engineering LimitedUnits 601-605A, 6/F, Tower BManulife Financial Centre223 Wai Yip StreetKwun Tong, KowloonHong Kong",1 Job,"HK$537,600,000",6 Sep 2022,MTR_Tender_Sep22_table1.csv,2022,Sep22,https://www.mtr.com.hk/en/corporate/tenders/Sep22.html
C3851-22E,Selective,Provision of Trackside Access Door Detection System in Heavy Rail Lines,"Roctec Technology LimitedRoom 1502-4, 15/FKodak House II321 Java RoadNorth PointHong Kong",Not Applicable,"HK$9,196,200",28 Sep 2022,MTR_Tender_Sep22_table1.csv,2022,Sep22,https://www.mtr.com.hk/en/corporate/tenders/Sep22.html
Q088079,Selective,Toilet Renovation Works at ELEMENTS (Package A),"Pat Davie LimitedRoom 1205-06, 12/FNew Kowloon Plaza38 Tai Kok Tsui RoadKowloonHong Kong",1 Job,"HK$57,007,267",8 Sep 2022,MTR_Tender_Sep22_table1.csv,2022,Sep22,https://www.mtr.com.hk/en/corporate/tenders/Sep22.html
Q088689,Selective,"Nominated Subcontract for Supply and Installation of Electrical, ELV and AV Systems for the Retail Centre of THE SOUTHSIDE","Southa Technical Limited7/F, Paramount Building12 Ka Yip StreetChai WanHong Kong",Not Applicable,"HK$163,123,000",6 Sep 2022,MTR_Tender_Sep22_table1.csv,2022,Sep22,https://www.mtr.com.hk/en/corporate/tenders/Sep22.html
Q088690,Selective,Nominated Subcontract for Supply and Installation of MVAC Systems for the Retail Centre of The SOUTHSIDE,"Southa Technical Limited7/F, Paramount Building12 Ka Yip StreetChai WanHong Kong",Not Applicable,"HK$55,271,000",6 Sep 2022,MTR_Tender_Sep22_table1.csv,2022,Sep22,https://www.mtr.com.hk/en/corporate/tenders/Sep22.html
Q090661,Selective,Provision of Public Relations Services for The Wai,"Above The Line Company LimitedUnit B, 17/F, King Palace Plaza55 King Yip StreetKwun Tong, KowloonHong Kong",2 Years,Not Disclosed,2 Sep 2022,MTR_Tender_Sep22_table1.csv,2022,Sep22,https://www.mtr.com.hk/en/corporate/tenders/Sep22.html
Q086403,Selective,Provision of Wheel Weighing System for Rolling Stock,"Itochu Hong Kong Limited28th Floor, United Centre95 QueenswayHong Kong",1 Job,"JPY93,540,000",19 May 2022,MTR_Tender_May22_table1.csv,2022,May22,https://www.mtr.com.hk/en/corporate/tenders/May22.html
Q086557,Selective,Modification of Wagons for Long Rail Re-Railing,"Tekway Engineering & Consulting Company LimitedUnit 701, 7/F, Tower 2, Silvercord30 Canton RoadTsimshatsui, KowloonHong Kong",1 Job,"HK$7,714,674.30",17 May 2022,MTR_Tender_May22_table1.csv,2022,May22,https://www.mtr.com.hk/en/corporate/tenders/May22.html
Q086705,Open,Enterprise Asset Management System (EAMS) Implementation Project,"Accenture Company LimitedSuites 4103-10, 41/FOne Island East, Taikoo Place18 Westlands RoadQuarry BayHong Kong",1 Job,Not Disclosed,20 May 2022,MTR_Tender_May22_table1.csv,2022,May22,https://www.mtr.com.hk/en/corporate/tenders/May22.html
Q087629,Selective,Group Medical Insurance for Employees and Eligible Dependants 2022-2024,"AIA International Limited16/F, Kerry Centre683 King’s RoadQuarry BayHong Kong",2 Years,Not Disclosed,13 May 2022,MTR_Tender_May22_table1.csv,2022,May22,https://www.mtr.com.hk/en/corporate/tenders/May22.html
Q088358,Selective,Term Contract for Supply and Installation of Floor Mats for Managed and Investment Properties,"Chung's Carpet Development Limited3/F, Waitex HouseNo. 7-9 Mongkok RoadMonkok, KowloonHong Kong",3 Years,Not Disclosed,17 May 2022,MTR_Tender_May22_table1.csv,2022,May22,https://www.mtr.com.hk/en/corporate/tenders/May22.html
Q089301,Limited*,K3207 - Supply of Equipment Spares for Tuen Ma Line Signalling System Mid Life Refurbishment,"Thales Canada, Transportation Solution105 Moatfield DriveToronto, OntarioCanada M3B 0A4",74 Items,"CAD4,168,328.77",5 May 2022,MTR_Tender_May22_table1.csv,2022,May22,https://www.mtr.com.hk/en/corporate/tenders/May22.html
Q089862,Selective,"Sale of Used Rails, Wheels and the Associated Miscellaneous Items","Advance Prosperity Engineering LimitedFlat 1501, Millennium City 5418 Kwun Tong RoadKwun Tong, KowloonHong Kong",1 Year,Not Disclosed,19 May 2022,MTR_Tender_May22_table1.csv,2022,May22,https://www.mtr.com.hk/en/corporate/tenders/May22.html
1281,Limited*,Battery-Electric Locomotives for Tung Chung Line Extension,"CRRC Zhuzhou Locomotive Co., Ltd.Tiamxin High-tech GardenZhuzhou, HunanChina",1 Job,"HK$146,300,200",9 Dec 2022,MTR_Tender_Dec22_table1.csv,2022,Dec22,https://www.mtr.com.hk/en/corporate/tenders/Dec22.html
1633,Selective,Alteration and Addition Works at Kwu Tung for East Rail Line Protection Works,"Kum Shing (K.F.) Construction Company LimitedUG8, Newport Centre116 Ma Tau Kok RoadKowloonHong Kong",1 Job,"HK$65,300,000",6 Dec 2022,MTR_Tender_Dec22_table1.csv,2022,Dec22,https://www.mtr.com.hk/en/corporate/tenders/Dec22.html
C5607-22E(A),Selective,Replacement of Hydraulic Passenger Lifts (A&C),"TK Elevator Hong Kong Limited31/F, Enterprise Square 3No. 39 Wang Chiu RoadKowloon Bay, KowloonHong Kong",Not Applicable,"HK$24,620,000",1 Dec 2022,MTR_Tender_Dec22_table1.csv,2022,Dec22,https://www.mtr.com.hk/en/corporate/tenders/Dec22.html
C5607-22E(B),Selective,Replacement of Hydraulic Passenger Lifts (B),"Otis Elevator Company (H.K.) Limited12/F & 13/FGoldin Financial Global Centre17 Kai Cheung RoadKowloon Bay, KowloonHong Kong",Not Applicable,"HK$15,240,000",1 Dec 2022,MTR_Tender_Dec22_table1.csv,2022,Dec22,https://www.mtr.com.hk/en/corporate/tenders/Dec22.html
C5800-21E,Selective,"Replacement of MCS in AT&D (Packages A, B and C)","Ground Transportation Systems (Hong Kong) LimitedUnit 912, 9/FNew Kowloon Plaza38 Tai Kok Tsui RoadHong Kong",Not Applicable,"HK$207,168,000",16 Dec 2022,MTR_Tender_Dec22_table1.csv,2022,Dec22,https://www.mtr.com.hk/en/corporate/tenders/Dec22.html
C7711-21E,Selective,"Replacement of UPS, Batteries and Chargers (Packages A & B)",Schneider Electric IT Hong Kong Limited11/F Kerry Centre683 King’s RoadQuarry BayHong Kong,Not Applicable,"HK$110,468,192.41",29 Dec 2022,MTR_Tender_Dec22_table1.csv,2022,Dec22,https://www.mtr.com.hk/en/corporate/tenders/Dec22.html
M1236-21E,Selective,Maintenance Services for UPS and Batteries,Schneider Electric IT Hong Kong Limited11/F Kerry Centre683 King’s RoadQuarry BayHong Kong,Not Applicable,"HK$26,210,007.59",29 Dec 2022,MTR_Tender_Dec22_table1.csv,2022,Dec22,https://www.mtr.com.hk/en/corporate/tenders/Dec22.html
Q085987,Selective,Provision of Services for Baggage Handling and Baggage Conveyance System Operation in Airport Express Line,"International Wing Shing Security Management Limited1/F Hang Seng Castle Peak Road Building339 Castle Peak RoadCheung Sha Wan, KowloonHong Kong",2 Years,"HK$19,705,750.80",12 Dec 2022,MTR_Tender_Dec22_table1.csv,2022,Dec22,https://www.mtr.com.hk/en/corporate/tenders/Dec22.html
Q087852,Selective,Supply of Alternative Batteries for Auxiliary Power Supply Systems of Passenger Trains,"Kum Shing Engineering Company LimitedUnit 8, UG/F, Phase IINewport Centre116 Ma Tau Kok RoadTo Kwa Wan, KowloonHong Kong",1 Job,"HK$5,950,000",29 Dec 2022,MTR_Tender_Dec22_table1.csv,2022,Dec22,https://www.mtr.com.hk/en/corporate/tenders/Dec22.html
Q090433,Selective,Design and Build Mobile Network and Wi-Fi System for The Wai and The SOUTHSIDE,"SmarTone Mobile Communications Limited31/F, Millennium City 2378 Kwun Tong RoadKwun Tong, KowloonHong Kong",1 Job,"HK$19,756,000",19 Dec 2022,MTR_Tender_Dec22_table1.csv,2022,Dec22,https://www.mtr.com.hk/en/corporate/tenders/Dec22.html
Q091828,Selective,Supply of 5.5 Ton Diesel Lorries,"Triangle Motors LtdG/F Tung Shing Building402-406 Portland StreetMongkok, KowloonHong Kong",6 Units,Not Disclosed,20 Dec 2022,MTR_Tender_Dec22_table1.csv,2022,Dec22,https://www.mtr.com.hk/en/corporate/tenders/Dec22.html
Q093105,Selective,Term Contract for Provision of Promotional Materials for Branding & Marketing Communications (Package I),"Standard (Chan's) Corporation Limited7/F, Chaiwan Industrial Centre20 Lee Chung StreetChai WanHong Kong",1 Job,Not Disclosed,6 Dec 2022,MTR_Tender_Dec22_table1.csv,2022,Dec22,https://www.mtr.com.hk/en/corporate/tenders/Dec22.html
Q095189,Limited**,Supply of Spares for Banknote Acceptor of AFC System,"Coin-tech Services (HK) LimitedFlat/Rm1305, 13/FKwong Kin Trade Centre5 Kin Fat StreetTuen Mun, New TerritoriesHong Kong",81 No.,"HK$16,495,893.48",13 Dec 2022,MTR_Tender_Dec22_table1.csv,2022,Dec22,https://www.mtr.com.hk/en/corporate/tenders/Dec22.html
1255,Open,Power Supply System for Lantau Extension Projects,"Kum Shing – CRCC (1255) Joint VentureUnit 8 UG/F, Unit 16 & 18 1/FPhase II Newport Centre116 Ma Tau Kok RoadTo Kwa Wan, KowloonHong Kong",Not Applicable,"HK$278,360,000",13 Oct 2023,MTR_Tender_Oct23_table1.csv,2023,Oct23,https://www.mtr.com.hk/en/corporate/tenders/Oct23.html
1503,Open,New Tuen Mun Swimming Pool,"Build King Construction LimitedUnit 601-605A, 6/F, Tower BManulife Financial Centre223 Wai Yip StreetKwun Tong, KowloonHong Kong",Not Applicable,"HK$1,410,000,000",31 Oct 2023,MTR_Tender_Oct23_table1.csv,2023,Oct23,https://www.mtr.com.hk/en/corporate/tenders/Oct23.html
C9321-23E,Selective,Replacement of Passenger Lifts (A),Schindler Lifts (Hong Kong) Limited29/F Devon House979 King’s RoadQuarry BayHong Kong,10 Nos,"HK$26,418,300",5 Oct 2023,MTR_Tender_Oct23_table1.csv,2023,Oct23,https://www.mtr.com.hk/en/corporate/tenders/Oct23.html
Q094046,Selective,Supply of Accessible Buses,"Triangle Motors LtdG/F, Tung Shing Building402-406 Portland StreetMongkok, KowloonHong Kong",4 Sets,"HK$4,619,196",3 Oct 2023,MTR_Tender_Oct23_table1.csv,2023,Oct23,https://www.mtr.com.hk/en/corporate/tenders/Oct23.html
Q094691,Selective,Provision of Robotic Air Condition Unit Wash Plants in HTD and TKD,"Guangzhou Songxing Electric Co., Ltd.No. 2 Yunjun RoadGuangzhouChina",2 Job,"HK$6,694,200",25 Oct 2023,MTR_Tender_Oct23_table1.csv,2023,Oct23,https://www.mtr.com.hk/en/corporate/tenders/Oct23.html
Q094939,Selective,C8950 & C8951 Provision of Re-Railing Wagons for DUAT Line Track Replacement,"Tekway Engineering & Consulting Company LimitedUnit 701, 7/F., Tower 2,Silvercord, 30 Canton Road,Tsimshatsui, KowloonHong Kong",1 Job,"HK$28,718,674.1",20 Oct 2023,MTR_Tender_Oct23_table1.csv,2023,Oct23,https://www.mtr.com.hk/en/corporate/tenders/Oct23.html
Q095335 (B),Selective,Term Contract for General Building Repair and Shop Repartitioning Works for Investment Properties  (Package B),"Advance Engineering (Development) LimitedUnit J & K, 9/FWorld Tech Centre95 How Ming StreetKwun Tong, KowloonHong Kong",3 Years,Not Disclosed,12 Oct 2023,MTR_Tender_Oct23_table1.csv,2023,Oct23,https://www.mtr.com.hk/en/corporate/tenders/Oct23.html
Q095615,Selective,Advertising Sales Agency Services for MTR Mobile,"Sing Tao New Media Business LimitedSing Tao News Corporation Building7 Chun Cheong StreetTseung Kwan O Industrial EstateTseung Kwan O, New TerritoriesHong Kong",1 Job,Not Disclosed,6 Oct 2023,MTR_Tender_Oct23_table1.csv,2023,Oct23,https://www.mtr.com.hk/en/corporate/tenders/Oct23.html
Q098461,Selective,Provision of Preparation Works for Certificate of Roadworthiness (COR) Examination of MTR Buses,"Wai Wah Auto Mobile Repair Company2/F, 1 Kin On StreetTuen Mun, New TerritoriesHong Kong",1 Job,"HK$9,475,200",5 Oct 2023,MTR_Tender_Oct23_table1.csv,2023,Oct23,https://www.mtr.com.hk/en/corporate/tenders/Oct23.html
Q098832,Selective,Provision of Sanitary and Hygiene Products for Managed & Investment Properties and Administration Department,"Rentokil Initial Hong Kong Limited23/F, Westin Centre26 Hung To RoadKwun Tong, KowloonHong Kong",3 Years,Not Disclosed,31 Oct 2023,MTR_Tender_Oct23_table1.csv,2023,Oct23,https://www.mtr.com.hk/en/corporate/tenders/Oct23.html
1832B,Selective,Procurement of Overhead Line Equipment and Wires for Overlap Relocation for TML Protection Works near EAP25,"China Railway Electrification Engineering Group Co., Ltd.D5-D6A, 15/F, TML Tower3 Hoi Shing RoadTsuen Wan, New TerritoriesHong Kong",1 Job,"HK$7,699,800",27 Feb 2023,MTR_Tender_Feb23_table1.csv,2023,Feb23,https://www.mtr.com.hk/en/corporate/tenders/Feb23.html
Q092668,Open,"C8826 & K2984 - Provision of Battery Monitoring System in DUAT, TML & EAL","ATAL Data Centre Infrastructure Limited13/F, Island Place Tower,510 King’s Road,North PointHong Kong",1 Job,"HK$5,171,440",2 Feb 2023,MTR_Tender_Feb23_table1.csv,2023,Feb23,https://www.mtr.com.hk/en/corporate/tenders/Feb23.html
Q092893,Selective,Provision of Consultancy Services for Energy Audit for Investment Properties,"BeeXergy Consulting LimitedUnit 2001-05, APEC Plaza49 Hoi Yuen RoadKwun Tong, KowloonHong Kong",2 Years,"HK$890,000",23 Feb 2023,MTR_Tender_Feb23_table1.csv,2023,Feb23,https://www.mtr.com.hk/en/corporate/tenders/Feb23.html
Q094031,Selective,Provision of News and Infotainment at In-train LED Panel on MTR Trains,"Hong Kong Commercial Broadcasting Co., Ltd.3 Broadcast DriveKowloon Tong, KowloonHong Kong",1 Job,Not Disclosed,23 Feb 2023,MTR_Tender_Feb23_table1.csv,2023,Feb23,https://www.mtr.com.hk/en/corporate/tenders/Feb23.html
Q085450,Open,iERP (Finance & Supply Chain Management ERP System) Implementation Project,"Ernst & Young Advisory Services Ltd.27/F, One Taikoo Place979 King's RoadQuarry BayHong Kong",1 Job,Not Disclosed,19 Jun 2023,MTR_Tender_Jun23_table1.csv,2023,Jun23,https://www.mtr.com.hk/en/corporate/tenders/Jun23.html
Q091038,Selective,Provision of additional Multi-purpose Spaces for SP trains on TML,"Kum Shing Engineering Company LimitedUnit 8, UG/F, Phase IINewport Centre116 Ma Tau Kok RoadTokwawan, KowloonHong Kong",1 Job,"HK$7,086,542",1 Jun 2023,MTR_Tender_Jun23_table1.csv,2023,Jun23,https://www.mtr.com.hk/en/corporate/tenders/Jun23.html
Q093303,Selective,C8141 Supply of Traction Battery for Battery Electric Locomotives,"Infinitier Co LtdRoom 601, Bupa Centre141 Connaught Road WestHong Kong",1 Job,"HK$12,998,600",5 Jun 2023,MTR_Tender_Jun23_table1.csv,2023,Jun23,https://www.mtr.com.hk/en/corporate/tenders/Jun23.html
Q093493,Selective,C8992 - Provision of Tunnel/Trackside Fibre for Operating Railway Systems,"Pilot Solutions Asia Ltd.Unit 7, 8/FNan Fung Commercial Centre19 Lam Lok StreetKowloon Bay, KowloonHong Kong",1 Job,"HK$4,200,000",5 Jun 2023,MTR_Tender_Jun23_table1.csv,2023,Jun23,https://www.mtr.com.hk/en/corporate/tenders/Jun23.html
Q095560,Selective,"Provision of Armoured Transportation Service, Cash Dumping Service and Ticket Processing Centre Service for MTR Operations","Guardforce Ltd.1/F, Guardforce Centre3 Hok Yuen Street EastHung Hom, KowloonHong Kong",2 Years,"HK$47,425,440.24",28 Jun 2023,MTR_Tender_Jun23_table1.csv,2023,Jun23,https://www.mtr.com.hk/en/corporate/tenders/Jun23.html
1252A,Limited*,Signalling Works for A&T and Lantau Projects (Onshore Works),"ALSTOM Hong Kong LimitedUnit 1011-12, 10/FNew Kowloon Plaza38 Tai Kok Tsui RoadKowloonHong Kong",Not Applicable,Not Disclosed,15 Mar 2023,MTR_Tender_Mar23_table1.csv,2023,Mar23,https://www.mtr.com.hk/en/corporate/tenders/Mar23.html
1252B,Limited*,Signalling Works for A&T and Lantau Projects (Offshore Works),ALSTOM Transport SA48 rue Albert DhalenneSaint-Ouen-sur-Seine93400 France,Not Applicable,Not Disclosed,15 Mar 2023,MTR_Tender_Mar23_table1.csv,2023,Mar23,https://www.mtr.com.hk/en/corporate/tenders/Mar23.html
C3865.01-22E,Selective,Provision of eRFL System in Heavy Rail Lines,"Pilot Solutions Asia LimitedUnit 07, 8/FNan Fung Commerical CentreNo. 19 Lam Lok StreetKowloon Bay, KowloonHong Kong",Not Applicable,"HK$16,150,500",27 Mar 2023,MTR_Tender_Mar23_table1.csv,2023,Mar23,https://www.mtr.com.hk/en/corporate/tenders/Mar23.html
C8490-21E,Selective,Provision of Operations Cloud Platform for MTR Network - Phase 1,"PCCW Technical Services LimitedLevel 1, The Long Beach Commercial Podium8 Hoi Fai RoadTai Kok Tsui, KowloonHong Kong",Not Applicable,"HK$33,662,552.38",9 Mar 2023,MTR_Tender_Mar23_table1.csv,2023,Mar23,https://www.mtr.com.hk/en/corporate/tenders/Mar23.html
M1179-18E,Selective,Maintenance Services for DCS (Phase 3),"Huawei International Co. Limited26/F, Tower 6, The GatewayNo. 9 Canton RoadTsim Sha Tsui, KowloonHong Kong",Not Applicable,"HK$11,632,300",23 Mar 2023,MTR_Tender_Mar23_table1.csv,2023,Mar23,https://www.mtr.com.hk/en/corporate/tenders/Mar23.html
M1252-22C,Selective,Maintenance Services for Trackside Advertising Panels,"Kum Shing Engineering Company LimitedUG8, Phase IINewport Centre116 Ma Tau Kok RoadTokwawan, KowloonHong Kong",Not Applicable,"HK$46,140,491",7 Mar 2023,MTR_Tender_Mar23_table1.csv,2023,Mar23,https://www.mtr.com.hk/en/corporate/tenders/Mar23.html
Q089978,Selective,K2036 - Replacement of Crane Wagon M005 for LRL,"Tekway Engineering & Consulting Company LimitedUnit 701, 7/F, Tower 2Silvercord30 Canton RoadTsimshatsui, KowloonHong Kong",1 Job,"HK$11,447,092.7",29 Mar 2023,MTR_Tender_Mar23_table1.csv,2023,Mar23,https://www.mtr.com.hk/en/corporate/tenders/Mar23.html
Q092529,Selective,Operation and Management of Hung Hom Station Carpark,"Imperial Parking (Hong Kong) LimitedRoom 3113-16, 31/FMetroplaza Tower 1223 Hing Fong RoadKwai Fong, New TerritoriesHong Kong",1 Job,Not Disclosed,13 Mar 2023,MTR_Tender_Mar23_table1.csv,2023,Mar23,https://www.mtr.com.hk/en/corporate/tenders/Mar23.html
Q093193,Selective,Provision of Leakage Current Sensor for Platform Screen Door and Automatic Platform Gate,"Wintech Telecommunication Services LimitedUnit V, 4/FEverest Industrial Centre396 Kwun Tong RoadKwun Tong, KowloonHong Kong",1 Job,"HK$4,847,591",1 Mar 2023,MTR_Tender_Mar23_table1.csv,2023,Mar23,https://www.mtr.com.hk/en/corporate/tenders/Mar23.html
1601,Open,Kwu Tung Station on East Rail Line,"Dragages Hong Kong Limited3/F, Island Place Tower510 King's RoadNorth PointHong Kong",Not Applicable,"HK$2,045,616,888",8 Sep 2023,MTR_Tender_Sep23_table1.csv,2023,Sep23,https://www.mtr.com.hk/en/corporate/tenders/Sep23.html
1652,Limited*,Signalling System for KTU(EAL),"Siemens Mobility LimitedUnits 905-907, 9/F, Tower BManulife Financial Centre223-231 Wai Yip StreetKwun Tong, KowloonHong Kong",Not Applicable,Not Disclosed,20 Sep 2023,MTR_Tender_Sep23_table1.csv,2023,Sep23,https://www.mtr.com.hk/en/corporate/tenders/Sep23.html
C9321-23C,Selective,Civil and E&M Works for Replacement of Passenger Lifts (Batch 3A),"Mepork Engineering Services Limited19/F, China Overseas Building139 Hennessy RoadWanchaiHong Kong",1 Job,"HK$35,468,350",21 Sep 2023,MTR_Tender_Sep23_table1.csv,2023,Sep23,https://www.mtr.com.hk/en/corporate/tenders/Sep23.html
K2489-23E,Selective,Procurement of 35 Double-decker Electric Buses,"Alexander Dennis (Asia Pacific) LimitedUnit A-B, 9/F, YHC Tower1 Sheung Yuet RoadKowloon Bay, KowloonHong Kong",35 No.,"HK$184,318,173",4 Sep 2023,MTR_Tender_Sep23_table1.csv,2023,Sep23,https://www.mtr.com.hk/en/corporate/tenders/Sep23.html
Q093622,Selective,K3507 - Partial Replacement of Hong Kong Police Force Radio Amplifier System for EAL & TML,"Shun Hing Systems Integration Company Limited16/F, Shun Hing Centre2 Shing Yiu StreetKwai Chung, New TerritoriesHong Kong",1 Job,"HK$4,339,300",11 Sep 2023,MTR_Tender_Sep23_table1.csv,2023,Sep23,https://www.mtr.com.hk/en/corporate/tenders/Sep23.html
Q095335 (A),Selective,Term Contract for General Building Repair and Shop Repartitioning Works for Investment Properties  (Package A),"Jetline Construction Co., Limited1/F, Kiu Yin Commercial Building361-363 Lockhart RoadWanchaiHong Kong",1 Job,Not Disclosed,22 Sep 2023,MTR_Tender_Sep23_table1.csv,2023,Sep23,https://www.mtr.com.hk/en/corporate/tenders/Sep23.html
Q097777,Selective,Maintenance Service for the Fallen Object Detection System in East Rail Line,"Pilot Solutions Asia LimitedUnit 7, 8/FNan Fung Commercial Centre19 Lam Lok StreetKowloon Bay, KowloonHong Kong",2 Years,"HK$4,996,000",27 Sep 2023,MTR_Tender_Sep23_table1.csv,2023,Sep23,https://www.mtr.com.hk/en/corporate/tenders/Sep23.html
1201,Open,Tung Chung West Station and Tunnels,"Bouygues - Dragages (1201) Joint Venture3/F, Island Place Tower510 King's RoadNorth PointHong Kong",Not Applicable,"HK$4,153,586,888",15 May 2023,MTR_Tender_May23_table1.csv,2023,May23,https://www.mtr.com.hk/en/corporate/tenders/May23.html
1202,Open,Tung Chung East Station and Associated Enabling Works for Track Diversions,"Paul Y. - CRCC (TUE1202) Joint Venture11/F, Paul Y Centre51 Hung To Road,Kwun Tong, KowloonHong Kong",Not Applicable,"HK$2,049,026,800",15 May 2023,MTR_Tender_May23_table1.csv,2023,May23,https://www.mtr.com.hk/en/corporate/tenders/May23.html
C9517.A2-23C,Selective,Civil & Structural Works for Tseung Kwan O Depot (TKD) Phase 2 Area,"Penta-Ocean Construction Co., LtdUnit 601, K. Wah Centre191 Java RoadNorth PointHong Kong",1 Job,"HK$63,500,000",4 May 2023,MTR_Tender_May23_table1.csv,2023,May23,https://www.mtr.com.hk/en/corporate/tenders/May23.html
C9517.B-23E,Selective,E&M Provisions for Tseung Kwan O Depot (TKD) Phase 2 Area,"Shinryo Technical Services LimitedUnit 1805Wang Lung Industrial BuildingNo. 11 Lung Tak StreetTsuen Wan, New TerritoriesHong Kong",1 Job,"HK$106,500,000",4 May 2023,MTR_Tender_May23_table1.csv,2023,May23,https://www.mtr.com.hk/en/corporate/tenders/May23.html
K3756-22E,Limited*,Replacement of AzLM ACE Axle Counter System in PHD-W,"Ground Transportation Systems (Hong Kong) LimitedUnit 912, New Kowloon Plaza38 Tai Kok Tsui RoadKowloonHong Kong",1 Job,"HK$149,532,881.6",5 May 2023,MTR_Tender_May23_table1.csv,2023,May23,https://www.mtr.com.hk/en/corporate/tenders/May23.html
Q094309,Selective,"Provision of Smart PadLock System for AEL, TCL, DRL and EAL","Kum Shing Engineering Company LimitedUG/F, Unit 8Newport Centre Phase II116 Ma Tau Kok RoadKowloonHong Kong",1 Job,"HK$5,898,420",5 May 2023,MTR_Tender_May23_table1.csv,2023,May23,https://www.mtr.com.hk/en/corporate/tenders/May23.html
Q096958,Selective,"Sale of Used Rails, Wheels and the Associated Miscellaneous Items","Lee Yuen Hong LimitedRoom B, 18/FWing Sing Commercial Centre12 Wing Lok StreetSheung WanHong Kong",1 Year,Not Disclosed,16 May 2023,MTR_Tender_May23_table1.csv,2023,May23,https://www.mtr.com.hk/en/corporate/tenders/May23.html
1220,Open,Trackwork and Overhead Line for Tung Chung Line Extension,"CRCC - Paul Y. (TUE 1220) Joint VentureUnit A, 10/FMG Tower133 Hoi Bun RoadKwun Tong, KowloonHong Kong",Not Applicable,"HK$374,880,000",11 Dec 2023,MTR_Tender_Dec23_table1.csv,2023,Dec23,https://www.mtr.com.hk/en/corporate/tenders/Dec23.html
1500 (combined with Contracts 1501 and 1502),Open,"TME Stations, Viaducts and River Crossing","CRBC-Build King Joint Venture38/F, Dorset HouseTaikoo Place979 King's RoadQuarry BayHong Kong",Not Applicable,"HK$6,220,587,500",13 Dec 2023,MTR_Tender_Dec23_table1.csv,2023,Dec23,https://www.mtr.com.hk/en/corporate/tenders/Dec23.html
1701,Open,Oyster Bay Station and Associated Works,"China State Construction Engineering (Hong Kong) Limited29/F, China Overseas Building139 Hennessy RoadWan ChaiHong Kong",Not Applicable,"HK$8,466,000,000",6 Dec 2023,MTR_Tender_Dec23_table1.csv,2023,Dec23,https://www.mtr.com.hk/en/corporate/tenders/Dec23.html
M1268-23,Selective,Cleaning Services for Operating Railway,"Winson Cleaning Service Co LtdUnit 1926, 19/F, Global Plaza1 Sha Tsui RoadTsuen Wan, New TerritoriesHong Kong",Not Applicable,"HK$659,738,678",8 Dec 2023,MTR_Tender_Dec23_table1.csv,2023,Dec23,https://www.mtr.com.hk/en/corporate/tenders/Dec23.html
Q097890,Selective,Provision of Gate-Top PIDS for Strategic Stations in Heavy Rail Line,"Advance System (Asia) LimitedRoom 901, 9/FInternational Plaza20 Sheung Yuet RoadKowloon Bay, KowloonHong Kong",1 Job,"HK$4,346,600",21 Dec 2023,MTR_Tender_Dec23_table1.csv,2023,Dec23,https://www.mtr.com.hk/en/corporate/tenders/Dec23.html
Q098496,Selective,Supply of 5.5 Ton Diesel Lorries,"Crown Motors Ltd.G/F, Goodluck Industrial Centre808 Lai Chi Kok RoadCheung Sha Wan, KowloonHong Kong",5 Nos.,"HK$2,582,657.5",13 Dec 2023,MTR_Tender_Dec23_table1.csv,2023,Dec23,https://www.mtr.com.hk/en/corporate/tenders/Dec23.html
Q099804,Selective,Provision of Safety and Hygiene Audit and Inspection Services for MTR Malls,"Industrial Technology Consultants LimitedRoom 1105, 11/FKnutsford Commercial Building4 Knutsford TerraceTsimshatsui, KowloonHong Kong",1 Job,Not Disclosed,6 Dec 2023,MTR_Tender_Dec23_table1.csv,2023,Dec23,https://www.mtr.com.hk/en/corporate/tenders/Dec23.html
C5610-22E (A),Selective,Replacement of Escalators,"TK Elevator Hong Kong Limited31/F Enterprise Square ThreeNo. 39 Wang Chiu RoadKowloon Bay, KowloonHong Kong",10 No.,"HK$45,123,198",6 Apr 2023,MTR_Tender_Apr23_table1.csv,2023,Apr23,https://www.mtr.com.hk/en/corporate/tenders/Apr23.html
C5610-22E (B),Selective,Replacement of Escalators,Schindler Lifts (Hong Kong) Limited29/F Devon House979 King’s RoadQuarry BayHong Kong,11 No.,"HK$62,725,740",6 Apr 2023,MTR_Tender_Apr23_table1.csv,2023,Apr23,https://www.mtr.com.hk/en/corporate/tenders/Apr23.html
Q093855,Selective,Term Contract for Provision of Event Management and Production Services for MTR Projects Events,"Pico International (HK) LimitedPico House4 Dai Fu StreetTai Po Industrial EstateTai Po, New TerritoriesHong Kong",1 Job,Not Disclosed,27 Apr 2023,MTR_Tender_Apr23_table1.csv,2023,Apr23,https://www.mtr.com.hk/en/corporate/tenders/Apr23.html
CT149-21E,Open,Provision of DCS Network for 5G Services,"China Mobile Hong Kong Co. Ltd.L20, Tower 1Kowloon Commerce Centre51 Kwai Cheong RoadKwai Chung, New TerritoriesHong Kong",1 Job,"HK$185,752,000",26 Jul 2023,MTR_Tender_Jul23_table1.csv,2023,Jul23,https://www.mtr.com.hk/en/corporate/tenders/Jul23.html
Q094955,Selective,Advertising Sales Agency Service for MTR Operating Railway (Package A & C),"JCDecaux Pearl & Dean Limited20/F, Berkshire HouseTaikoo Place25 Westlands RoadQuarry BayHong Kong",5 Years,"HK$4,475,000,000",7 Jul 2023,MTR_Tender_Jul23_table1.csv,2023,Jul23,https://www.mtr.com.hk/en/corporate/tenders/Jul23.html
Q095175,Selective,Refurbishment of 11kV Service Transformers in AT&D (Phase 1),"Key Direction Limited21/F, ADP Pentagon Centre98 Texaco RoadTsuen Wan, New TerritoriesHong Kong",1 Job,"HK$9,929,888",12 Jul 2023,MTR_Tender_Jul23_table1.csv,2023,Jul23,https://www.mtr.com.hk/en/corporate/tenders/Jul23.html
Q095559,Selective,Provision of Customer Services for Customer Service Centre (CuC) function for 29 MTR Stations,"Vpower Finance Security (Hong Kong) LimitedUnit 703, 7/FGoodman Global Gateway168 Yeung Uk RoadTsuen Wan, New TerritoriesHong Kong",2 Years,"HK$95,652,792",11 Jul 2023,MTR_Tender_Jul23_table1.csv,2023,Jul23,https://www.mtr.com.hk/en/corporate/tenders/Jul23.html
Q095715,Selective,Supply of 41 Sets of Smart Safe for Customer Service Centre in Stations,"Vpower Finance Security (Hong Kong) LimitedUnit 703, 7/FGoodman Global Gateway168 Yeung Uk RoadTsuen Wan, New TerritoriesHong Kong",1 Job,"HK$3,985,240",12 Jul 2023,MTR_Tender_Jul23_table1.csv,2023,Jul23,https://www.mtr.com.hk/en/corporate/tenders/Jul23.html
Q096969,Selective,Provision of Agency Services for Corporate Travel,"Corporate Travel Management LimitedUnit 01, 18/FCDW Building388 Castle Peak RoadTsuen Wan, New TerritoriesHong Kong",2 Years,Not Disclosed,25 Jul 2023,MTR_Tender_Jul23_table1.csv,2023,Jul23,https://www.mtr.com.hk/en/corporate/tenders/Jul23.html
1831,Selective,Alteration and Addition Works for Tuen Ma Line Protection near EAP25,"Kum Shing (K.F.) Construction Company LimitedUG8, Newport Centre116 Ma Tau Kok RoadKowloonHong Kong",1 Job,"HK$96,762,647",9 Jan 2023,MTR_Tender_Jan23_table1.csv,2023,Jan23,https://www.mtr.com.hk/en/corporate/tenders/Jan23.html
Q094112,Selective,Provision of Maintenance Services and Consumables for Mosquito Traps for Managed Properties,"Innocorp LimitedRoom 126, 1/FGalaxy Factory BuildingNo. 25-27 Luk Hop StreetSan Po Kong, KowloonHong Kong",3 Years,Not Disclosed,20 Jan 2023,MTR_Tender_Jan23_table1.csv,2023,Jan23,https://www.mtr.com.hk/en/corporate/tenders/Jan23.html
1254,Open,Platform Screen Door and Automatic Platform Gate,"FD-EEB Joint VentureUnit D5-D6, 15/FTML Tower3 Hoi Shing RoadTsuen Wan, New TerritoriesHong Kong",Not Applicable,Not Disclosed,15 Nov 2023,MTR_Tender_Nov23_table1.csv,2023,Nov23,https://www.mtr.com.hk/en/corporate/tenders/Nov23.html
1653,Open,Tunnel Environmental Control System for KTU(EAL),"Gammon E&M Limited22/F, Tower 1, The Quayside77 Hoi Bun RoadKwun Tong, KowloonHong Kong",Not Applicable,"HK$168,759,000",8 Nov 2023,MTR_Tender_Nov23_table1.csv,2023,Nov23,https://www.mtr.com.hk/en/corporate/tenders/Nov23.html
Q098495,Selective,Supply of Diesel Vans,"Hyundai Hong Kong Co. LimitedShop 4D, G/F & Unit 14, 8/FNam Fung Commercial Centre19 Lam Lok StreetKowloon Bay, KowloonHong Kong",21 Units,"HK$6,641,767.3",20 Nov 2023,MTR_Tender_Nov23_table1.csv,2023,Nov23,https://www.mtr.com.hk/en/corporate/tenders/Nov23.html
Q098832,Selective,Provision of Sanitary and Hygiene Products for Managed & Investment Properties and Administration Department,"Watson Hygiene Services LimitedUnit 1807-1815, 18/FPeninsula Tower538 Castle Peak RoadCheung Sha Wan, KowloonHong Kong",3 Years,Not Disclosed,1 Nov 2023,MTR_Tender_Nov23_table1.csv,2023,Nov23,https://www.mtr.com.hk/en/corporate/tenders/Nov23.html
Q099678,Selective,Group Life Insurance for Employees 2024-2026,"AIA International LimitedSuite 1701, Manhattan Place23 Wang Tai RoadKowloon Bay, KowloonHong Kong",3 Years,Not Disclosed,15 Nov 2023,MTR_Tender_Nov23_table1.csv,2023,Nov23,https://www.mtr.com.hk/en/corporate/tenders/Nov23.html
Q100397,Selective,Charter of Launch Services,"Osea Marine Tour Company LimitedRoom 2206, 22/FYue Fai Commercial Centre208 Aberdeen Main RoadAberdeenHong Kong",3 Units,"HK$7,403,988",30 Nov 2023,MTR_Tender_Nov23_table1.csv,2023,Nov23,https://www.mtr.com.hk/en/corporate/tenders/Nov23.html
C7179-23C,Selective,Replacement of Trackside Advertising Panels on AT&D,"GTECH Services (Hong Kong) LimitedRoom 2403-08, 24/FCC Wu Building302-308 Hennessy RoadWanchaiHong Kong",1 Job,"HK$69,863,822",8 Aug 2023,MTR_Tender_Aug23_table1.csv,2023,Aug23,https://www.mtr.com.hk/en/corporate/tenders/Aug23.html
M1227-20E,Selective,"Maintenance Services of UTM at EAL, MOL, KTE, WIL and SIL","Roctec Technology LimitedRoom 1502-4, 15/FKodak House II321 Java RoadNorth PointHong Kong",1 Job,"HK$3,761,600",25 Aug 2023,MTR_Tender_Aug23_table1.csv,2023,Aug23,https://www.mtr.com.hk/en/corporate/tenders/Aug23.html
Q095921,Selective,Provision of China Social Media Services & Online Advertising Services for MTR Malls,"WeMine LimitedRoom D, 6/F, MG Tower133 Hoi Bun RoadKwun Tong, KowloonHong Kong",1 Year,Not Disclosed,31 Aug 2023,MTR_Tender_Aug23_table1.csv,2023,Aug23,https://www.mtr.com.hk/en/corporate/tenders/Aug23.html
Q096485,Selective,Provision of Laundry and Dry Cleaning Services for Managed and Investment Properties,"Sunshine Laundry Factory Company Limited5/F, Block ALee Sum Factory Building23 Sze Mei StreetSan Po Kong, KowloonHong Kong",3 Years,Not Disclosed,18 Aug 2023,MTR_Tender_Aug23_table1.csv,2023,Aug23,https://www.mtr.com.hk/en/corporate/tenders/Aug23.html
Q098208,Selective,Provision of Design and Printing Services for the Corporation,"Artel Design CompanyUnit 5, 14/FTreasure Centre42 Hung To RoadKwun Tong, KowloonHong Kong",1 Job,Not Disclosed,30 Aug 2023,MTR_Tender_Aug23_table1.csv,2023,Aug23,https://www.mtr.com.hk/en/corporate/tenders/Aug23.html
T0973-23E,Selective,Provision of Term Workers for Rolling Stock and Depot Works,"Hop Yuen Construction Company2/F, Hop Yuen Centre171 Queen's Road CentralHong Kong",1 Job,Not Disclosed,8 Aug 2023,MTR_Tender_Aug23_table1.csv,2023,Aug23,https://www.mtr.com.hk/en/corporate/tenders/Aug23.html
C7635-23E,Selective,"Replacement of High Voltage and Low Voltage Systems for TWL, ISL and TKL","EEB-GTECH Joint VentureRoom C1-C5, 29/F, TML Tower3 Hoi Shing RoadTsuen Wan, New TerritoriesHong Kong",Not Applicable,"HK$1,676,666,666",15 Mar 2024,MTR_Tender_Mar24_table1.csv,2024,Mar24,https://www.mtr.com.hk/en/corporate/tenders/Mar24.html
C9482-23C,Selective,"Replacement of Trackside Advertising Panels on KTL, TWL & ISL","GTECH Services (Hong Kong) LimitedRoom 2403-08, 24/FC C Wu Building302-308 Hennessy RoadWanchaiHong Kong",Not Applicable,"HK$56,280,000",7 Mar 2024,MTR_Tender_Mar24_table1.csv,2024,Mar24,https://www.mtr.com.hk/en/corporate/tenders/Mar24.html
C9554-23E,Selective,Replacement of Lighting with LED Technology,"Shimizu CorporationRoom 4313-4322Metroplaza Tower 1223 Hing Fong RoadKwai Fong, New TerritoriesHong Kong",Not Applicable,"HK$73,559,350.76",27 Mar 2024,MTR_Tender_Mar24_table1.csv,2024,Mar24,https://www.mtr.com.hk/en/corporate/tenders/Mar24.html
Q095471,Selective,Supply of an Aerial Work Platform-mounted Wagon,"Tekway Engineering & Consulting Company LimitedUnit 701, 7/F, Tower 2, Silvercord30 Canton RoadTsimshatsui, KowloonHong Kong",1 Job,"HK$7,185,245.1",14 Mar 2024,MTR_Tender_Mar24_table1.csv,2024,Mar24,https://www.mtr.com.hk/en/corporate/tenders/Mar24.html
Q098524,Selective,System Upgrade for Office Contactless Smart Card Processor Terminal (OCPT),"Diebold Nixdorf (Hong Kong) LimitedUnits 2506-10, 25/F, Tower 2Ever Gain Plaza88 Container Port RoadKwai Chung, New TerritoriesHong Kong",1 Job,"HK$5,377,500",26 Mar 2024,MTR_Tender_Mar24_table1.csv,2024,Mar24,https://www.mtr.com.hk/en/corporate/tenders/Mar24.html
Q102002,Selective,"Provision of Dismantle, Installation and Inventory & Logistic Management Services for System Furniture","Jet Consultant CompanyRoom 01, 20/FHoi Ying Court, Aberdeen Centre10 Nam Ning Street, AberdeenHong Kong",3 Years,"HK$7,717,370",6 Mar 2024,MTR_Tender_Mar24_table1.csv,2024,Mar24,https://www.mtr.com.hk/en/corporate/tenders/Mar24.html
1581,Limited*,Advance Works for Signalling System under Contract 1552,"Ground Transportation Systems (Hong Kong) LimitedUnit 912, 9/FNew Kowloon Plaza38 Tai Kok Tsui RoadKowloonHong Kong",Not Applicable,"HK$139,594,017",26 Jun 2024,MTR_Tender_Jun24_table1.csv,2024,Jun24,https://www.mtr.com.hk/en/corporate/tenders/Jun24.html
C3860-23E,Selective,Provision of In-Train TV System for New TCL & AEL Trains,"Roctec Technology LimitedRoom 1502-4, 15/FKodak House II321 Java RoadNorth PointHong Kong",Not Applicable,"HK$15,380,000",6 Jun 2024,MTR_Tender_Jun24_table1.csv,2024,Jun24,https://www.mtr.com.hk/en/corporate/tenders/Jun24.html
K1928.B-23E,Selective,Installation of Point Operating Equipment in LRL,"KML Engineering LimitedB12, G/FShatin Industrial CentreSiu Lek Yuen RoadShatin, New TerritoriesHong Kong",Not Applicable,"HK$1,571,000",17 Jun 2024,MTR_Tender_Jun24_table1.csv,2024,Jun24,https://www.mtr.com.hk/en/corporate/tenders/Jun24.html
M1283-24E,Selective,Maintenance Services for Signalling System in HSR,"Beijing HollySys Co., Ltd.No.2 Disheng Middle RoadBeijing Economic and Technological Development AreaChina",Not Applicable,"HK$407,768,793.28",19 Jun 2024,MTR_Tender_Jun24_table1.csv,2024,Jun24,https://www.mtr.com.hk/en/corporate/tenders/Jun24.html
Q095335 (C),Selective,Term Contract for General Building Repair and Shop Repartitioning Works for Investment Properties (Package C),"Kar Cheung Engineering CoFlat 07, 17/FKowloon Plaza485 Castle Peak RoadLai Chi Kok, KowloonHong Kong",3 Years,Not Disclosed,27 Jun 2024,MTR_Tender_Jun24_table1.csv,2024,Jun24,https://www.mtr.com.hk/en/corporate/tenders/Jun24.html
Q104493,Selective,Provision of Term Concierge Personnel for Two International Finance Centre,"KOS International LimitedSuite 610, 6/FOcean Centre5 Canton RoadTsim Sha Tsui, KowloonHong Kong",2 Years,Not Disclosed,20 Jun 2024,MTR_Tender_Jun24_table1.csv,2024,Jun24,https://www.mtr.com.hk/en/corporate/tenders/Jun24.html
T0974-24C,Selective,Term Contract for Architectural and Building Works,"Shui On Building Contractors Limited34/F, Shui On Centre6-8 Harbour RoadWanchaiHong Kong",Not Applicable,Not Disclosed,7 Jun 2024,MTR_Tender_Jun24_table1.csv,2024,Jun24,https://www.mtr.com.hk/en/corporate/tenders/Jun24.html
12051,Limited*,Supply of Octopus Readers / Writers and EMV Readers,"Octopus Transactions Limited46/F Manhattan Place23 Wang Tai RoadKowloon Bay, KowloonHong Kong",1 Job,Not Disclosed,26 Nov 2024,MTR_Tender_Nov24_table1.csv,2024,Nov24,https://www.mtr.com.hk/en/corporate/tenders/Nov24.html
A322-24E,Selective,Independent Safety Assessment for New Rolling Stock in Disneyland Resort Line,"TUV Rheinland Hong Kong Limited3-4/F, Fou Wah Industrial Building10-16 Pun Shan StreetTsuen Wan, New TerritoriesHong Kong",1 Job,"HK$4,527,000",14 Nov 2024,MTR_Tender_Nov24_table1.csv,2024,Nov24,https://www.mtr.com.hk/en/corporate/tenders/Nov24.html
A325-24E,Selective,Term Consultancy of Communications and Control Systems Design,"C K Leung & Associates Company LimitedRoom 1914-15, Gala Place56 Dundas StreetKowloonHong Kong",Not Applicable,Not Applicable,29 Nov 2024,MTR_Tender_Nov24_table1.csv,2024,Nov24,https://www.mtr.com.hk/en/corporate/tenders/Nov24.html
M1258-23E,Selective,Maintenance Services for Building Services System at TKL,"Shinryo Technical Services LimitedUnit 1805, 18/FWang Lung Industrial BuildingNo. 11 Lung Tak StreetTseun Wan, New TerritoriesHong Kong",1 Job,"HK$49,503,928",11 Nov 2024,MTR_Tender_Nov24_table1.csv,2024,Nov24,https://www.mtr.com.hk/en/corporate/tenders/Nov24.html
Q101962,Selective,Modification of Two Flat Wagons to Overhead Line Fixed Platform Wagons for TML,"Tekway Engineering & Consulting Company LimitedUnit 7-8, 3/FMetro Centre IINo 21 Lam Hing StreetKowloon Bay, KowloonHong Kong",1 Job,"HK$2,761,840",28 Nov 2024,MTR_Tender_Nov24_table1.csv,2024,Nov24,https://www.mtr.com.hk/en/corporate/tenders/Nov24.html
Q103348,Selective,"Provision of Passenger and Crowd Movement Monitoring System for Smart Operations at SHS, KOT and ETS","Charter Glory Corporation LimitedRoom 902, 9/FCentury Centre44 and 46 Hung To RoadKwun Tong, KowloonHong Kong",1 Job,"HK$7,472,664",21 Nov 2024,MTR_Tender_Nov24_table1.csv,2024,Nov24,https://www.mtr.com.hk/en/corporate/tenders/Nov24.html
Q104409,Selective,C9112 / C8278 Supply of Traction Battery for Battery Electric Locomotives,"Infinitier Company LimitedRoom 601, Bupa Centre141 Connaught Road WestHong Kong",1 Job,"HK$35,081,850",1 Nov 2024,MTR_Tender_Nov24_table1.csv,2024,Nov24,https://www.mtr.com.hk/en/corporate/tenders/Nov24.html
Q104442,Selective,Installation of PWS and Equipment Cabinets for Smart Junction - Phase 2 & 3,"Kum Shing Engineering Company LimitedUG/F, Unit 8Newport Centre Phase II116 Ma Tau Kok RoadKowloonHong Kong",1 Job,"HK$8,800,000",21 Nov 2024,MTR_Tender_Nov24_table1.csv,2024,Nov24,https://www.mtr.com.hk/en/corporate/tenders/Nov24.html
Q107701,Selective,Public Liability (Commercial General Liability) Insurance for Managed Properties (2025-2026),Assicurazioni Generali S.p.A -Hong Kong Branch21/F1111 King’s RoadTaikoo ShingHong Kong,2 Years,Not Disclosed,5 Nov 2024,MTR_Tender_Nov24_table1.csv,2024,Nov24,https://www.mtr.com.hk/en/corporate/tenders/Nov24.html
Q107947,Selective,Provision of Train Cab Simulator for High-Speed Rail,"Chengdu Yunda Technology Co.,Ltd.Kangqiang Fourth RoadGaoxin West DistrictChengdu, Sichuan ProvinceChina",1 Job,"HK$5,310,000",1 Nov 2024,MTR_Tender_Nov24_table1.csv,2024,Nov24,https://www.mtr.com.hk/en/corporate/tenders/Nov24.html
1567,Open,"Universal Integrated Training System (UITS) for TME, KTU(EAL) and HSK","Roctec Technology LimitedRoom 1502-4, 15/FKodak House II321 Java RoadNorth PointHong Kong",Not Applicable,"HK$22,800,000",26 Aug 2024,MTR_Tender_Aug24_table1.csv,2024,Aug24,https://www.mtr.com.hk/en/corporate/tenders/Aug24.html
C7731.A-23E,Selective,Visualized Remote Earthing System at AT&D,"Dongguan Nannar Technology Co., Ltd.No. 10 WanSheng RoadWanJiang Street, DongGuan CityGuangDong ProvinceChina",Not Applicable,"HK$77,748,150",20 Aug 2024,MTR_Tender_Aug24_table1.csv,2024,Aug24,https://www.mtr.com.hk/en/corporate/tenders/Aug24.html
M1266-23E,Selective,Maintenance Services for Mobile Telephone Communications System for HSR,"Boldyn Networks HK LimitedUnit 2101-05, 21/F6 Shing Yip StreetKwun Tong, KowloonHong Kong",Not Applicable,"HK$7,176,400",28 Aug 2024,MTR_Tender_Aug24_table1.csv,2024,Aug24,https://www.mtr.com.hk/en/corporate/tenders/Aug24.html
M1284-24E,Selective,Maintenance Services for Building Services for HSR,"Shinryo Technical Services LimitedRoom 1805Wang Lung Industrial Building11 Lung Tak StreetTsuen Wan, New TerritoriesHong Kong",Not Applicable,"HK$356,500,000",23 Aug 2024,MTR_Tender_Aug24_table1.csv,2024,Aug24,https://www.mtr.com.hk/en/corporate/tenders/Aug24.html
Q098973,Selective,Provision of Video Wall System in URL Depot Control Centre,"Concord Solutions (HK) LimitedRoom 17-20, 30/FOne Midtown11 Hoi Shing RoadTsuen Wan, New TerritoriesHong Kong",1 Job,"HK$5,340,830",8 Aug 2024,MTR_Tender_Aug24_table1.csv,2024,Aug24,https://www.mtr.com.hk/en/corporate/tenders/Aug24.html
Q101514,Selective,"Supply, Installation and Maintenance of Signage Materials","DCG Display & Design Company LimitedUnit A, 10/FWing Tai Centre12 Hing Yip StreetKwun Tong, KowloonHong Kong",2 Years,Not Disclosed,20 Aug 2024,MTR_Tender_Aug24_table1.csv,2024,Aug24,https://www.mtr.com.hk/en/corporate/tenders/Aug24.html
Q103543,Selective,LS052 Provision of Rail-Road Aerial Work Platforms with Maintenance Service for OYB Interfacing Works,"Feng Yuan (China) Company LimitedUnit 1111, 11/FTins Enterprises Centre777 Lai Chi Kok RoadCheung Sha Wan, KowloonHong Kong",1 Job,"HK$6,314,000",29 Aug 2024,MTR_Tender_Aug24_table1.csv,2024,Aug24,https://www.mtr.com.hk/en/corporate/tenders/Aug24.html
Q104389,Selective,Replacement of URL APG Trackside Bonding Cables & Extra Layer Protection Sleeves,"Hang Fat Hardware and Engineering Trading Company LimitedRoom 12, 15/FHarry Industrial Building49-51 Au Pui Wan StreetFo Tan, New TerritoriesHong Kong",1 Job,"HK$3,824,600",13 Aug 2024,MTR_Tender_Aug24_table1.csv,2024,Aug24,https://www.mtr.com.hk/en/corporate/tenders/Aug24.html
Q105666,Selective,"Term Contract for Provision of Public Relations, Event and Media Tour Management Services for Gateway Segment","PR Integrated Services LimitedUnit 1103, 11/FOn Tin Centre1 Sheung Hei StreetSan Po Kong, KowloonHong Kong",2 Years,Not Disclosed,6 Aug 2024,MTR_Tender_Aug24_table1.csv,2024,Aug24,https://www.mtr.com.hk/en/corporate/tenders/Aug24.html
Q105736,Selective,"Provision of Maintenance Services for LED Advertising Panels in ADM, HOK, KOT, LOW, MOK, QUB and TML Stations","GTECH Services (Hong Kong) LimitedRoom 2403-08, 24/FC C Wu Building302-308 Hennessy RoadWanchaiHong Kong",Not Applicable,"HK$3,825,000",13 Aug 2024,MTR_Tender_Aug24_table1.csv,2024,Aug24,https://www.mtr.com.hk/en/corporate/tenders/Aug24.html
Q106719,Selective,"Provision of Live Webcast, Audience Interaction & Event Management Service for Communication Meetings","Lumi Asia LimitedUnit 2702, 27/FSkyline Tower39 Wang Kwong RoadKowloon Bay, KowloonHong Kong",1 Year,Not Disclosed,13 Aug 2024,MTR_Tender_Aug24_table1.csv,2024,Aug24,https://www.mtr.com.hk/en/corporate/tenders/Aug24.html
Q106895,Selective,Provision of Engineering Service for Overhaul of Rolling Stock in Ho Tung Lau Depot,"Bright Sunlight LimitedNo. 05, 11/FAPEC PlazaNo. 49 Hoi Yuen RoadKwun Tong, KowloonHong Kong",1 Job,"HK$5,753,880",8 Aug 2024,MTR_Tender_Aug24_table1.csv,2024,Aug24,https://www.mtr.com.hk/en/corporate/tenders/Aug24.html
C2226-23E,Selective,Migration of URL CDN to MPLS Core Network,"Huawei International Co. Limited26/F, Tower 6The Gateway9 Canton RoadTsim Sha Tsui, KowloonHong Kong",Not Applicable,"HK$16,524,395",27 Dec 2024,MTR_Tender_Dec24_table1.csv,2024,Dec24,https://www.mtr.com.hk/en/corporate/tenders/Dec24.html
C5770-23E (B),Selective,Refurbishment of Escalators in MTR Stations,"Schindler Lifts (Hong Kong) Limited29/F, Devon House, Taikoo Place979 King’s Road, Quarry BayHong Kong",Not Applicable,"HK$169,418,110",20 Dec 2024,MTR_Tender_Dec24_table1.csv,2024,Dec24,https://www.mtr.com.hk/en/corporate/tenders/Dec24.html
C8495-24E,Selective,"Refurbishment of Seawater Cooling Plants at HIC, KIC, TYI, NIC and HUH","Carrier Hong Kong LimitedUnit 901, 9/F8 Lam Chak StreetKowloon Bay, KowloonHong Kong",Not Applicable,"HK$129,990,000",10 Dec 2024,MTR_Tender_Dec24_table1.csv,2024,Dec24,https://www.mtr.com.hk/en/corporate/tenders/Dec24.html
M1116-15E,Selective,"Maintenance Services for PCM and SDH Transmission Systems in ISL, KTL, TWL and TKL","Shun Hing Systems Integration Co., Ltd.16/F Shun Hing Centre8 Shing Yiu StreetKwai Chung, New TerritoriesHong Kong",Not Applicable,"HK$1,104,638.89",31 Dec 2024,MTR_Tender_Dec24_table1.csv,2024,Dec24,https://www.mtr.com.hk/en/corporate/tenders/Dec24.html
Q105205,Selective,Provision of Comprehensive Cleaning Services for Administration Buildings,"Winson Cleaning Service Co LtdUnit 1926, 19/FGlobal PlazaNo. 1 Sha Tsui RoadTsuen Wan, New TerritoriesHong Kong",3 Years,"HK$39,930,180",9 Dec 2024,MTR_Tender_Dec24_table1.csv,2024,Dec24,https://www.mtr.com.hk/en/corporate/tenders/Dec24.html
Q106851,Selective,Provision of Hydraulic Test of Gas Cylinder in Fire Protection System at MTR Stations and Premises,"Merito Technical Services LtdRoom J, 3/FWang Yip Centre18 Wang Yip Street EastYuen Long, New TerritoriesHong Kong",Not Applicable,"HK$16,363,749.8",16 Dec 2024,MTR_Tender_Dec24_table1.csv,2024,Dec24,https://www.mtr.com.hk/en/corporate/tenders/Dec24.html
Q106905,Selective,Supply of Diesel Vans,"Hyundai Hong Kong Co LimitedUnit 14, 8/FNam Fung Commercial Centre19 Lam Lok StreetKowloon Bay, KowloonHong Kong",1 Job,"HK$3,360,358.4",16 Dec 2024,MTR_Tender_Dec24_table1.csv,2024,Dec24,https://www.mtr.com.hk/en/corporate/tenders/Dec24.html
Q108810,Selective,Provision of Digital Twins Technology for Integrated Wheelset Maintenance Center,"Anhui Yunyi Intelligent Technology Co., Ltd.Innovation Industrial Park Phase 3, B4-13High-tech Technology Development ZoneHefei City, Anhui ProvinceChina",1 Job,"HK$4,680,000",4 Dec 2024,MTR_Tender_Dec24_table1.csv,2024,Dec24,https://www.mtr.com.hk/en/corporate/tenders/Dec24.html
1257,Open,Lifts,"TK Elevator Hong Kong Limited31/FEnterprise Square Three39 Wang Chiu RoadKowloon Bay, KowloonHong Kong",Not Applicable,Not Disclosed,13 May 2024,MTR_Tender_May24_table1.csv,2024,May24,https://www.mtr.com.hk/en/corporate/tenders/May24.html
1259,Open,Main Control System,"Beijing HollySys Co., Ltd.No. 2 Disheng Middle RoadBeijing Economic & TechnologicalDevelopment AreaChina",Not Applicable,Not Disclosed,13 May 2024,MTR_Tender_May24_table1.csv,2024,May24,https://www.mtr.com.hk/en/corporate/tenders/May24.html
1260,Open,Communications System for New Extension Projects,"Siemens Mobility LimitedUnit 905-907, 9/F, Tower BManulife Financial Centre223-231 Wai Yip StreetKwun Tong, KowloonHong Kong",Not Applicable,Not Disclosed,10 May 2024,MTR_Tender_May24_table1.csv,2024,May24,https://www.mtr.com.hk/en/corporate/tenders/May24.html
1555,Open,"Power Supply System and Trackside Auxiliaries for TME, KTU(EAL) and HSK","KUM SHING – REC (1555) Joint VentureUG8, Newport Centre116 Ma Tau Kok RoadKowloonHong Kong",Not Applicable,Not Disclosed,10 May 2024,MTR_Tender_May24_table1.csv,2024,May24,https://www.mtr.com.hk/en/corporate/tenders/May24.html
1580,Selective,Advance Works for New Rolling Stock under Contract 1551,"CRRC Changchun Railway Vehicles Co., Ltd.2001 Changke RoadChangchun CityJilin ProvinceChina",Not Applicable,"HK$82,700,000",23 May 2024,MTR_Tender_May24_table1.csv,2024,May24,https://www.mtr.com.hk/en/corporate/tenders/May24.html
C5201-23E,Selective,Replacement of BTM & BCF Systems with New Gas Flooding System at MTR Stations and CWD,"Windmill Engineering Company LimitedUnit 1603, 16/F, Tower 1Enterprise Square9 Sheung Yuet RoadKowloon Bay, KowloonHong Kong",Not Applicable,"HK$37,119,682",2 May 2024,MTR_Tender_May24_table1.csv,2024,May24,https://www.mtr.com.hk/en/corporate/tenders/May24.html
M1271-23E,Selective,Maintenance Services for MTR Transmission Systems,"Shun Hing Systems Integration Company Limited16/F, Shun Hing Centre8 Shing Yiu StreetKwai Chung, New TerritoriesHong Kong",Not Applicable,"HK$7,460,000",31 May 2024,MTR_Tender_May24_table1.csv,2024,May24,https://www.mtr.com.hk/en/corporate/tenders/May24.html
M1293-24E,Selective,Maintenance Services for Passenger Information Display System in TML (TUM-ETS),"Roctec Technology LimitedRoom 1502-4, 15/FKodak House II321 Java RoadNorth PointHong Kong",Not Applicable,"HK$3,799,120",30 May 2024,MTR_Tender_May24_table1.csv,2024,May24,https://www.mtr.com.hk/en/corporate/tenders/May24.html
Q093279,Selective,Provision of Mobile Flash Butt Welding Machines in PHD and SHD,Geismar S.A.S168 BIS Avenue Charles de Gaulle92200 Neuilly-sur-SeineFrance,1 Job,"HK$31,052,437.66",23 May 2024,MTR_Tender_May24_table1.csv,2024,May24,https://www.mtr.com.hk/en/corporate/tenders/May24.html
Q100287,Selective,Provision of Automatic Coil Spring Handling System in Ho Tung Lau Depot Workshop,"Guangdong CAS DoFortune Laser Technology Co.,LtdBuilding 4, 25 Sanle East RoadBeijiao Town, Shunde DistrictFoshan CityGuangdong ProvinceChina",1 Job,"HK$4,693,800",29 May 2024,MTR_Tender_May24_table1.csv,2024,May24,https://www.mtr.com.hk/en/corporate/tenders/May24.html
Q102512,Selective,Group Medical Insurance for Employees and Eligible Dependants 2024-2026,AIA International Limited16/FKerry Centre683 King’s RoadQuarry BayHong Kong,2 Years,Not Disclosed,9 May 2024,MTR_Tender_May24_table1.csv,2024,May24,https://www.mtr.com.hk/en/corporate/tenders/May24.html
Q102773,Selective,"Provision of Engineering Services for Replacement of Coupler on K-Trains, C-Trains and CAF-Trains in KBD & SHD","Bright Sunlight LimitedNo. 05, 11/F, APEC Plaza49 Hoi Yuen RoadKwun Tong, KowloonHong Kong",1 Job,"HK$10,903,750",3 May 2024,MTR_Tender_May24_table1.csv,2024,May24,https://www.mtr.com.hk/en/corporate/tenders/May24.html
1258,Open,Escalators,"TK Elevator Hong Kong Limited31/F, Enterprise Square Three39 Wang Chiu RoadKowloon Bay, KowloonHong Kong",Not Applicable,"HK$188,030,000",15 Jan 2024,MTR_Tender_Jan24_table1.csv,2024,Jan24,https://www.mtr.com.hk/en/corporate/tenders/Jan24.html
1262,Open,Automatic Fare Collection System,"Shanghai Huaming Intelligent Terminal Equipment Co., Ltd.No. 895, Rongmei RoadSongjiang District, ShanghaiChina",Not Applicable,"HK$40,967,000",12 Jan 2024,MTR_Tender_Jan24_table1.csv,2024,Jan24,https://www.mtr.com.hk/en/corporate/tenders/Jan24.html
C3866-23E,Selective,Radio Distribution Network - Provision of Mobile Coverage in Siding for Digitalization,"Shun Hing Systems Integration Company Limited16/F, Shun Hing Centre2 Shing Yiu StreetKwai Chung, New TerritoriesHong Kong",Not Applicable,"HK$29,476,500",31 Jan 2024,MTR_Tender_Jan24_table1.csv,2024,Jan24,https://www.mtr.com.hk/en/corporate/tenders/Jan24.html
K8307-23C,Selective,Civil and E&M Works for Provision of Integrated Wheelset Maintenance Centre,"Unistress Building Construction Ltd.10/F, Sui Yat Industrial Building1 Yuk Yat StreetTo Kwa Wan, KowloonHong Kong",1 Job,"HK$75,945,280",25 Jan 2024,MTR_Tender_Jan24_table1.csv,2024,Jan24,https://www.mtr.com.hk/en/corporate/tenders/Jan24.html
Q091057,Selective,Toilet Renovation Works for Two International Finance Centre,"Jetline Construction Co., Limited1/F, Kiu Yin Commercial Building361-363 Lockhart RoadWanchaiHong Kong",1 Job,Not Disclosed,8 Jan 2024,MTR_Tender_Jan24_table1.csv,2024,Jan24,https://www.mtr.com.hk/en/corporate/tenders/Jan24.html
Q095846,Selective,Enhancement Work for SP-Train In-Saloon CCTV System,"Bright Sunlight LimitedNo. 05, 11/FAPEC PlazaNo. 49 Hoi Yuen RoadKwun Tong, KowloonHong Kong",1 Job,"HK$5,315,046",23 Jan 2024,MTR_Tender_Jan24_table1.csv,2024,Jan24,https://www.mtr.com.hk/en/corporate/tenders/Jan24.html
Q098479,Selective,Partial Replacement of 11kV Cables in Light Rail,"China Railway Electrification Group (Hong Kong) LimitedRoom D5-D6A, 15/FTML Tower3 Hoi Shing RoadTsuen Wan, New TerritoriesHong Kong",1 Job,"HK$7,996,000",22 Jan 2024,MTR_Tender_Jan24_table1.csv,2024,Jan24,https://www.mtr.com.hk/en/corporate/tenders/Jan24.html
Q099318,Selective,Supply of Equipment Termination Unit for CCTV System,"Charter Glory Corporation LimitedRoom 902, 9/FCentury Centre44 and 46 Hung To RoadKwun Tong, KowloonHong Kong",1 Job,"HK$4,240,992",22 Jan 2024,MTR_Tender_Jan24_table1.csv,2024,Jan24,https://www.mtr.com.hk/en/corporate/tenders/Jan24.html
Q099871,Selective,Supply of Installation Accessories for CCTV System,"Charter Glory Corporation LimitedRoom 902, 9/FCentury Centre44 and 46 Hung To RoadKwun Tong, KowloonHong Kong",1 Job,"HK$6,286,439",22 Jan 2024,MTR_Tender_Jan24_table1.csv,2024,Jan24,https://www.mtr.com.hk/en/corporate/tenders/Jan24.html
Q100303,Open,Provision of IT Workplace Support & Data Centre Management Services,"DXC Technology Enterprise Services (Hong Kong) Limited(Package 1 - IT Workplace Support)Suites 1905-13 and Part of Suite 1904, 19/FCityplaza One1111 King’s RoadTaikoo ShingHong Kong",1 Job,Not Disclosed,24 Jan 2024,MTR_Tender_Jan24_table1.csv,2024,Jan24,https://www.mtr.com.hk/en/corporate/tenders/Jan24.html
1551,Selective,Rolling Stock for TME and HSK Projects,"CRRC Changchun Railway Vehicles Co., Ltd.2001 Changke RoadChangchun CityChina",Not Applicable,"HK$1,681,087,441",17 Oct 2024,MTR_Tender_Oct24_table1.csv,2024,Oct24,https://www.mtr.com.hk/en/corporate/tenders/Oct24.html
1552,Limited*,Signalling System for TME and HSK,"Hitachi Rail GTS Hong Kong LimitedUnit 912, New Kowloon PlazaNo. 38 Tai Kok Tsui RoadKowloonHong Kong",Not Applicable,"HK$1,290,000,000",17 Oct 2024,MTR_Tender_Oct24_table1.csv,2024,Oct24,https://www.mtr.com.hk/en/corporate/tenders/Oct24.html
1702,Open,Siu Ho Wan Depot – Phase 1 and Associated Works,"Shinryo (Hong Kong) LimitedUnit 1103-05, 11/F, Port 3333 Tseuk Luk Street,San Po Kong, KowloonHong Kong",1 Job,"HK$1,432,592,097",9 Oct 2024,MTR_Tender_Oct24_table1.csv,2024,Oct24,https://www.mtr.com.hk/en/corporate/tenders/Oct24.html
1720,Open,Trackwork and Overhead Line for OYB & SHD Phase 1,"CRFG-EEB Joint VentureFlat 2309, 23/FGrandtech Centre8 On Ping StreetShatin, New TerritoriesHong Kong",Not Applicable,"HK$389,990,000",21 Oct 2024,MTR_Tender_Oct24_table1.csv,2024,Oct24,https://www.mtr.com.hk/en/corporate/tenders/Oct24.html
C8010-23E,Selective,Replacement of Fire Alarm Panels and Fire Services Field Devices at KBD and HTD,"Shinryo Technical Services LimitedUnit 1805, 18/FWang Lung Industrial BuildingNo.11 Lung Tak StreetTsuen Wan, New TerritoriesHong Kong",Not Applicable,"HK$32,129,800",8 Oct 2024,MTR_Tender_Oct24_table1.csv,2024,Oct24,https://www.mtr.com.hk/en/corporate/tenders/Oct24.html
M1280-24E,Selective,Maintenance Services for Fixed Communications System for HSR,"Siemens Mobility LimitedUnits 905 - 907, Tower BManulife Financial Center223 - 231 Wai Yip StreetKwun Tong, KowloonHong Kong",Not Applicable,"HK$29,261,007.87",23 Oct 2024,MTR_Tender_Oct24_table1.csv,2024,Oct24,https://www.mtr.com.hk/en/corporate/tenders/Oct24.html
Q099674,Selective,Enhancement of Earthing Connection for Signalling Equipment in Light Rail,"KML Engineering LimitedB12, G/FShatin Industrial CentreSiu Lek Yuen RoadShatin, New TerritoriesHong Kong",1 Job,"HK$6,980,000",9 Oct 2024,MTR_Tender_Oct24_table1.csv,2024,Oct24,https://www.mtr.com.hk/en/corporate/tenders/Oct24.html
Q104489,Selective,LT061 / LT081 Supply of Aerial Platform Wagon and High-Level Platform Wagon for TUE,"Tekway Engineering & Consulting Company LimitedUnit 7-8, 3/FMetro Centre II21 Lam Hing StreetKowloon Bay, KowloonHong Kong",1 Job,"HK$8,999,976.6",31 Oct 2024,MTR_Tender_Oct24_table1.csv,2024,Oct24,https://www.mtr.com.hk/en/corporate/tenders/Oct24.html
Q105242,Selective,Design and Production of Decoration for Hong Kong West Kowloon Station,"Multi-Mind Creative Workshop (HK) LimitedFlat 12, 5/FLaurels Industrial Center32 Tai Yau StreetSan Po Kong, KowloonHong Kong",3 Years,Not Disclosed,7 Oct 2024,MTR_Tender_Oct24_table1.csv,2024,Oct24,https://www.mtr.com.hk/en/corporate/tenders/Oct24.html
Q105645,Selective,KH347 Trial of Visualized Remote Earthing System in 25kV A.C. Railway Lines,"China Railway Electrification Group (Hong Kong) LimitedD5-D6A, 15/FTML Tower3 Hoi Shing RoadTsuen Wan, New TerritoriesHong Kong",1 Job,"HK$4,700,000",21 Oct 2024,MTR_Tender_Oct24_table1.csv,2024,Oct24,https://www.mtr.com.hk/en/corporate/tenders/Oct24.html
Q105888,Selective,Provision of Waste Recycling Management Service for Managed Properties,"Hop Shing Environmental Recycling LimitedDD 119432-482 & 2157 Kung Um Road Yuen Long, New TerritoriesHong Kong",3 Years,Not Disclosed,18 Oct 2024,MTR_Tender_Oct24_table1.csv,2024,Oct24,https://www.mtr.com.hk/en/corporate/tenders/Oct24.html
1261,Open,Radio System for New Extension Projects,"China Mobile Hong Kong Company LimitedL12, L19, L20, L21 and L22Tower 1, Kowloon Commercial Centre51 Kwai Cheong RoadKwai Chung, New TerritoriesHong Kong",Not Applicable,"HK$221,547,803",12 Jul 2024,MTR_Tender_Jul24_table1.csv,2024,Jul24,https://www.mtr.com.hk/en/corporate/tenders/Jul24.html
1263,Open,Security Access Management System (SAMS),"Shui On Building Contractors Limited34/F, Shui On Centre6-8 Harbour RoadWanchaiHong Kong",Not Applicable,"HK$150,534,432.14",12 Jul 2024,MTR_Tender_Jul24_table1.csv,2024,Jul24,https://www.mtr.com.hk/en/corporate/tenders/Jul24.html
C3089-24C,Selective,Provision of New Entrance with Escalator at Tai Wo Hau (TWH),"Sun Fook Kong (Civil) Limited7/FHigh Fashion Centre1-11 Kwai Hei StreetKwai Chung, New TerritoriesHong Kong",Not Applicable,"HK$47,000,000",29 Jul 2024,MTR_Tender_Jul24_table1.csv,2024,Jul24,https://www.mtr.com.hk/en/corporate/tenders/Jul24.html
M1285-24E,Selective,Maintenance Services for Overhead Line System and Traction Power Supply Systems for HSR,"China Railway Electrification Engineering Group Co., Ltd.Unit C1-C5, 29/FTML Tower3 Hoi Shing RoadTsuen Wan, New TerritoriesHong Kong",Not Applicable,"HK$65,880,000",17 Jul 2024,MTR_Tender_Jul24_table1.csv,2024,Jul24,https://www.mtr.com.hk/en/corporate/tenders/Jul24.html
M1294-24C,Selective,Maintenance Services for Trackwork System of HSR,"China Railway First Group Co., Ltd.Flat GNo. 26, Tsat Sing KongYuen Long, New TerritoriesHong Kong",Not Applicable,"HK$136,880,000",18 Jul 2024,MTR_Tender_Jul24_table1.csv,2024,Jul24,https://www.mtr.com.hk/en/corporate/tenders/Jul24.html
Q097488,Selective,Conversion of Manual Point Machines to Hybrid Point Machines at Siu Ho Wan Depot,"KML Engineering LimitedB12, G/FShatin Industrial CentreSiu Lek Yuen RoadShatin, New TerritoriesHong Kong",1 Job,"HK$9,980,000",4 Jul 2024,MTR_Tender_Jul24_table1.csv,2024,Jul24,https://www.mtr.com.hk/en/corporate/tenders/Jul24.html
Q100033,Selective,"Maintenance Services for TML and EAL Telecom System – Transmission System, Voice Recording System and Direct Line Touch Screen Console System","Shun Hing Systems Integration Company Limited16/F, Shun Hing Centre2 Shing Yiu StreetKwai Chung, New TerritoriesHong Kong",1 Job,"HK$4,866,000",19 Jul 2024,MTR_Tender_Jul24_table1.csv,2024,Jul24,https://www.mtr.com.hk/en/corporate/tenders/Jul24.html
Q104494,Selective,Provision of Term Security and Customer Service Personnel for Two International Finance Centre,"Megastrength Security Services Co. Ltd.18/F, 78 Hung To RoadKwun Tong, KowloonHong Kong",1 Year,Not Disclosed,11 Jul 2024,MTR_Tender_Jul24_table1.csv,2024,Jul24,https://www.mtr.com.hk/en/corporate/tenders/Jul24.html
Q104914,Selective,Maintenance Service for Hybrid Rail Cloud Platform for MTR Operations Engineering Data Studio (OEDS),"Icon Business Systems LimitedRoom 1003-11, 10/FTins Enterprises Centre777 Lai Chi Kok RoadCheung Sha Wan, KowloonHong Kong",1 Job,"HK$2,639,400",28 Jul 2024,MTR_Tender_Jul24_table1.csv,2024,Jul24,https://www.mtr.com.hk/en/corporate/tenders/Jul24.html
Q105673,Selective,Supply of Smart Safe,"Hightech Company LimitedRoom S, 8/F, Block 3Kwun Tong Industrial Centre448-458 Kwun Tong RoadKwun Tong, KowloonHong Kong",1 Job,"HK$8,888,800",22 Jul 2024,MTR_Tender_Jul24_table1.csv,2024,Jul24,https://www.mtr.com.hk/en/corporate/tenders/Jul24.html
Q105955,Selective,Provision of Insurance Broking and Consultancy Services for Managed and Investment Properties,"Marsh (Hong Kong) LimitedSuite 3402-3406, 34/FOne Taikoo Place979 King’s RoadQuarry BayHong Kong",42 Months,Not Disclosed,17 Jul 2024,MTR_Tender_Jul24_table1.csv,2024,Jul24,https://www.mtr.com.hk/en/corporate/tenders/Jul24.html
Q106792,Selective,"Provision of Engineering Service for Deep Cleaning of Exterior Window Glass and Application of Photocatalytic Oxidation Coating on Interior Fittings for MTR Passenger Trains, Light Rail Vehicles and Buses","Waihong Environmental Services LimitedUnit 813, 8/FChevalier Commercial Centre8 Wang Hoi RoadKowloon Bay, KowloonHong Kong",1 Job,"HK$6,040,980",26 Jul 2024,MTR_Tender_Jul24_table1.csv,2024,Jul24,https://www.mtr.com.hk/en/corporate/tenders/Jul24.html
M1291-24C,Open,Maintenance Services for Landscaping for High Speed Rail,"C. K. Garden Company LtdB22, 6/F, Block BCambridge Plaza188 San Wan RoadSheung Shui, New TerritoriesHong Kong",1 Job,"HK$6,898,900",9 Sep 2024,MTR_Tender_Sep24_table1.csv,2024,Sep24,https://www.mtr.com.hk/en/corporate/tenders/Sep24.html
M1292-24,Open,Cleaning Services for High Speed Rail - Package 1 and 2,"Waihong Environmental Services LtdUnit 813, 8/FChevalier Commercial Centre8 Wang Hoi RoadKowloon Bay, KowloonHong Kong",1 Job,"HK$166,703,184",19 Sep 2024,MTR_Tender_Sep24_table1.csv,2024,Sep24,https://www.mtr.com.hk/en/corporate/tenders/Sep24.html
Q098412,Selective,"Digital Map of CWD, TKD and TAD","Roctec Technology Ltd.Room 1502-1504, 15/FKodak House II321 Java Road, North PointHong Kong",1 Job,"HK$12,380,000",12 Sep 2024,MTR_Tender_Sep24_table1.csv,2024,Sep24,https://www.mtr.com.hk/en/corporate/tenders/Sep24.html
Q101282,Selective,Provision of LR Next Train Information Display Panels on All LR Service Platforms,"Roctec Technology Ltd.Room 1502-1504, 15/FKodak House II321 Java Road, North PointHong Kong",1 Job,"HK$8,680,000",13 Sep 2024,MTR_Tender_Sep24_table1.csv,2024,Sep24,https://www.mtr.com.hk/en/corporate/tenders/Sep24.html
Q103544,Selective,LS052 Provision of Rail-Road Excavators with Maintenance Service for OYB Interfacing Works,Colmar Technik S.p.A.Viale Regina Margherita 3945100 - RovigoItaly,1 Job,"HK$9,482,423",12 Sep 2024,MTR_Tender_Sep24_table1.csv,2024,Sep24,https://www.mtr.com.hk/en/corporate/tenders/Sep24.html
1253,Open,Trackside Auxiliaries and Tunnel Environmental Control System,"Gammon E&M Limited22/F, Tower 1 & 2The Quayside77 Hoi Bun RoadKwun Tong, KowloonHong Kong",Not Applicable,"HK$341,800,000",26 Feb 2024,MTR_Tender_Feb24_table1.csv,2024,Feb24,https://www.mtr.com.hk/en/corporate/tenders/Feb24.html
C5771-23E,Selective,Replacement of Escalators in WTS,"TK Elevator Hong Kong Limited31/F Enterprise Square ThreeNo. 39 Wang Chiu RoadKowloon Bay, KowloonHong Kong",Not Applicable,"HK$51,836,000",7 Feb 2024,MTR_Tender_Feb24_table1.csv,2024,Feb24,https://www.mtr.com.hk/en/corporate/tenders/Feb24.html
Q099250,Selective,Replacement of Nabco Type PSD Power Supply System in TML and TKL,"Wintech Telecommunication Services LimitedUnit H, 3/FEverest Industrial Centre396 Kwun Tong RoadKwun Tong, KowloonHong Kong",1 Job,"HK$24,774,500",1 Feb 2024,MTR_Tender_Feb24_table1.csv,2024,Feb24,https://www.mtr.com.hk/en/corporate/tenders/Feb24.html
Q099556,Open,"Supply of Leather Uniform Shoes for Operating, Administration, Corporate Security and High Speed Rail","Dr Kong Footcare LimitedRoom 14C, 14/FVigor Industrial Building, Block 149-53 Ta Chuen Ping StreetKwai Chung, New TerritoriesHong Kong",9 Items,"HK$3,866,698",15 Feb 2024,MTR_Tender_Feb24_table1.csv,2024,Feb24,https://www.mtr.com.hk/en/corporate/tenders/Feb24.html
Q099819,Selective,Provision of Global Freight Forwarding Services,"Kintetsu World Express (HK) LimitedGridlines 13014W-13017W, 13/FATL Logistics Centre B, Berth 3Kwai Chung Container TerminalKwai Chung, New TerritoriesHong Kong",1 Job,Not Disclosed,2 Feb 2024,MTR_Tender_Feb24_table1.csv,2024,Feb24,https://www.mtr.com.hk/en/corporate/tenders/Feb24.html
Q102131,Open,Provision of Office Relocation Services and Document Storage Services,"Prudential International Moving LimitedFlat 12, 9/F, Block BNew Trade Plaza6 On Ping StreetShatin, New TerritoriesHong Kong",1 Job,"HK$1,188,336",5 Feb 2024,MTR_Tender_Feb24_table1.csv,2024,Feb24,https://www.mtr.com.hk/en/corporate/tenders/Feb24.html
A310-23E,Selective,Holistic Review of Light Rail Signalling System,"WSP (Asia) Limited7/F, One Kowloon1 Wang Yuen StreetKowloon Bay, KowloonHong Kong",Not Applicable,"HK$3,880,000",29 Apr 2024,MTR_Tender_Apr24_table1.csv,2024,Apr24,https://www.mtr.com.hk/en/corporate/tenders/Apr24.html
Q096379,Selective,Supply of Engineering Wagons for Trackside Maintenance,"CRM (Hong Kong) Trading LimitedRoom 601-02, 6/FNew East Ocean Centre9 Science Museum Road Tsimshatsui, KowloonHong Kong",1 Job,"HK$13,500,000",3 Apr 2024,MTR_Tender_Apr24_table1.csv,2024,Apr24,https://www.mtr.com.hk/en/corporate/tenders/Apr24.html
Q103386,Selective,Provision of Event Management and Production Services for MTR’s Mega Events,"Serious Staging Limited8/F, Bangkok Bank Buildling18 Bonham Strand WestSheung WanHong Kong",1 Job,Not Disclosed,16 Apr 2024,MTR_Tender_Apr24_table1.csv,2024,Apr24,https://www.mtr.com.hk/en/corporate/tenders/Apr24.html
Q104555,Selective,Provision of Consultancy Service for Talent Assessment and Development (Junior Managerial Level) in 2024-26,"SHL Hong Kong Limited16/F, Lee Garden Six111 Leighton RoadCauseway BayHong Kong",2 Years,Not Disclosed,12 Apr 2024,MTR_Tender_Apr24_table1.csv,2024,Apr24,https://www.mtr.com.hk/en/corporate/tenders/Apr24.html
C5947-24E,Selective,Asset Replacement and Corrective Maintenance Services of Packaged Air Conditioners in MTR Premises,"China Railway Electrification Group (Hong Kong) LimitedUnit A6, 33/FTML Tower3 Hoi Shing RoadTsuen Wan, New TerritoriesHong Kong",Not Applicable,"HK$191,040,000",1 Apr 2025,MTR_Tender_Apr25_table1.csv,2025,Apr25,https://www.mtr.com.hk/en/corporate/tenders/Apr25.html
KH240-24E,Selective,Provision of 25kV Switchgears at MKW and SHK Feeder Stations for HSR,"China Railway Electrification Group (Hong Kong) LimitedUnit A6, 33/FTML Tower3 Hoi Shing RoadTsuen Wan, New TerritoriesHong Kong",Not Applicable,"HK$16,611,088",14 Apr 2025,MTR_Tender_Apr25_table1.csv,2025,Apr25,https://www.mtr.com.hk/en/corporate/tenders/Apr25.html
M1310-24E,Selective,Maintenance Services for BS Equipment in DRL,"China Railway Electrification Group (Hong Kong) LimitedUnit A6, 33/FTML Tower3 Hoi Shing RoadTsuen Wan, New TerritoriesHong Kong",Not Applicable,"HK$5,978,570",1 Apr 2025,MTR_Tender_Apr25_table1.csv,2025,Apr25,https://www.mtr.com.hk/en/corporate/tenders/Apr25.html
Q107242,Selective,Provision of Technical Personnel for Power Distribution Discipline for AT&D Engineering Works,"CLPe Solutions Limited36/F, Asia Trade Centre79 Lei Muk RoadKwai Chung, New TerritoriesHong Kong",1 Job,"HK$1,664,000",29 Apr 2025,MTR_Tender_Apr25_table1.csv,2025,Apr25,https://www.mtr.com.hk/en/corporate/tenders/Apr25.html
Q108206,Selective,Term Contract for Supply and Installation of Floor Mats for Managed and Investment Properties,"Arte Espina (HK) Co., LtdUnit K, 17/FShield Industrial Centre84-92 Chai Wan Kok StreetTsuen Wan, New TerritoriesHong Kong",3 Years,Not Disclosed,16 Apr 2025,MTR_Tender_Apr25_table1.csv,2025,Apr25,https://www.mtr.com.hk/en/corporate/tenders/Apr25.html
Q108291,Selective,Term Contract for Supply of Staff Uniform for Managed and Investment Properties,"Baron Kay’s Tailor1/F, 43 Mody RoadTsim Sha Tsui, KowloonHong Kong",3 Years,Not Disclosed,30 Apr 2025,MTR_Tender_Apr25_table1.csv,2025,Apr25,https://www.mtr.com.hk/en/corporate/tenders/Apr25.html
Q109090,Selective,Provision of Repeating Automatic Train Supervision (ATS) Image to EAL Platform Supervision Booths (PSBs),Roctec Technology LimitedRoom 1502-1504Kodak House II321 Java RoadNorth PointHong Kong,1 Job,"HK$870,000",29 Apr 2025,MTR_Tender_Apr25_table1.csv,2025,Apr25,https://www.mtr.com.hk/en/corporate/tenders/Apr25.html
Q109503,Selective,Provision of Technical Service for Signalling Improvement Works,"Pilot Solutions Asia LimitedUnit 7, 8/FNan Fung Commercial Centre19 Lam Lok StreetKowloon Bay, KowloonHong Kong",1 Job,"HK$7,287,000",3 Apr 2025,MTR_Tender_Apr25_table1.csv,2025,Apr25,https://www.mtr.com.hk/en/corporate/tenders/Apr25.html
T0976-24E,Selective,Term Labour Contract for Planned Maintenance Services of Packaged A/C in MTR Premises,"China Railway Electrification Group (Hong Kong) LimitedUnit A6, 33/FTML Tower3 Hoi Shing RoadTsuen Wan, New TerritoriesHong Kong",Not Applicable,"HK$13,590,000",1 Apr 2025,MTR_Tender_Apr25_table1.csv,2025,Apr25,https://www.mtr.com.hk/en/corporate/tenders/Apr25.html
T0978-24E,Selective,Provision of Temporary Site Supervisors for MTR Work Sites,"EnGenius Personnel Consultancy LimitedG/F., 28 Tsun Fat StreetKowloonHong Kong",Not Applicable,Not Applicable,28 Apr 2025,MTR_Tender_Apr25_table1.csv,2025,Apr25,https://www.mtr.com.hk/en/corporate/tenders/Apr25.html
T0979-24C,Selective,Provision of Term Worker for Infrastructure Maintenance Department (Package A & Package C),"Hop Yuen Construction Co2/F, Hop Yuen Centre171 Queen's RoadCentralHong Kong",Not Applicable,Not Applicable,25 Apr 2025,MTR_Tender_Apr25_table1.csv,2025,Apr25,https://www.mtr.com.hk/en/corporate/tenders/Apr25.html
C9944-25E,Selective,Cabling and Installation of Indoor and Trackside Equipment for New Signalling System in DRL,"CLPe Solutions Limited36/F, Asia Trade Centre79 Lei Muk RoadKwai Chung, New TerritoriesHong Kong",Not Applicable,"HK$28,363,059.72",20 Oct 2025,MTR_Tender_Oct25_table1.csv,2025,Oct25,https://www.mtr.com.hk/en/corporate/tenders/Oct25.html
K6096.A-24E,Selective,"New Digital Advertising Products in TCL, AEL, EAL and TML","CLPe Solutions Limited36/F, Asia Trade Centre79 Lei Muk RoadKwai Chung, New TerritoriesHong Kong",Not Applicable,"HK$28,112,432",9 Oct 2025,MTR_Tender_Oct25_table1.csv,2025,Oct25,https://www.mtr.com.hk/en/corporate/tenders/Oct25.html
Q108338(2A & 2B),Selective,Provision of Term Security Personnel for ELEMENTS,"Megastrength Security Services Co. Ltd.18/F78 Hung To RoadKwun Tong, KowloonHong Kong",3 Years,Not Disclosed,22 Oct 2025,MTR_Tender_Oct25_table1.csv,2025,Oct25,https://www.mtr.com.hk/en/corporate/tenders/Oct25.html
Q110398,Selective,Green Solar PV System Installation at MTR Railway Premises for Contractor Investment Model,China State Mechanical & Electrical Engineering Limited29/FChina Overseas Building139 Hennessy RoadWan ChaiHong Kong,1 Job,Not Applicable,15 Oct 2025,MTR_Tender_Oct25_table1.csv,2025,Oct25,https://www.mtr.com.hk/en/corporate/tenders/Oct25.html
Q110610,Selective,C6100 Installation of Radio Monitoring Facilities in SIL,"GNS Technology LimitedUnit 707, 7/F, Block AKai Fuk Industrial CentreKowloon Bay, KowloonHong Kong",1 Job,"HK$4,588,600",24 Oct 2025,MTR_Tender_Oct25_table1.csv,2025,Oct25,https://www.mtr.com.hk/en/corporate/tenders/Oct25.html
Q110693,Selective,Maintenance Services for Power-Operated Elevating Work Platforms and Suspended Working Platforms at MTR Stations and Premises,"Proficiency Industrial Products LtdFlat F-43, 21/F, Block FWah Lok Industrial Centre31-35 Shan Mei StreetShatin, New TerritoriesHong Kong",1 Job,"HK$5,543,400",14 Oct 2025,MTR_Tender_Oct25_table1.csv,2025,Oct25,https://www.mtr.com.hk/en/corporate/tenders/Oct25.html
Q113350,Open,Supply of Electric Vans,"Ample Forwarding LimitedG/F, Leitzind Building55-57 Wang Lung StreetTsuen Wan, New TerritoriesHong Kong",8 Years,"HK$2,852,232",31 Oct 2025,MTR_Tender_Oct25_table1.csv,2025,Oct25,https://www.mtr.com.hk/en/corporate/tenders/Oct25.html
Q113528,Selective,Maintenance Services for Low Voltage Switch Board at MTR Stations and Premises along EAL and TML,"Wintax Engineering International LimitedUnit 11 on 18/F of Block CWah Tat Industrial CentreNo. 8 Wah Sing SreetKwai Chung, New TerritoriesHong Kong",1 Job,"HK$5,607,930",21 Oct 2025,MTR_Tender_Oct25_table1.csv,2025,Oct25,https://www.mtr.com.hk/en/corporate/tenders/Oct25.html
Q113859,Selective,Provision of Train Data Transfer Units for Wireless Data Transmission and Monitoring Platform in EAL R-train,Roctec Technology LimitedRoom 1502-1504Kodak House II321 Java RoadNorth PointHong Kong,1 Job,"HK$3,978,000",21 Oct 2025,MTR_Tender_Oct25_table1.csv,2025,Oct25,https://www.mtr.com.hk/en/corporate/tenders/Oct25.html
C8857-23E,Selective,Asset Replacement of TETRA Radio System in AEL and TCL by a Hybrid Radio System,"China Mobile Hong Kong Company LimitedL20, Tower 1Kowloon Commerce Centre51 Kwai Cheong RoadKwai Chung, New TerritoriesHong Kong",Not Applicable,"HK$46,723,146",24 Feb 2025,MTR_Tender_Feb25_table1.csv,2025,Feb25,https://www.mtr.com.hk/en/corporate/tenders/Feb25.html
C8969.A-23C,Selective,Building Safety Inspection to Operating Railway (Year 2024),ISPL Consulting LimitedUnit 3303Citicorp Centre18 Whitfield RoadCauseway BayHong Kong,Not Applicable,"HK$3,427,400",27 Feb 2025,MTR_Tender_Feb25_table1.csv,2025,Feb25,https://www.mtr.com.hk/en/corporate/tenders/Feb25.html
Q104119,Selective,C9063.02 - Refurbishment of Oil Leakage Service Transformers in AT&D (Phase 2),"Key Direction Limited21/F, ADP Pentagon Centre98 Texaco RoadTsuen Wan, New TerritoriesHong Kong",1 Job,"HK$9,630,000",10 Feb 2025,MTR_Tender_Feb25_table1.csv,2025,Feb25,https://www.mtr.com.hk/en/corporate/tenders/Feb25.html
Q107241,Selective,Replacement of CCTV System (Software and Interface Works),"GTECH Services (Hong Kong) LimitedRoom 2403-08, 24/FC C Wu Building302-308 Hennessy RoadWan ChaiHong Kong",1 Job,"HK$7,963,655",3 Feb 2025,MTR_Tender_Feb25_table1.csv,2025,Feb25,https://www.mtr.com.hk/en/corporate/tenders/Feb25.html
Q107403,Selective,Management Services for Staff Clubhouses,"Spotlight Enterprises Limited6/F, Lead On Industrial Building18 Ng Fong StreetSan Po Kong, KowloonHong Kong",3 Years,"HK$58,891,861.8",20 Feb 2025,MTR_Tender_Feb25_table1.csv,2025,Feb25,https://www.mtr.com.hk/en/corporate/tenders/Feb25.html
Q110162,Selective,Provision of Consultancy Service for Talent Assessment for Managers with Potential for Executive Manager Level,"Korn Ferry (HK) Limited15/F, St. George's Building2 Ice House StreetCentralHong Kong",1 Job,Not Disclosed,6 Feb 2025,MTR_Tender_Feb25_table1.csv,2025,Feb25,https://www.mtr.com.hk/en/corporate/tenders/Feb25.html
1637,Selective,NOL Works Package 2,"Gammon Construction Limited22/F, Tower 1The Quayside77 Hoi Bun RoadKwun Tong, KowloonHong Kong",Not Applicable,"HK$307,981,200",8 Sep 2025,MTR_Tender_Sep25_table1.csv,2025,Sep25,https://www.mtr.com.hk/en/corporate/tenders/Sep25.html
Q108967,Selective,Provision of Maintenance Services for In-Train TV System,"Roctec Technology LimitedRoom 1502-1504, 15/FKodak House II321 Java RoadNorth PointHong Kong",1 Job,"HK$6,440,278",29 Sep 2025,MTR_Tender_Sep25_table1.csv,2025,Sep25,https://www.mtr.com.hk/en/corporate/tenders/Sep25.html
Q109382,Selective,Term Contract for Provision of Advertising Agency Services for Branding and Marketing Communications,"The Bees Holdings Limited16/FWharf T&T Centre Harbour City7 Canton RoadTsim Sha Tsui, KowloonHong Kong",2 Years,Not Disclosed,23 Sep 2025,MTR_Tender_Sep25_table1.csv,2025,Sep25,https://www.mtr.com.hk/en/corporate/tenders/Sep25.html
Q110207,Selective,C9101 Cyber Security Enhancement for Next Generation Data Network (AT&D),"Roctec Technology LimitedRoom 1502-1504, 15/FKodak House II321 Java RoadNorth PointHong Kong",1 Job,"HK$3,880,000",16 Sep 2025,MTR_Tender_Sep25_table1.csv,2025,Sep25,https://www.mtr.com.hk/en/corporate/tenders/Sep25.html
Q111059,Selective,Provision of Passive Radiative Cooling Coating in Chiller Plant System at The Wai,"Enerright Intelligent LimitedWorkshop No.2, 9/FKwai Cheong Centre50 Kwai Cheong RoadKwai Chung, New TerritoriesHong Kong",1 Year,"HK$346,200",23 Sep 2025,MTR_Tender_Sep25_table1.csv,2025,Sep25,https://www.mtr.com.hk/en/corporate/tenders/Sep25.html
Q112287,Open,Maintenance Services for Low Voltage Switch Board at MTR Stations and Premises along TML and LRL,"Lap Ming Engineering Company LimitedUnit 07, 23/FFook Yip Building53-57 Kwai Fung CrescentKwai Chung, New TerritoriesHong Kong",1 Job,"HK$6,480,985",15 Sep 2025,MTR_Tender_Sep25_table1.csv,2025,Sep25,https://www.mtr.com.hk/en/corporate/tenders/Sep25.html
Q112601,Selective,C2842 - Office CSC Processor Terminal (OCPT) Application Revamp,"OmniWe LimitedFlat/Room 3312, 33/FCable TV Tower9 Hoi Shing RoadTsuen Wan, New TerritoriesHong Kong",1 Job,"HK$4,388,000",16 Sep 2025,MTR_Tender_Sep25_table1.csv,2025,Sep25,https://www.mtr.com.hk/en/corporate/tenders/Sep25.html
Q113104,Selective,Provision of Preparation Works for Certificate of Roadworthiness (COR) Examination of MTR Buses,"Wah Kee Auto Body Works Co Ltd.Room 803, 8/FKin Wing Industrial Building33 Kin Wing StreetTuen Mun, New TerritoriesHong Kong",1 Job,"HK$11,906,720",30 Sep 2025,MTR_Tender_Sep25_table1.csv,2025,Sep25,https://www.mtr.com.hk/en/corporate/tenders/Sep25.html
Q113150,Selective,Provision of AI Voicebot System for MTR Station Phone Enquiry,"Roctec Technology LimitedRoom 1502-1504, 15/FKodak House II321 Java RoadNorth PointHong Kong",1 Job,"HK$5,430,000",1 Sep 2025,MTR_Tender_Sep25_table1.csv,2025,Sep25,https://www.mtr.com.hk/en/corporate/tenders/Sep25.html
Q113769,Selective,"Provision of Maintenance Services for Working Platforms at Investment Properties(Item No. 41, 42, 45 and 46)","AP Rentals LimitedUnit 806A, 8/F, Tower 2South Seas Centre75 Mody RoadTsim Sha Tsui East, KowloonHong Kong",Not Applicable,Not Disclosed,22 Sep 2025,MTR_Tender_Sep25_table1.csv,2025,Sep25,https://www.mtr.com.hk/en/corporate/tenders/Sep25.html
1801,Open,Hung Shui Kiu Station,"Gammon Construction Limited22/F, Tower 1 and 2The Quayside77 Hoi Bun RoadKwun Tong, KowloonHong Kong",Not Applicable,Not Disclosed,11 Mar 2025,MTR_Tender_Mar25_table1.csv,2025,Mar25,https://www.mtr.com.hk/en/corporate/tenders/Mar25.html
A329-24E,Selective,Cybersecurity Assessment for DRL Signalling Replacement Works,"Ricardo Hong Kong LimitedRoom 12101, 12/FYF Life Tower33 Lockhart RoadWan ChaiHong Kong",Not Applicable,"HK$1,976,800",11 Mar 2025,MTR_Tender_Mar25_table1.csv,2025,Mar25,https://www.mtr.com.hk/en/corporate/tenders/Mar25.html
LT019.01-24E,Selective,"Expansion of OpCP for TUE(OI), SHD(OI), TME(OI), KTU(EAL)(OI)","PCCW Technical Services LimitedLevel 1, The Long Beach Commercial Podium8 Hoi Fai RoadKowloonHong Kong",Not Applicable,"HK$32,132,261.84",26 Mar 2025,MTR_Tender_Mar25_table1.csv,2025,Mar25,https://www.mtr.com.hk/en/corporate/tenders/Mar25.html
M1295-24E,Selective,Maintenance Services for Transmission Network in EAL,"Shun Hing Systems Integration Co., Ltd12 & 16/FShun Hing Centre2 Shing Yiu StreetKwai Chung, New TerritoriesHong Kong",Not Applicable,"HK$2,850,000",26 Mar 2025,MTR_Tender_Mar25_table1.csv,2025,Mar25,https://www.mtr.com.hk/en/corporate/tenders/Mar25.html
M1299-24E,Selective,Maintenance Services for Mobile Telephone Communication System in SIL(E),"Comba Telecom LimitedFlat 606-7Building 5WHong Kong Science ParkPak Shek Kok, New TerritoriesHong Kong",Not Applicable,"HK$2,316,180",13 Mar 2025,MTR_Tender_Mar25_table1.csv,2025,Mar25,https://www.mtr.com.hk/en/corporate/tenders/Mar25.html
Q103949,Selective,Provision of Maintenance Services for MVAC Systems at Investment Properties,"The Jardine Engineering Corporation, Limited5/F, Tower AManulife Financial Centre223-231 Wai Yip StreetKwun Tong, KowloonHong Kong",3 Years,"HK$91,181,024",24 Mar 2025,MTR_Tender_Mar25_table1.csv,2025,Mar25,https://www.mtr.com.hk/en/corporate/tenders/Mar25.html
Q105852,Selective,Security Access Management System Backup Batteries Replacement Works,"Comba Telecom LimitedFlat/Room 606-7Building 5WHong Kong Science ParkTai Po, New TerritoriesHong Kong",1 Job,"HK$3,021,354",19 Mar 2025,MTR_Tender_Mar25_table1.csv,2025,Mar25,https://www.mtr.com.hk/en/corporate/tenders/Mar25.html
Q106591,Selective,Provision of Transportation Services for AFC Equipment between Pat Heung Depot and MTR Stations,"Oscar Logistics LimitedFlat/Room 14, 6/FKin Fat Industrial Centre13 Kin Fat StreetTuen Mun, New TerritoriesHong Kong",1 Job,"HK$4,111,680",31 Mar 2025,MTR_Tender_Mar25_table1.csv,2025,Mar25,https://www.mtr.com.hk/en/corporate/tenders/Mar25.html
Q110505,Selective,Provision of Maintenance Services for Automatic Door Systems at Investment Properties,"dormakaba Hong Kong LimitedRoom 701, 7/FTechnology Plaza651 King's RoadNorth PointHong Kong",3 Years,Not Disclosed,12 Mar 2025,MTR_Tender_Mar25_table1.csv,2025,Mar25,https://www.mtr.com.hk/en/corporate/tenders/Mar25.html
K2297.C-25C,Selective,Replacement of Platform Awnings at EAL Stations (Stage 3),Mepork Engineering Services Limited19/FChina Overseas Building139 Hennessy RoadWanchaiHong Kong,Not Applicable,"HK$51,600,000",7 Nov 2025,MTR_Tender_Nov25_table1.csv,2025,Nov25,https://www.mtr.com.hk/en/corporate/tenders/Nov25.html
M1303-24C,Selective,"Maintenance Services for Advertising Panels, Signages and Logos","GTECH Services (Hong Kong) LimitedRoom 2403-08, 24/FC C Wu Building302-308 Hennessy RoadWanchaiHong Kong",Not Applicable,"HK$18,641,000",25 Nov 2025,MTR_Tender_Nov25_table1.csv,2025,Nov25,https://www.mtr.com.hk/en/corporate/tenders/Nov25.html
Q109494,Selective,Partial Replacement of Corporate Data Network (CDN) Media Converter in DUAT,Roctec Technology LimitedRoom 1502-1504Kodak House II321 Java RoadNorth PointHong Kong,1 Job,"HK$4,680,000",25 Nov 2025,MTR_Tender_Nov25_table1.csv,2025,Nov25,https://www.mtr.com.hk/en/corporate/tenders/Nov25.html
Q111618-1,Selective,Provision of Cleaning Services for ELEMENTS,"Nixon Cleaning Company Limited5/F, Hong Kong Plaza188 Connaught Road WestHong Kong",3 Years,Not Disclosed,7 Nov 2025,MTR_Tender_Nov25_table1.csv,2025,Nov25,https://www.mtr.com.hk/en/corporate/tenders/Nov25.html
Q111728,Selective,Provision of Site Supervisor and Technical Personnel for MTR Escalator Replacement/ Refurbishment and Operation Support,"C & S Smartsafe LimitedFlat B, 4/FKam Bun Industrial Building13-19 Kwai Wing RoadKwai Chung, New TerritoriesHong Kong",1 Year,"HK$8,504,000",21 Nov 2025,MTR_Tender_Nov25_table1.csv,2025,Nov25,https://www.mtr.com.hk/en/corporate/tenders/Nov25.html
Q112417,Selective,Maintenance Services for Fallen Object Detection System in East Rail Line,"Hong Kong Standard Automation LimitedRoom 03, 25/FOne Midtown11 Hoi Shing RoadTsuen Wan, New TerritoriesHong Kong",1 Job,"HK$3,291,000",5 Nov 2025,MTR_Tender_Nov25_table1.csv,2025,Nov25,https://www.mtr.com.hk/en/corporate/tenders/Nov25.html
Q113637,Selective,Property All Risks Insurance for Managed and Investment Properties (2026-2027),"Hong Leong Insurance (Asia) LimitedRoom 807-10, 8/FIsland Place Tower510 King's RoadNorth PointHong Kong",2 Years,Not Disclosed,3 Nov 2025,MTR_Tender_Nov25_table1.csv,2025,Nov25,https://www.mtr.com.hk/en/corporate/tenders/Nov25.html
1635,Selective,NOL Works Package 1,"China Road and Bridge Corporation38/F, Dorset HouseTaikoo Place979 King's RoadQuarry BayHong Kong",Not Applicable,Not Disclosed,11 Jun 2025,MTR_Tender_Jun25_table1.csv,2025,Jun25,https://www.mtr.com.hk/en/corporate/tenders/Jun25.html
K2324-23E,Selective,Replacement of Network Time Synchronization System in KTB & PHD,"Shun Hing Systems Integration Company Limited16/F Shun Hing Centre2 Shing Yiu StreetKwai Chung, New TerritoriesHong Kong",Not Applicable,"HK$3,477,000",24 Jun 2025,MTR_Tender_Jun25_table1.csv,2025,Jun25,https://www.mtr.com.hk/en/corporate/tenders/Jun25.html
K3176-24E,Selective,Replacement of 25kV Switchgears for TPK Track Section Cabin,"CLPe Solutions Limited36/F, Asia Trade Centre79 Lei Muk RoadKwai Chung, New TerritoriesHong Kong",Not Applicable,"HK$36,641,600",18 Jun 2025,MTR_Tender_Jun25_table1.csv,2025,Jun25,https://www.mtr.com.hk/en/corporate/tenders/Jun25.html
M1234-20E,Selective,Maintenance Services for SCADA System at LRL,"Siemens Mobility LimitedUnits 905-907, 9/F, Tower BManulife Financial Centre223-231 Wai Yip StreetKwun Tong, KowloonHong Kong",Not Applicable,"HK$1,763,088",17 Jun 2025,MTR_Tender_Jun25_table1.csv,2025,Jun25,https://www.mtr.com.hk/en/corporate/tenders/Jun25.html
M1257-21E,Selective,Maintenance Services for Operations Cloud Platform for MTR Network - Phase 1,"PCCW Technical Services LimitedLevel 1The Long Beach Commercial Podium8 Hoi Fai RoadTai Kok Tsui, KowloonHong Kong",Not Applicable,"HK$19,634,809.04",26 Jun 2025,MTR_Tender_Jun25_table1.csv,2025,Jun25,https://www.mtr.com.hk/en/corporate/tenders/Jun25.html
M1265-24E,Selective,Maintenance Services for O&M Radio System in SIL(E) and DRL,"Motorola Solutions Asia Pacific LimitedUnit 1904-07A, 19/FOne Harbourfront,18 Tak Fung Street,Hunghom, KowloonHong Kong",Not Applicable,"HK$10,793,005",24 Jun 2025,MTR_Tender_Jun25_table1.csv,2025,Jun25,https://www.mtr.com.hk/en/corporate/tenders/Jun25.html
M1276-24E,Selective,Maintenance Services for Mobile Telephone Communication System,"Huawei International Co., Limited26/F Tower 6The Gateway9 Canton RoadTsimshatsui, KowloonHong Kong",Not Applicable,"HK$16,580,888.91",30 Jun 2025,MTR_Tender_Jun25_table1.csv,2025,Jun25,https://www.mtr.com.hk/en/corporate/tenders/Jun25.html
M1301-24E,Selective,Maintenance Services for Unified Voice Recording System for MTR,"Verint Systems (Asia Pacific) LimitedRoom 5304-06, 53/FHopewell CentreNo. 183 Queen's Road EastWanChaiHong Kong",Not Applicable,"HK$5,017,632",30 Jun 2025,MTR_Tender_Jun25_table1.csv,2025,Jun25,https://www.mtr.com.hk/en/corporate/tenders/Jun25.html
Q107183,Selective,Provision of NDT and Welding Services for MTR Train Carbody and Bogie,"Wo Lee Green Solutions Limited1/F, 81-87 Tung Chau StreetTai Kok Tsui, KowloonHong Kong",1 Job,"HK$12,375,500",3 Jun 2025,MTR_Tender_Jun25_table1.csv,2025,Jun25,https://www.mtr.com.hk/en/corporate/tenders/Jun25.html
Q110495,Selective,"Term Contract for Provision of Design, Editorial and Artwork Production Services for Annual & Interim Reports","Yellow Creative (HK) LimitedUnit 2, 5/FVertical Square28 Heung Yip RoadWong Chuk HangHong Kong",3 Years,Not Disclosed,18 Jun 2025,MTR_Tender_Jun25_table1.csv,2025,Jun25,https://www.mtr.com.hk/en/corporate/tenders/Jun25.html
Q110635,Selective,"Term Contract for Provision of Event Management, Design and Production Services for MTR Corporate and Community Events","Multi-mind Creative Workshop (HK) LimitedFlat 12, 5/FLaurels Industrial Centre32 Tai Yau StreetSan Po Kong, KowloonHong Kong",2 Years,Not Disclosed,15 Jun 2025,MTR_Tender_Jun25_table1.csv,2025,Jun25,https://www.mtr.com.hk/en/corporate/tenders/Jun25.html
Q111864,Selective,Consultancy Services for Enhancement of Activity Green Facilities at LOHAS Park,"DLN Architects Limited46-47/F, Tower OneTimes SquareMatheson StreetCauseway BayHong Kong",Not Applicable,"HK$7,273,266",27 Jun 2025,MTR_Tender_Jun25_table1.csv,2025,Jun25,https://www.mtr.com.hk/en/corporate/tenders/Jun25.html
KH401-25E,Limited*,Enhancement of Signalling Monitoring System in HSR,"HollySys Transportation International LimitedRoom 17-20, 30/FOne Midtown11 Hoi Shing RoadTsuen Wan, New TerritoriesHong Kong",Not Applicable,"HK$68,198,892.98",22 May 2025,MTR_Tender_May25_table1.csv,2025,May25,https://www.mtr.com.hk/en/corporate/tenders/May25.html
Q106264,Selective,Provision of Engineering Service for Door Gear Refurbishment of Tung Chung Line K-train,"CRRC Changchun Railway Vehicles Co., Ltd.No. 435Qingyin RoadChangchun City, Jilin ProvincePostal Code 130062China",1 Job,"HK$7,679,040",13 May 2025,MTR_Tender_May25_table1.csv,2025,May25,https://www.mtr.com.hk/en/corporate/tenders/May25.html
Q108338 (1A & 1B),Selective,Provision of Term Security and Customer Service Personnel for Two International Finance Centre,"Megastrength Security Services Co. Ltd.18/F, 78 Hung To RoadKwun Tong, KowloonHong Kong",2 Years,Not Disclosed,16 May 2025,MTR_Tender_May25_table1.csv,2025,May25,https://www.mtr.com.hk/en/corporate/tenders/May25.html
K3175.B-25C,Selective,Concrete Sleeper Replacement for EAL (Phase 2 - Package B),Hop Yuen Construction Co.2/F Hop Yuen Centre171 Queen’s Road CentralCentralHong Kong,Not Applicable,"HK$63,594,000",22 Dec 2025,MTR_Tender_Dec25_table1.csv,2025,Dec25,https://www.mtr.com.hk/en/corporate/tenders/Dec25.html
K4336-24E,Selective,"IOBCS Provisions for TML C-Trains, SP-Trains and New Trains for TME(OI) and HSK(OI) Projects","Roctec Technology LimitedRoom 1502-4, 15/FKodak House II321 Java RoadNorth PointHong Kong",Not Applicable,"HK$20,348,000",3 Dec 2025,MTR_Tender_Dec25_table1.csv,2025,Dec25,https://www.mtr.com.hk/en/corporate/tenders/Dec25.html
LT008.01-24E,Selective,"Provision of Central CCTV Main Video Archive Platform at TUE(OI), SHD(OI), TME(OI), KTU(EAL)(OI)","iCON Business Systems LimitedUnit 1007-11, 10/FTins Enterprise Centre777 Lai Chi Kok RoadCheung Sha Wan, KowloonHong Kong",Not Applicable,"HK$10,080,000",10 Dec 2025,MTR_Tender_Dec25_table1.csv,2025,Dec25,https://www.mtr.com.hk/en/corporate/tenders/Dec25.html
"M1319-25E(Packages A2, B2 and E2)",Selective,"Maintenance Services for Platform Screen Doors and Automatic Platform Gates (Packages A2, B2 and E2)","Gilgen Nabtesco (Hong Kong) LimitedRoom 513, 5/FGlobal Gateway Tower63 Wing Hong StreetCheung Sha Wan, KowloonHong Kong",Not Applicable,"HK$106,000,000",12 Dec 2025,MTR_Tender_Dec25_table1.csv,2025,Dec25,https://www.mtr.com.hk/en/corporate/tenders/Dec25.html
M1319-25E(Packages C2 and D2),Selective,Maintenance Services for Platform Screen Doors and Automatic Platform Gates (Packages C2 and D2),"Faiveley Transport Far East Limited26/FCasey Aberdeen House38, Heung Yip RoadWong Chuk HangHong Kong",Not Applicable,"HK$37,088,626.56",12 Dec 2025,MTR_Tender_Dec25_table1.csv,2025,Dec25,https://www.mtr.com.hk/en/corporate/tenders/Dec25.html
Q106185,Selective,Provision of Catering Services for Staff Canteens (Package II & III),"Asia Pacific Catering Corporation Limited10/F, Café de Coral Centre5 Wo Shui StreetFo Tan, Shatin, New TerrritoriesHong Kong",3 Years,Not Disclosed,10 Dec 2025,MTR_Tender_Dec25_table1.csv,2025,Dec25,https://www.mtr.com.hk/en/corporate/tenders/Dec25.html
Q114052,Selective,"C2318.9 Overhaul of Power Transformers KBD D05, KBD T11, PRE D07 and PRE T06 on URL","Easy Telemax Engineering LimitedRoom 1210, 12/FYuen Long Trading Centre33 Wang Yip Street WestYuen Long, New TerritoriesHong Kong",1 Job,"HK$4,070,000",2 Dec 2025,MTR_Tender_Dec25_table1.csv,2025,Dec25,https://www.mtr.com.hk/en/corporate/tenders/Dec25.html
C9610-25C,Selective,Concrete Enhancement Works at MTR Tunnels/Platform Track,"Shun Yuen Construction Co LtdOffice 1, 6/FRykadan Capital Tower135 Hoi Bun RoadKwun Tong, KowloonHong Kong",1 Job,"HK$106,681,390",21 Aug 2025,MTR_Tender_Aug25_table1.csv,2025,Aug25,https://www.mtr.com.hk/en/corporate/tenders/Aug25.html
Q103850,Selective,Provision of Centralized Monitoring Platform for all URL SMS Stations & Provision of Infrastructure for Centralized Data Acquisition of URL SMS,"Afina Data Systems LimitedUnit 2307, 23/FBillion Trade Centre31 Hung To RoadKwun Tong, KowloonHong Kong",1 Job,"HK$6,495,647",1 Aug 2025,MTR_Tender_Aug25_table1.csv,2025,Aug25,https://www.mtr.com.hk/en/corporate/tenders/Aug25.html
Q110812,Selective,Data Studio Redundancy Server,"Huawei International Company Limited26/F, Tower 6The Gateway9 Canton RoadTsim Sha Tsui, KowloonHong Kong",1 Job,"HK$9,803,147",8 Aug 2025,MTR_Tender_Aug25_table1.csv,2025,Aug25,https://www.mtr.com.hk/en/corporate/tenders/Aug25.html
Q110867,Selective,Provision of General Workshop Items and Electrical & Electronic Items through e-Procurement Channel,"RS Components LtdSuite 1608, Level 16, Tower 1 Kowloon Commerce Centre51 Kwai Cheong RoadKwai Chung, New TerritoriesHong Kong",1 Job,"HK$25,969,298.82",20 Aug 2025,MTR_Tender_Aug25_table1.csv,2025,Aug25,https://www.mtr.com.hk/en/corporate/tenders/Aug25.html
Q111882,Selective,Provision of Wellness Platform to Employees,"Mercer (Hong Kong) Limited28/F, Devon House979 King's RoadQuarry BayHong Kong",3 Years,"HK$4,849,050",8 Aug 2025,MTR_Tender_Aug25_table1.csv,2025,Aug25,https://www.mtr.com.hk/en/corporate/tenders/Aug25.html
K3312-25C,Selective,LR Rail Replacement Works (Phase 2),"China Railway First Group Co., Ltd.A3-A6, 20/F, TML Tower3 Hoi Shing RoadTsuen Wan, New TerritoriesHong Kong",Not Applicable,"HK$53,991,988",15 Jul 2025,MTR_Tender_Jul25_table1.csv,2025,Jul25,https://www.mtr.com.hk/en/corporate/tenders/Jul25.html
M1308-24E,Selective,Maintenance Services for Operations Information Dissemination System for MTR,"Roctec Technology LimitedRoom 1502-1504, 15/FKodak House II321 Java RoadNorth PointHong Kong",Not Applicable,"HK$5,644,000",9 Jul 2025,MTR_Tender_Jul25_table1.csv,2025,Jul25,https://www.mtr.com.hk/en/corporate/tenders/Jul25.html
Q105549,Selective,Modification Works for TML C-Train Auxiliary Power Supply System,"Bright Sunlight LimitedNo. 05, 11/FAPEC PlazaNo. 49 Hoi Yuen RoadKwun Tong, KowloonHong Kong",1 Job,"HK$17,624,494.8",28 Jul 2025,MTR_Tender_Jul25_table1.csv,2025,Jul25,https://www.mtr.com.hk/en/corporate/tenders/Jul25.html
Q105958,Selective,"C7744 Provision of Data Server Systems for Performance & Health Monitoring Systems for TML-C, SP1900, URL-C & URL-K Trains","Huawei International Co. Limited26/F, Tower 6The Gateway9 Canton RoadTsim Sha Tsui, KowloonHong Kong",1 Job,"HK$7,030,928",22 Jul 2025,MTR_Tender_Jul25_table1.csv,2025,Jul25,https://www.mtr.com.hk/en/corporate/tenders/Jul25.html
Q110200 (A1),Selective,Provision of Mall Concierge Personnel to ELEMENTS,"Synergis Management Services Limited8/F, KT336334-336 Kwun Tong RoadKwun Tong, KowloonHong Kong",3 Years,Not Disclosed,18 Jul 2025,MTR_Tender_Jul25_table1.csv,2025,Jul25,https://www.mtr.com.hk/en/corporate/tenders/Jul25.html
Q110200 (B),Selective,Provision of Membership Concierge Personnel and Comprehensive Lounge Service Personnel to ELEMENTS,"Persolkelly Hong Kong Limited6/F, Tower 2The Gateway25 Canton RoadTsim Sha Tsui, KowloonHong Kong",3 Years,Not Disclosed,18 Jul 2025,MTR_Tender_Jul25_table1.csv,2025,Jul25,https://www.mtr.com.hk/en/corporate/tenders/Jul25.html
Q112526,Selective,Supply of Distilled Water and Water Dispenser,"Fountain Food Products Ltd3/F & 5/F6 Dai Li StreetTai Po Industrial EstateTai Po, New TerritoriesHong Kong",2 Years,"HK$9,216,767",31 Jul 2025,MTR_Tender_Jul25_table1.csv,2025,Jul25,https://www.mtr.com.hk/en/corporate/tenders/Jul25.html
Q112555,Selective,Renovation Works for Club Lounge and Toilet of ELEMENTS,"Success Base Engineering Limited18/F, Chevalier Commercial Centre8 Wang Hoi RoadKowloon Bay, KowloonHong Kong",Not Applicable,Not Disclosed,15 Jul 2025,MTR_Tender_Jul25_table1.csv,2025,Jul25,https://www.mtr.com.hk/en/corporate/tenders/Jul25.html
1520,Open,Trackwork and Overhead Line for TME & HSK,"CRFG-EEB Joint VentureC01-C05, 29/FTML Tower3 Hoi Shing RoadTsuen Wan, New TerritoriesHong Kong",1 Job,"HK$430,145,728",22 Jan 2025,MTR_Tender_Jan25_table1.csv,2025,Jan25,https://www.mtr.com.hk/en/corporate/tenders/Jan25.html
C5770-23E (A),Selective,Refurbishment of Escalators in MTR Stationsrackwork and Overhead Line for TME & HSK,"Sigma Elevator (HK) Limited30/F, AXA TowerLandmark East100 How Ming StreetKwun Tong, KowloonHong Kong",Not Applicable,"HK$265,373,104",24 Jan 2025,MTR_Tender_Jan25_table1.csv,2025,Jan25,https://www.mtr.com.hk/en/corporate/tenders/Jan25.html
M1256-22E,Selective,Maintenance Services for Mobile Telephone Communication System in Designated Stations along TML and EAL,"Huawei International Co. Limited26/F, Tower 6, The Gateway9 Canton RoadTsim Sha Tsui, KowloonHong Kong",Not Applicable,"HK$16,388,480",23 Jan 2025,MTR_Tender_Jan25_table1.csv,2025,Jan25,https://www.mtr.com.hk/en/corporate/tenders/Jan25.html
M1304-24E,Selective,Supply of Spare Parts for Lifts and Escalators and Maintenance Services for Lifts and Escalators  (Package A8a and A8b),"Hitachi Elevator Engineering Company (Hong Kong) Limited10/F, New East Ocean Centre9 Science Museum RoadEast Tsim Sha Tsui, KowloonHong Kong",Not Applicable,"HK$29,108,081.25",17 Jan 2025,MTR_Tender_Jan25_table1.csv,2025,Jan25,https://www.mtr.com.hk/en/corporate/tenders/Jan25.html
M1306-24E,Selective,Maintenance Services for Radio Distribution Network in SIL(E),"Boldyn Networks HK LimitedUnit 2101-05, 21/F6 Shing Yip Street,Kwun Tong, KowloonHong Kong",Not Applicable,"HK$394,972",17 Jan 2025,MTR_Tender_Jan25_table1.csv,2025,Jan25,https://www.mtr.com.hk/en/corporate/tenders/Jan25.html
Q102914,Selective,Provision of Automated Storage Facility for Train-Borne Air Conditioning Unit in PHD,"Pilot Solutions Asia LimitedUnit 7, 8/FNan Fung Commercial Centre19 Lam Lok StreetKowloon Bay, KowloonHong Kong",1 Job,"HK$2,400,000",3 Jan 2025,MTR_Tender_Jan25_table1.csv,2025,Jan25,https://www.mtr.com.hk/en/corporate/tenders/Jan25.html
Q106184,Selective,Provision of Maintenance Services for Corporate Vehicles,"Unionace Auto Body and Repair Co Ltd41E, Tin Ha RoadHung Shui Kiu, New TerritoriesHong Kong",1 Job,"HK$25,536,432",8 Jan 2025,MTR_Tender_Jan25_table1.csv,2025,Jan25,https://www.mtr.com.hk/en/corporate/tenders/Jan25.html
Q106236,Selective,Provision of Maintenance Service for Extra Low Voltage (ELV) Systems at MTR Malls,"ATAL Builidng Services Engineering LimitedATAL Tower47-51 Kwok Shui RoadKwai Chung, New TerritoriesHong Kong",3 Years,"HK$3,437,100",6 Jan 2025,MTR_Tender_Jan25_table1.csv,2025,Jan25,https://www.mtr.com.hk/en/corporate/tenders/Jan25.html
T0977-24C,Selective,Provision of Term Workers for Facility Maintenance,"Hop Yuen Construction Company2/F, Hop Yuen Centre171 Queen's RoadCentralHong Kong",1 Job,Not Applicable,20 Jan 2025,MTR_Tender_Jan25_table1.csv,2025,Jan25,https://www.mtr.com.hk/en/corporate/tenders/Jan25.html
C5043-25E,Selective,Replacement of AHUs and PAUs,"Shinryo Technical Services LimitedRoom 1805Wang Lung Industrial Building11 Lung Tak StreetTsuen Wan, New TerritoriesHong Kong",Not Applicable,"HK$188,200,800",5 Jan 2026,MTR_Tender_Jan26_table1.csv,2026,Jan26,https://www.mtr.com.hk/en/corporate/tenders/Jan26.html
C5945-25E,Selective,Replacement of Power Remote Control System Remote Terminal Units in URL (Phase 2),"Beijing HollySys Co., LtdNo. 2 Disheng Middle RoadBeijing Economic and Technological Development AreaP.R. China",1 Job,"HK$24,200,000",28 Jan 2026,MTR_Tender_Jan26_table1.csv,2026,Jan26,https://www.mtr.com.hk/en/corporate/tenders/Jan26.html
C8919-25E,Selective,Replacement of Trackside Main Cables and Signalling Apparatus Boxes in KTL and ISL,"C & S Smartsafe LimitedFlat B, 4/FKam Bun Industrial Building13-19 Kwai Wing RoadKwai Chung, New TerritoriesHong Kong",1 Job,"HK$17,311,135",14 Jan 2026,MTR_Tender_Jan26_table1.csv,2026,Jan26,https://www.mtr.com.hk/en/corporate/tenders/Jan26.html
Q106185,Selective,Provision of Catering Services for Staff Canteens (Package IV),"Asia Pacific Catering Corporation Limited10/F, Café de Coral Centre5 Wo Shui StreetFo Tan, Shatin, New TerrritoriesHong Kong",3 Years,Not Disclosed,14 Jan 2026,MTR_Tender_Jan26_table1.csv,2026,Jan26,https://www.mtr.com.hk/en/corporate/tenders/Jan26.html
Q114885,Selective,Term Contract for Provision of Printing Services for Annual and Interim Reports,"Asia One Printing Limited13/F, Asia One Tower8 Fung Yip StreetChai WanHong Kong",3 Years,Not Disclosed,23 Jan 2026,MTR_Tender_Jan26_table1.csv,2026,Jan26,https://www.mtr.com.hk/en/corporate/tenders/Jan26.html
Q115384,Selective,Provision of Train Components Washing Facilities Rental Service at MTR Depots,"Global Kleen HK Limited8 Kai Fong Yuen, Ping CheFanling, New TerritoriesHong Kong",1 Job,"HK$3,861,564",8 Jan 2026,MTR_Tender_Jan26_table1.csv,2026,Jan26,https://www.mtr.com.hk/en/corporate/tenders/Jan26.html
Q115412,Selective,Supply and Replacement of AHUs and PAUs for Investment Properties,"Shinryo Technical Services LimitedUnit 5, 18/FWang Lung Industrial Building11 Lung Tak StreetTsuen Wan, New TerritoriesHong Kong",1 Job,"HK$42,265,100",14 Jan 2026,MTR_Tender_Jan26_table1.csv,2026,Jan26,https://www.mtr.com.hk/en/corporate/tenders/Jan26.html
Q115667,Selective,Provision of Maintenance Services and Consumables for Mosquito Traps for Managed Properties,"Anti-Mosquito Pro LimitedUnit A, 1/FBold Win Industrial Building16-18 Wah Sing StreetKwai Chung, New TerritoriesHong Kong",Not Applicable,Not Applicable,28 Jan 2026,MTR_Tender_Jan26_table1.csv,2026,Jan26,https://www.mtr.com.hk/en/corporate/tenders/Jan26.html
Q119288,Selective,"Sale of Used Rails, Wheels and the Associated Miscellaneous Items","Yuen Hing Godown Co Ltd3/F Chuen Fung Bldg, Block B-C,188-192 Johnston Road, Wan Chai, Hong Kong",1 Year,Not Disclosed,05 Jun 2026,MTR_Tender_Jun26_table1.csv,2026,Jun26,https://www.mtr.com.hk/en/corporate/tenders/Jun26.html
Q118373,Selective,Supply of Leather Uniform Shoes,"Dr. Kong Footcare Limited14C, Vigor Industrial Building Phase 1, 49-53 Ta Chuen Ping Street, Kwai Chung, New Territories, Hong Kong",4 Years,Not Disclosed,09 Jun 2026,MTR_Tender_Jun26_table1.csv,2026,Jun26,https://www.mtr.com.hk/en/corporate/tenders/Jun26.html
Q117712,Selective,Provision of Term Concierge Personnel for Two International Finance Centre,"KOS International LimitedSuite 610, Ocean Centre, 5 Canton Road, Tsim Sha Tsui, Kowloon, Hong Kong",2 Years,Not Disclosed,18 Jun 2026,MTR_Tender_Jun26_table1.csv,2026,Jun26,https://www.mtr.com.hk/en/corporate/tenders/Jun26.html
Q119094,Selective,Provision of Technical / Engineering Service on Building Facilities in MTR Premises,"Persol Hong Kong Limited6/F., Tower 2, The Gateway, 25 Canton Road, Tsim Sha Tsui, Kowloon, Hong Kong",1 Years,Not Disclosed,23 Jun 2026,MTR_Tender_Jun26_table1.csv,2026,Jun26,https://www.mtr.com.hk/en/corporate/tenders/Jun26.html
Q119094,Selective,Provision of Technical / Engineering Service on Building Facilities in MTR Premises,"Persol Hong Kong Limited6/F., Tower 2, The Gateway, 25 Canton Road, Tsim Sha Tsui, Kowloon, Hong Kong",1 Years,Not Disclosed,23 Jun 2026,MTR_Tender_Jun26_table1.csv,2026,Jun26,https://www.mtr.com.hk/en/corporate/tenders/Jun26.html
Q116409,Selective,"Supply of Backup Control Panel and Equipment for Operation Training Platform, Station Control Room and Train Operator Monitor Interface","Wintech Corporation HK LimitedUnit H, 3/F, Everest Industrial Centre, 396 Kwun Tong Road, Kwun Tong, Kowloon, Hong Kong",1 Job,"HK$4,850,450",29 Jun 2026,MTR_Tender_Jun26_table1.csv,2026,Jun26,https://www.mtr.com.hk/en/corporate/tenders/Jun26.html
Q117889,Selective,Provision of Airport Express Line Shuttle (AES) Bus Service,"RushOwl (HK) LimitedRoom F, 4/F, Eaton House, 380 Nathan Road, Yau Ma Tei, Kowloon, Hong Kong",1 Job,"HK$17,343,340",30 Jun 2026,MTR_Tender_Jun26_table1.csv,2026,Jun26,https://www.mtr.com.hk/en/corporate/tenders/Jun26.html
"M1318-26E (Package A1,A2,B1, B2, C1)",Selective,Maintenance Services for AFA Systems and Wet Fire Services Systems,"Link-Foong Engineering Services LimitedUnit 11, 2/F, New Port Centre, Phase II, 116 Ma Tau Kok Road, To Kwa Wan, Kowloon, Hong Kong",1 Job,"HK$42,191,390.70",30 Jun 2026,MTR_Tender_Jun26_table1.csv,2026,Jun26,https://www.mtr.com.hk/en/corporate/tenders/Jun26.html
M1318-26E (Package C2),Selective,Maintenance Services for AFA Systems and Wet Fire Services Systems,"Wai Kong Fire Engineering Company LimitedUnit B11, 4/F, Block B, Tonic Industrial Centre,,19 Lam Hing Street, Kowloon Bay, Kowloon, Hong Kong",1 Job,"HK$7,282,127",30 Jun 2026,MTR_Tender_Jun26_table1.csv,2026,Jun26,https://www.mtr.com.hk/en/corporate/tenders/Jun26.html
K3175.A-25C,Selective,Concrete Sleeper Replacement for EAL (Phase 2 - Package A),"China Railway First Group Co., Ltd.A3-A6, 20/FTML Tower3 Hoi Shing RoadTsuen Wan, New TerritoriesHong Kong",Not Applicable,"HK$48,200,000",13 Feb 2026,MTR_Tender_Feb26_table1.csv,2026,Feb26,https://www.mtr.com.hk/en/corporate/tenders/Feb26.html
Q109550,Selective,"C6738, K2022 and K2023 Replacement of Air Compressor Plant in KBD, HTD Phase 3 and TMD","TYS Limited12/F Manhattan Centre8 Kwai Cheong RoadKwai Chung, New TerritoriesHong Kong",2 Jobs,"HK$2,865,000",13 Feb 2026,MTR_Tender_Feb26_table1.csv,2026,Feb26,https://www.mtr.com.hk/en/corporate/tenders/Feb26.html
Q114686,Selective,Term Contract for Provision of Recruitment Advertising Services,"Wilson Advertising Agency7/F, O.T.B. Building259-265 Des Voeux Road CentralHong Kong",3 Years,Not Disclosed,12 Feb 2026,MTR_Tender_Feb26_table1.csv,2026,Feb26,https://www.mtr.com.hk/en/corporate/tenders/Feb26.html
Q114692,Selective,"Provision of Desludging of Sump Pits, Grease Traps and Petrol Interceptors at MTR TML Stations and Premises","Environmental Services Solutions LimitedUnit 701Nanyang Plaza57 Hung To RoadKwun Tong, KowloonHong Kong",Not Applicable,"HK$3,587,200",10 Feb 2026,MTR_Tender_Feb26_table1.csv,2026,Feb26,https://www.mtr.com.hk/en/corporate/tenders/Feb26.html
Q115012,Selective,Provision of Engineering Services for New Rolling Stock Projects,"Bright Sunlight LimitedNo. 05, 11/FAPEC PlazaNo. 49 Hoi Yuen RoadKwun Tong, KowloonHong Kong",1 Job,"HK$5,802,354",13 Feb 2026,MTR_Tender_Feb26_table1.csv,2026,Feb26,https://www.mtr.com.hk/en/corporate/tenders/Feb26.html
Q111825,Selective,Supply and Installation of Frontend VA Sub-system with Equipment Housing at 60 Platforms in LRL,"Pilot Solutions Asia LimitedUnit 7, 8/F, Nan Fung Commercial Centre,19 Lam Lok Street,Kowloon Bay, Kowloon,Hong Kong",1 Job,"HK$6,100,000",27 Apr 2026,MTR_Tender_Apr26_table1.csv,2026,Apr26,https://www.mtr.com.hk/en/corporate/tenders/Apr26.html
Q111827,Selective,Term Contract for Provision of Engineering Services for Lift and Escalator Maintenance in MTR Stations,"TUV SUD Hong Kong Limited3F West Wing, Lakeside 2,10 Science Park West Avenue,Hong Kong Science Park,Shatin, New TerritoriesHong Kong",2 Years,"HK$2,833,440",10 Apr 2026,MTR_Tender_Apr26_table1.csv,2026,Apr26,https://www.mtr.com.hk/en/corporate/tenders/Apr26.html
Q115639,Selective,Operation and Management of Hung Hom Station Carpark,"Imperial Parking (Hong Kong) LimitedRoom 3113, 31/F, Metroplaza Tower 1, 223 Hing Fong Road, Kwai Fong, New TerritoriesHong Kong",1 Job,Not Discolsed,29 Apr 2026,MTR_Tender_Apr26_table1.csv,2026,Apr26,https://www.mtr.com.hk/en/corporate/tenders/Apr26.html
C8643.B-25E,Selective,Provision of Sprinklers of TWL Concourse at CEN,"Shimizu CorporationRoom 4313-4322, Tower One, Metroplaza223 Hing Fong Road,Kwai Fong, New Territories,Hong Kong",1 Job,"HK$32,805,212.88",27 Mar 2026,MTR_Tender_Mar26_table1.csv,2026,Mar26,https://www.mtr.com.hk/en/corporate/tenders/Mar26.html
K1106-24E,Selective,Asset Replacement of Network Time Synchronization System in Fo Tan Railway House (FTH),"Roctec Technology LimitedRoom 1502-1504, 15/FKodak House II, 321 Java Road,North Point,Hong Kong",1 Job,"HK$1,766,000",20 Mar 2026,MTR_Tender_Mar26_table1.csv,2026,Mar26,https://www.mtr.com.hk/en/corporate/tenders/Mar26.html
Q113929,Selective,Provision of Shuttle Bus Service for MTR Siu Ho Wan Depot,"Jackson Coach Hire Service LimitedFlat Q, G/F, Tai Foo House,6 Hong Cheung Street,Sai Wan Ho,Hong Kong",Not Applicable,"HK$6,444,000",24 Mar 2026,MTR_Tender_Mar26_table1.csv,2026,Mar26,https://www.mtr.com.hk/en/corporate/tenders/Mar26.html
Q116065,Selective,Supply of Uniform for Maintenance & M&SD Staff,"Angie International LimitedRoom B, 3/F, West Gate Tower,No.7 Wing Hong Street,Lai Chi Kok, KowloonHong Kong",3 Years,"HK$15,632,256.5",26 Mar 2026,MTR_Tender_Mar26_table1.csv,2026,Mar26,https://www.mtr.com.hk/en/corporate/tenders/Mar26.html
Q117335,Selective,Term Contract for Provision of Social Media and PR Agency Services for Branding Communication Campaigns,"Sinclair Communications Limited7/F, 299 QRC299 Queen's Road Central,Sheung Wan,Hong Kong",3 Years,Not Disclosed,31 Mar 2026,MTR_Tender_Mar26_table1.csv,2026,Mar26,https://www.mtr.com.hk/en/corporate/tenders/Mar26.html
2230,Selective,Ground Investigation for South Island Line (West),"Geotechnics & Concrete Engineering (Hong Kong) LimitedG/F, 2-8 Ko Shan RoadHung Hom, KowloonHong Kong",1 Job,"HK$45,140,141.00",29 Jul 2026,MTR_Tender_Jul26_table1.csv,2026,Jul26,https://www.mtr.com.hk/en/corporate/tenders/Jul26.html
K4276-25E (Q117805),Selective,Procurement of One Single-decker Electric Bus,"Alexander Dennis (Asia Pacific) LimitedUnit A-B, 9/F, YHC Tower1 Sheung Yuet RoadKowloon Bay, KowloonHong Kong",1 No.,"HK$3,738,888.00",16 Jul 2026,MTR_Tender_Jul26_table1.csv,2026,Jul26,https://www.mtr.com.hk/en/corporate/tenders/Jul26.html
Q116854,Selective,Term Contract for Replacement of Tunnel ECS Ductwork and Dampers,"China Railway Electrification Group (Hong Kong) LtdD5-D6A, 15/F, TML Tower3 Hoi Shing RoadTsuen Wan, New TerritoriesHong Kong",1 Job,Not Disclosed,27 Jul 2026,MTR_Tender_Jul26_table1.csv,2026,Jul26,https://www.mtr.com.hk/en/corporate/tenders/Jul26.html
Q118165,Selective,"Supply, Delivery and Installation of Steel Furniture","Innomobel Limited26/F, Greenwich Centre260 King's RoadFortress HillHong Kong",3 Year,"HK$5,091,495.00",01 Jul 2026,MTR_Tender_Jul26_table1.csv,2026,Jul26,https://www.mtr.com.hk/en/corporate/tenders/Jul26.html
Q118389,Selective,"Provision of Live Webcast, Audience Interaction & Event Management Service for Internal Communication Events","LUMI Asia LimitedUnit 2702, 27/FSkyline Tower39 Wang Kwong RoadKowloon Bay, KowloonHong Kong",1 Year,"HK$2,336,192.00",24 Jul 2026,MTR_Tender_Jul26_table1.csv,2026,Jul26,https://www.mtr.com.hk/en/corporate/tenders/Jul26.html
Q119437,Selective,Supply of L.P. Gas for Pat Heung Depot (PHD) Staff Canteen & Chai Wan Depot (CWD) Staff Canteen,"Chong Hing Hong Petroleum Products (Tsuen Wan) Co Ltd134 Chung On StreetTsuen Wan, New TerritoriesHong Kong",3 Years,"HK$1,223,380.00",16 Jul 2026,MTR_Tender_Jul26_table1.csv,2026,Jul26,https://www.mtr.com.hk/en/corporate/tenders/Jul26.html
Q107990,Selective,Provision of Underframe Inspection Robot for Rolling Stocks at PHD,"CRRC QINGDAO SIFANG CO., LTD.No. 88, Jinhondong Road, Chengyang District, Qingdao, China",1 Job,"HK$4,100,000",8 May 2026,MTR_Tender_May26_table1.csv,2026,May26,https://www.mtr.com.hk/en/corporate/tenders/May26.html
C7612.A-25E,Selective,Supply of Trackside Emergency Lightings (Batch 1),"CLPe Solutions Limited36/F, Asia Trade Centre, 79 Lei Muk Road, Kwai Chung, New Territories, Hong Kong",1 Job,"HK$2,532,445.74",11 May 2026,MTR_Tender_May26_table1.csv,2026,May26,https://www.mtr.com.hk/en/corporate/tenders/May26.html
C7612.B-25E,Selective,Replacement of Trackside Emergency Lightings (Batch 1),"ATAL Building Services Engineering Limited13/F., Island Place Tower, 510 King's Road, North Point, Hong Kong",1 Job,"HK$19,033,190",11 May 2026,MTR_Tender_May26_table1.csv,2026,May26,https://www.mtr.com.hk/en/corporate/tenders/May26.html
Q104659,Selective,Provision of Comprehensive Maintenance Service for the Lifts and Escalators at Designated MTR Malls,"Chevalier (HK) Limited (Package A6)22/F, Chevalier Commercial Centre, 8 Wang Hoi Road, Kowloon Bay, Kowloon, Hong Kong",5 Years,Not Disclosed,20 May 2026,MTR_Tender_May26_table1.csv,2026,May26,https://www.mtr.com.hk/en/corporate/tenders/May26.html
LT017.02-25E,Selective,"Provision of Data Studio Staging Server Cluster for TUE(OI), SHD(OI), TME(OI), KTU(EAL)(OI), HSK(OI)","NCSI (HK) Limited21/F, 1063 King's Road, Quarry Bay, Hong Kong",3 Years,Not Disclosed,22 May 2026,MTR_Tender_May26_table1.csv,2026,May26,https://www.mtr.com.hk/en/corporate/tenders/May26.html
Q110970,Selective,"Consultancy Services on Condition Assessment and Residual Life Analysis for OHL Assets in TWL, ISL and TKL","Atkinsrealis Asia Limited.13/F Wharf T&T Centre, Harbour City, Canton Road, Tsim Sha Tsui, Hong Kong",1 Job,"HK$4,743,700",26 May 2026,MTR_Tender_May26_table1.csv,2026,May26,https://www.mtr.com.hk/en/corporate/tenders/May26.html
Q114226,Selective,Partial Replacement of Essential Radio Distribution Network in A&T Lines,"Comba Telecom LimitedFlat/RM 606-7, Building 5W, HK Science Park, Tai Po, New Territories, Hong Kong",1 Job,"HK$3,250,000",26 May 2026,MTR_Tender_May26_table1.csv,2026,May26,https://www.mtr.com.hk/en/corporate/tenders/May26.html
Q111272,Selective,Provision of Compartment Covers and Cab Access Doors for Battery Electric Locomotives,"CRM (Hong Kong) Trading LimitedRoom 601-02, 6/F, New East Ocean Centre, 9 Science Museum Road, Tsim Sha Tsui, Kowloon,Hong Kong",1 Job,"HK$3,250,400",27 May 2026,MTR_Tender_May26_table1.csv,2026,May26,https://www.mtr.com.hk/en/corporate/tenders/May26.html
Q112121,Open,C3612 Provision of Radio Conversation Analysis System,"NEC Hong Kong Limite25/F The Metropolis Tower, 10 Metropolis Drive, Hung Hom, Kowloon, Hong Kong",1 Job,"HK$5,220,900",29 May 2026,MTR_Tender_May26_table1.csv,2026,May26,https://www.mtr.com.hk/en/corporate/tenders/May26.html
Q113616,Selective,K2079 Refurbishment of Saloon Air Conditioning Units for SP Trains,"BII Transit Systems (HK) Company Limited1601-08, Corporation Square, 8 Lam Lok Street, Kowloon Bay, Hong Kong",1 Job,"HK$56,106,360",29 May 2026,MTR_Tender_May26_table1.csv,2026,May26,https://www.mtr.com.hk/en/corporate/tenders/May26.html
